ad,interval,params,maliyet,total_return,sharpe,max_drawdown,trades,alfa,beta,alfa_t,exposure,total_costs,total_funding,avg_trade,win_rate,avg_bars,sure_s
t2_lead_lag_baz_5m_hepsi_w288_e4_t12_uzun,5m,"{""esik"": 4.0, ""islem"": [""BTCUSDT"", ""ETHUSDT"", ""SOLUSDT""], ""kaynak"": ""hepsi"", ""taraf"": ""uzun"", ""tur"": ""baz"", ""tut"": 12, ""win"": 288}",1.0,1.4216256370450506,1.4922471682706306,-0.23151772439261853,264,0.20239655830898748,-0.015868251703561976,3.6776491108145977,0.002210287052241075,0.1232,-0.00061782,0.0034185516103297678,0.6363636363636364,13.215909090909092,6.2
t2_lead_lag_baz_5m_hepsi_w288_e4_t48_uzun,5m,"{""esik"": 4.0, ""islem"": [""BTCUSDT"", ""ETHUSDT"", ""SOLUSDT""], ""kaynak"": ""hepsi"", ""taraf"": ""uzun"", ""tur"": ""baz"", ""tut"": 48, ""win"": 288}",1.0,2.4542215215833383,1.7203664645219128,-0.30662038095650734,258,0.2739078042676832,-0.013465014293865032,4.077523943930774,0.00810375235662592,0.12040000000000001,-0.0072535199999999985,0.004916046513073422,0.6666666666666666,49.58139534883721,2.4
t2_lead_lag_baz_5m_hepsi_w288_e5_t48_uzun,5m,"{""esik"": 5.0, ""islem"": [""BTCUSDT"", ""ETHUSDT"", ""SOLUSDT""], ""kaynak"": ""hepsi"", ""taraf"": ""uzun"", ""tur"": ""baz"", ""tut"": 48, ""win"": 288}",1.0,2.373812334117634,1.5011224408040182,-0.1924194602927789,189,0.2854968473213177,-0.025207597604477786,3.7527323843200935,0.005904868333029252,0.0882,-0.006250599999999999,0.006685921634302825,0.671957671957672,49.317460317460316,2.2
t2_lead_lag_baz_5m_hepsi_w288_e6_t12_uzun,5m,"{""esik"": 6.0, ""islem"": [""BTCUSDT"", ""ETHUSDT"", ""SOLUSDT""], ""kaynak"": ""hepsi"", ""taraf"": ""uzun"", ""tur"": ""baz"", ""tut"": 12, ""win"": 288}",1.0,1.1399728246143006,1.6011892187903545,-0.17338552639927507,159,0.1796164013065982,-0.019993095098153047,4.151572779683963,0.001269537189077419,0.0742,0.0005432566666666667,0.004801347562296884,0.6477987421383647,12.60377358490566,2.1
t2_lead_lag_baz_5m_hepsi_w288_e6_t48_uzun,5m,"{""esik"": 6.0, ""islem"": [""BTCUSDT"", ""ETHUSDT"", ""SOLUSDT""], ""kaynak"": ""hepsi"", ""taraf"": ""uzun"", ""tur"": ""baz"", ""tut"": 48, ""win"": 288}",1.0,2.043541101098161,1.530841957082014,-0.19241946029277923,156,0.2679275704332332,-0.03027253387942132,3.975006513676328,0.004831083135680837,0.07279999999999999,-0.005359253333333333,0.007372345905194709,0.6794871794871795,48.88461538461539,2.7
t2_lead_lag_baz_5m_kendi_w288_e4_t12_uzun,5m,"{""esik"": 4.0, ""islem"": [""BTCUSDT"", ""ETHUSDT"", ""SOLUSDT""], ""kaynak"": ""kendi"", ""taraf"": ""uzun"", ""tur"": ""baz"", ""tut"": 12, ""win"": 288}",1.0,1.6345609468318734,1.3267308528024895,-0.2085267421398317,727,0.18349296288608985,0.018952955967104158,2.657988998964417,0.015671562366964667,0.33926666666666666,-0.0037372866666666666,0.0013522640876039256,0.515818431911967,13.888583218707016,1.2
t2_lead_lag_baz_5m_kendi_w288_e4_t48_uzun,5m,"{""esik"": 4.0, ""islem"": [""BTCUSDT"", ""ETHUSDT"", ""SOLUSDT""], ""kaynak"": ""kendi"", ""taraf"": ""uzun"", ""tur"": ""baz"", ""tut"": 48, ""win"": 288}",1.0,2.7533151871292505,1.407173326966809,-0.2959814967884301,666,0.2541964624162701,0.02574796057058374,2.8261392825311944,0.05278461959496442,0.31079999999999997,-0.02093295333333333,0.002042033990323308,0.5630630630630631,52.373873873873876,1.7
t2_lead_lag_baz_5m_kendi_w288_e5_t12_uzun,5m,"{""esik"": 5.0, ""islem"": [""BTCUSDT"", ""ETHUSDT"", ""SOLUSDT""], ""kaynak"": ""kendi"", ""taraf"": ""uzun"", ""tur"": ""baz"", ""tut"": 12, ""win"": 288}",1.0,1.5205864942347747,1.5776295972690344,-0.17227021958568345,390,0.19265959009469394,-0.000643427766281001,3.53236879655821,0.007499391838472298,0.182,-0.0054769066666666665,0.0024014759122882477,0.5487179487179488,13.387179487179488,1.1
t2_lead_lag_baz_5m_kendi_w288_e5_t48_uzun,5m,"{""esik"": 5.0, ""islem"": [""BTCUSDT"", ""ETHUSDT"", ""SOLUSDT""], ""kaynak"": ""kendi"", ""taraf"": ""uzun"", ""tur"": ""baz"", ""tut"": 48, ""win"": 288}",1.0,2.474162235521839,1.4978408531411935,-0.23191817454917518,371,0.2623171867949817,0.0010066421013604887,3.3261767512492333,0.026396110807030346,0.1731333333333333,-0.02215954,0.0034127009993452145,0.5876010781671159,50.60646900269542,1.8
t2_lead_lag_baz_5m_kendi_w288_e6_t48_uzun,5m,"{""esik"": 6.0, ""islem"": [""BTCUSDT"", ""ETHUSDT"", ""SOLUSDT""], ""kaynak"": ""kendi"", ""taraf"": ""uzun"", ""tur"": ""baz"", ""tut"": 48, ""win"": 288}",1.0,2.3722302424589636,1.6166088024133562,-0.23303580190229312,260,0.26903906522566945,-0.012608422969770595,3.8189163537394255,0.01754165906464757,0.12133333333333332,-0.019539499999999994,0.004717600173662561,0.6384615384615384,49.69230769230769,1.2
t2_lead_lag_sv_5m_hepsi_k3_e4_t12_uzun,5m,"{""esik"": 4.0, ""islem"": [""BTCUSDT"", ""ETHUSDT"", ""SOLUSDT""], ""k"": 3, ""kaynak"": ""hepsi"", ""taraf"": ""uzun"", ""tur"": ""spot_vadeli"", ""tut"": 12}",1.0,0.9614311688404484,1.5347446299627034,-0.22338150745376018,165,0.1519091603441122,-0.011595745414947425,3.7724750327241456,0.0013341543513957308,0.077,0.0009924833333333333,0.0040895232247016924,0.6363636363636364,12.763636363636364,2.6
t2_lead_lag_sv_5m_hepsi_k3_e4_t36_uzun,5m,"{""esik"": 4.0, ""islem"": [""BTCUSDT"", ""ETHUSDT"", ""SOLUSDT""], ""k"": 3, ""kaynak"": ""hepsi"", ""taraf"": ""uzun"", ""tur"": ""spot_vadeli"", ""tut"": 36}",1.0,1.4094795709782773,1.6255377992836872,-0.30662038095650745,162,0.19117500432584583,-0.008203121946762914,3.820371032243444,0.0038029100529100527,0.0756,-0.0007709333333333324,0.0054695312450538545,0.6666666666666666,37.05555555555556,2.2
t2_lead_lag_sv_5m_hepsi_k3_e5_t12_uzun,5m,"{""esik"": 5.0, ""islem"": [""BTCUSDT"", ""ETHUSDT"", ""SOLUSDT""], ""k"": 3, ""kaynak"": ""hepsi"", ""taraf"": ""uzun"", ""tur"": ""spot_vadeli"", ""tut"": 12}",1.0,1.3447805255972125,1.2680983424787684,-0.15111375999518284,123,0.21292598131363435,-0.029212521804870883,3.405092131683735,0.000980660463419084,0.05739999999999999,0.0002,0.007184619539360213,0.6747967479674797,12.585365853658537,2.0
t2_lead_lag_sv_5m_hepsi_k3_e5_t36_uzun,5m,"{""esik"": 5.0, ""islem"": [""BTCUSDT"", ""ETHUSDT"", ""SOLUSDT""], ""k"": 3, ""kaynak"": ""hepsi"", ""taraf"": ""uzun"", ""tur"": ""spot_vadeli"", ""tut"": 36}",1.0,1.9729882232793412,1.1899466951552502,-0.15111375999518284,123,0.27606502011089223,-0.03650791987001294,3.1651778483027257,0.0028507571611019887,0.05739999999999999,-0.0014662333333333327,0.009485931572698364,0.6991869918699187,36.58536585365854,2.3
t2_lead_lag_sv_5m_hepsi_k6_e4_t12_uzun,5m,"{""esik"": 4.0, ""islem"": [""BTCUSDT"", ""ETHUSDT"", ""SOLUSDT""], ""k"": 6, ""kaynak"": ""hepsi"", ""taraf"": ""uzun"", ""tur"": ""spot_vadeli"", ""tut"": 12}",1.0,0.9271035696599512,1.3696023573010658,-0.15376845622555135,90,0.1484869063191784,-0.011053002762260618,3.3540908790017094,0.0007411968618865171,0.041999999999999996,0.00018044333333333334,0.007404776774992716,0.6777777777777778,13.0,2.3
t2_lead_lag_sv_5m_hepsi_k6_e5_t12_uzun,5m,"{""esik"": 5.0, ""islem"": [""BTCUSDT"", ""ETHUSDT"", ""SOLUSDT""], ""k"": 6, ""kaynak"": ""hepsi"", ""taraf"": ""uzun"", ""tur"": ""spot_vadeli"", ""tut"": 12}",1.0,0.7271763555770729,1.1518617961625088,-0.15231612494493596,63,0.12756985333708482,-0.011950684578022829,2.892839356989441,0.000507434774676154,0.0294,0.00014325666666666667,0.008812151882252376,0.6825396825396826,12.714285714285714,2.8
t2_lead_lag_sv_5m_hepsi_k6_e5_t36_uzun,5m,"{""esik"": 5.0, ""islem"": [""BTCUSDT"", ""ETHUSDT"", ""SOLUSDT""], ""k"": 6, ""kaynak"": ""hepsi"", ""taraf"": ""uzun"", ""tur"": ""spot_vadeli"", ""tut"": 36}",1.0,1.3452431022165205,1.2736622046508852,-0.15729418993033284,63,0.2094681683124571,-0.026273877957986802,3.3573080449411554,0.0014652891808064222,0.0294,-0.002905663333333333,0.014080181687650758,0.8253968253968254,36.714285714285715,2.5
t2_lead_lag_baz_15m_kendi_w192_e5_t8_uzun_limt2b2,15m,"{""esik"": 5.0, ""islem"": [""BTCUSDT"", ""ETHUSDT"", ""SOLUSDT""], ""kaynak"": ""kendi"", ""limit_bar"": 2, ""limit_bps"": 2.0, ""limit_mod"": ""tum"", ""taraf"": ""uzun"", ""tur"": ""baz"", ""tut"": 8, ""win"": 192}",1.0,1.0564526725313415,1.057012605376497,-0.19262153977816843,168,0.16696033165890792,-0.011575350007699518,2.566987950335621,0.006870324758255793,0.02756666666666667,-0.007961963333333334,0.0040699387309235426,0.5952380952380952,9.095238095238095,1.2
t2_lead_lag_baz_5m_hepsi_w288_e5_t12_uzun_limt2b2,5m,"{""esik"": 5.0, ""islem"": [""BTCUSDT"", ""ETHUSDT"", ""SOLUSDT""], ""kaynak"": ""hepsi"", ""limit_bar"": 2, ""limit_bps"": 2.0, ""limit_mod"": ""tum"", ""taraf"": ""uzun"", ""tur"": ""baz"", ""tut"": 12, ""win"": 288}",1.0,1.3714603791523468,1.6611962490692964,-0.17219602479315788,195,0.1980055752104368,-0.017330980700703734,4.154788680923239,0.0016059265340874537,0.032,-0.00030574666666666666,0.004110207897115815,0.6461538461538462,12.805128205128206,3.6
t2_lead_lag_baz_5m_kendi_w288_e6_t12_uzun_limt2b2,5m,"{""esik"": 6.0, ""islem"": [""BTCUSDT"", ""ETHUSDT"", ""SOLUSDT""], ""kaynak"": ""kendi"", ""limit_bar"": 2, ""limit_bps"": 2.0, ""limit_mod"": ""tum"", ""taraf"": ""uzun"", ""tur"": ""baz"", ""tut"": 12, ""win"": 288}",1.0,1.3175691962695626,1.5578123757249018,-0.17006216014942332,266,0.18625893964491264,-0.010687709223459014,3.7309652171234995,0.004876695250258469,0.043300000000000005,-0.0037825433333333325,0.0027409298121141416,0.575187969924812,13.236842105263158,2.9
t2_lead_lag_sv_5m_hepsi_k4_e4_t12_uzun_limt2b2,5m,"{""esik"": 4.0, ""islem"": [""BTCUSDT"", ""ETHUSDT"", ""SOLUSDT""], ""k"": 4, ""kaynak"": ""hepsi"", ""limit_bar"": 2, ""limit_bps"": 2.0, ""limit_mod"": ""tum"", ""taraf"": ""uzun"", ""tur"": ""spot_vadeli"", ""tut"": 12}",1.0,1.5296720035973257,1.3627332336088058,-0.15111375999518273,132,0.23022362862511564,-0.030893455298175995,3.6491931536684667,0.0010661831782521438,0.0216,0.00023718666666666666,0.0068967676133944245,0.7045454545454546,12.575757575757576,3.6
