name,market,interval,params,total_return,sharpe,max_drawdown,trades,alfa,beta,alfa_t,exposure,gross_pt_bps,net_pt_bps,cost_pt_bps,win,avg_bars,gross_total,cost_total,y2020,y2021,y2022,y2023,y2024,sec,leg_BTC,leg_ETH,leg_SOL,wo_best,p_value,win_rate,ret_2x,sharpe_2x
t2_emir_akisi_a3_artik_15m_n12_k2.5_h4,futures,15m,"{""L"": 2000, ""hold"": 4, ""k"": 2.5, ""kind"": ""akis_artik"", ""mode"": ""devam"", ""n"": 12}",-0.19557852572908163,-0.1893495020334574,-0.41041733480244125,3144,-0.02949410027404683,-0.0010070916335606743,-0.4063834993904142,0.10481663929939793,12.044442212870168,-1.9043439080747924,13.948786120944959,0.3657760814249364,6.847328244274809,1.352682475675829,1.4671999999999996,0.08425537124266924,-0.0120769556857242,0.005612288771702945,-0.028762497253825847,-0.23109454496992388,2.9,-0.4053645648651695,-0.49993912222253556,0.2627477972054115,-0.24133670225681814,0.6674,0.3657760814249364,-0.8146215899686116,-2.0047788469945984
t2_emir_akisi_a3_artik_15m_n12_k2.5_h8,futures,15m,"{""L"": 2000, ""hold"": 8, ""k"": 2.5, ""kind"": ""akis_artik"", ""mode"": ""devam"", ""n"": 12}",-0.09657591955224509,-0.01845045392281353,-0.3858850099466583,2969,-0.016516030576472867,0.011387726546312886,-0.19863578241100643,0.15806878306878308,13.14346206043335,-0.6949548794683907,13.838416939901741,0.39306163691478613,11.328393398450658,1.4109528406978793,1.385533333333333,0.007485435069455759,-0.05893461912412967,-0.008012460982780967,0.029548270549942357,-0.06700319063108684,1.6,-0.5217777469249567,-0.2224031080178448,0.28121893927450636,-0.1741535749514148,0.5148,0.39306163691478613,-0.7740761832197299,-1.5133658743523444
t2_emir_akisi_a3_artik_15m_n12_k2.5_h16,futures,15m,"{""L"": 2000, ""hold"": 16, ""k"": 2.5, ""kind"": ""akis_artik"", ""mode"": ""devam"", ""n"": 12}",0.23676628327010718,0.3002057651358222,-0.39278479847606407,2857,0.057291183234088695,0.007747980050223129,0.5797287172020591,0.24819832147418355,16.459205879857855,2.7505060793414473,13.708699800516408,0.41057052852642634,19.492474623731187,1.7000877844343962,1.3332666666666666,0.1134539173364042,0.14683309927057597,0.014644444624204889,-0.002336641729536737,-0.043208591699799626,1.6,-0.45717950565956933,0.2788805931657983,0.5283138262911731,0.1305643006029107,0.2464,0.41057052852642634,-0.6741484702077677,-0.9114696391942124
t2_emir_akisi_a3_artik_15m_n12_k2.5_h32,futures,15m,"{""L"": 2000, ""hold"": 32, ""k"": 2.5, ""kind"": ""akis_artik"", ""mode"": ""devam"", ""n"": 12}",-0.33775066049024505,-0.1624732414320364,-0.5210407205342631,2659,-0.0847678816252276,0.03470341932929062,-0.688022002565088,0.3876288542236818,9.82219768330469,-3.6135503420559503,13.43574802536064,0.4166980067694622,35.34449040992855,1.0237609969747998,1.2408666666666666,-0.1771069711209564,0.18594789234031595,-0.16524417278787829,0.009952852342589136,-0.19508136230428974,1.4,-0.8188998584948185,-0.725199334143354,1.5340956088974451,-0.3946184728064196,0.6666,0.4166980067694622,-0.8086367498533418,-1.0617447243456366
t2_emir_akisi_a3_artik_15m_n12_k3.0_h4,futures,15m,"{""L"": 2000, ""hold"": 4, ""k"": 3.0, ""kind"": ""akis_artik"", ""mode"": ""devam"", ""n"": 12}",0.8497661416999762,1.0446648365162272,-0.17085413014798434,1424,0.14421632153200933,-0.011944052091740766,2.582825499822322,0.04597701149425287,27.223917956484176,13.324664977119433,13.899252979364743,0.3967696629213483,6.491573033707865,1.3531911321323231,0.6645333333333333,0.07967474957326526,0.22275864325140105,0.19736902743675788,0.1142558134766618,0.05019564064653759,1.3,0.35734114552834706,0.08535740408419201,2.482369242223885,0.6775653337004899,0.0104,0.3967696629213483,-0.04839790402626376,-0.020449002315036702
t2_emir_akisi_a3_artik_15m_n12_k3.0_h8,futures,15m,"{""L"": 2000, ""hold"": 8, ""k"": 3.0, ""kind"": ""akis_artik"", ""mode"": ""devam"", ""n"": 12}",1.2549429743467,1.1160835554718764,-0.2035320171002134,1374,0.18814605716358807,-0.01218966180778343,2.694948353900176,0.07206714103265828,32.612822854082935,18.856190671739586,13.756632182343347,0.4315866084425036,10.77802037845706,1.5431759769972784,0.6412,0.03951109284511478,0.4129808129756216,0.19555422124833943,0.16850926029651458,0.09892672459177687,1.4,0.29902294476426117,0.7142026796330745,2.924369527179113,0.9965539907599781,0.0022,0.4315866084425036,0.18743004616114134,0.29712095447323456
t2_emir_akisi_a3_artik_15m_n12_k3.0_h16,futures,15m,"{""L"": 2000, ""hold"": 16, ""k"": 3.0, ""kind"": ""akis_artik"", ""mode"": ""devam"", ""n"": 12}",1.4700375360711369,0.9953902551815664,-0.20248156939087913,1339,0.21891708494630938,-0.016909990316461617,2.4420851534554195,0.11894499178981938,35.50881675202638,21.827001126792062,13.681815625234314,0.43764002987303957,18.892457057505602,1.642275632037117,0.6248666666666667,0.027246544607651524,0.5070100067357715,0.12640405910438224,0.25123453452774935,0.13208698748958492,1.4,0.08000537909949568,1.2026530741371273,3.4291302920549063,1.1116140276096211,0.004,0.43764002987303957,0.32208724708938963,0.37405526109129106
t2_emir_akisi_a3_artik_15m_n12_k3.0_h32,futures,15m,"{""L"": 2000, ""hold"": 32, ""k"": 3.0, ""kind"": ""akis_artik"", ""mode"": ""devam"", ""n"": 12}",1.076263365812884,0.7517598079982075,-0.292758940988035,1277,0.1674798601466464,0.002827550156659886,1.6449012830493426,0.19942756796205072,32.4716027104965,19.187178016226717,13.284424694269777,0.43539545810493346,34.7956147220047,1.4543846140848817,0.5959333333333333,-0.1671556640087728,0.8174470073506634,-0.022317300173678833,0.20718527274065246,0.1622110200174942,1.4,-0.1796685555263613,-0.12171737458995291,6.385198678158378,0.7749798471630132,0.038,0.43539545810493346,0.14387879240220136,0.2275370710231056
t2_emir_akisi_a3_artik_15m_n12_k3.5_h4,futures,15m,"{""L"": 2000, ""hold"": 4, ""k"": 3.5, ""kind"": ""akis_artik"", ""mode"": ""devam"", ""n"": 12}",1.1487114680490338,1.3934858358007354,-0.1270110307861948,644,0.17651879647456478,-0.01514616162375992,3.467874415278223,0.02004082284254698,50.670191461137314,36.790613282802624,13.879578178334684,0.42080745341614906,6.290372670807454,1.1213306616305667,0.3005333333333333,0.11786985381382764,0.3320860349175332,0.17709447894141284,0.1499559469169096,0.0660119072419727,1.1,0.2933591328541576,0.9997453318617724,2.306127982753944,0.9486808573601828,0.0002,0.42080745341614906,0.59099213593075,0.8842012055788273
t2_emir_akisi_a3_artik_15m_n12_k3.5_h8,futures,15m,"{""L"": 2000, ""hold"": 8, ""k"": 3.5, ""kind"": ""akis_artik"", ""mode"": ""devam"", ""n"": 12}",1.7384089277106658,1.4800177865776432,-0.12322269363851412,625,0.23535940391949045,-0.02135423373748067,3.7124097379002183,0.03216224229155264,63.69227080748953,50.327977471419594,13.364293336069927,0.4736,10.5312,1.360890762503022,0.29166666666666663,0.11602025350389522,0.5009390315659459,0.23279906248447868,0.15807940597952985,0.14507132774337772,1.3,0.6814325076026841,1.0191877805907463,4.029698914006247,1.424620637928765,0.0,0.4736,1.0456373615833052,1.0874686439306702
t2_emir_akisi_a3_artik_15m_n12_k3.5_h16,futures,15m,"{""L"": 2000, ""hold"": 16, ""k"": 3.5, ""kind"": ""akis_artik"", ""mode"": ""devam"", ""n"": 12}",1.7413668532908813,1.216793694504988,-0.1529594030543895,612,0.23973527327892097,-0.02084662522959775,3.028883214841843,0.05472883597883598,65.63784091709073,52.38520856586168,13.252632351229048,0.4803921568627451,18.637254901960784,1.3678292210097993,0.28559999999999997,0.07337735355001596,0.5821680027617551,0.17886482131119585,0.22541977560984905,0.11741176388549102,1.2,0.35411214449793826,1.341306799234153,4.0917405212957325,1.3435711472792602,0.0002,0.4803921568627451,1.0602915869047522,0.9029662309246209
t2_emir_akisi_a3_artik_15m_n12_k3.5_h32,futures,15m,"{""L"": 2000, ""hold"": 32, ""k"": 3.5, ""kind"": ""akis_artik"", ""mode"": ""devam"", ""n"": 12}",0.958501329723638,0.7757116030839507,-0.2595833807211021,582,0.14064444730188483,0.010267066125389674,1.5976235722019874,0.09567711184090494,49.740286485914915,37.3789734595331,12.361313026381811,0.4587628865979381,35.1254295532646,1.0234351489044364,0.2716,-0.03488302768840079,0.7033351620756048,-0.009613353891792187,0.11573357081600655,0.07814836717556917,0.9,0.5403011867987197,0.025741370321157975,2.3132417390522635,0.6743060866656501,0.022,0.4587628865979381,0.4926462676200829,0.5016736198802387
t2_emir_akisi_a3_artik_15m_n24_k2.5_h4,futures,15m,"{""L"": 2000, ""hold"": 4, ""k"": 2.5, ""kind"": ""akis_artik"", ""mode"": ""devam"", ""n"": 24}",0.179441162796542,0.29025448511257756,-0.3651013816373877,2038,0.03206401336205573,0.010688847806031477,0.4687782292544448,0.09079091406677614,16.36120020264941,2.6901764426693924,13.671023759980017,0.38812561334641804,9.030421982335623,1.2024065783957272,0.9510666666666666,0.1991483348220724,0.326693457528082,-0.09091932378152323,-0.065939683561547,-0.1269171916336289,1.3,-0.17985905031668759,0.7175937021523564,-0.17199618756073587,0.04739616626753129,0.2434,0.38812561334641804,-0.5444722916202414,-0.9546859088239655
t2_emir_akisi_a3_artik_15m_n24_k2.5_h8,futures,15m,"{""L"": 2000, ""hold"": 8, ""k"": 2.5, ""kind"": ""akis_artik"", ""mode"": ""devam"", ""n"": 24}",0.2734585765672912,0.38217050493300775,-0.3446920076266605,1839,0.05314888407687109,0.006713902143809768,0.7447462836774705,0.1261517058930852,17.698414640024897,4.218899951367879,13.479514688657014,0.40184883088635126,14.230016313213703,1.2021412480144074,0.8582,0.03009334143763609,0.5474809198361805,-0.005353583015004659,-0.08921820773022615,-0.1181395260959528,1.2,-0.3158690482326092,1.0634003678407846,-0.02373202230176974,0.16908222915600346,0.1944,0.40184883088635126,-0.46025658311107354,-0.6946728309159578
t2_emir_akisi_a3_artik_15m_n24_k2.5_h16,futures,15m,"{""L"": 2000, ""hold"": 16, ""k"": 2.5, ""kind"": ""akis_artik"", ""mode"": ""devam"", ""n"": 24}",0.51171015369775,0.4885133859327225,-0.3251953516697419,1741,0.07781800204910401,0.0243662604291148,0.8044963974198981,0.18754561211457763,21.476671572257697,8.247979946781546,13.22869162547615,0.42619184376794944,23.128087306145893,1.3481737445311621,0.8124666666666666,0.002650539146034081,0.8751758186343932,-0.09892025997679244,-0.0157202157102585,-0.09344291991510878,1.7,0.15852151051692065,1.0916819198700778,-0.1530670924730515,0.3444598991299508,0.104,0.42619184376794944,-0.3292964814966206,-0.2617937853506864
t2_emir_akisi_a3_artik_15m_n24_k2.5_h32,futures,15m,"{""L"": 2000, ""hold"": 32, ""k"": 2.5, ""kind"": ""akis_artik"", ""mode"": ""devam"", ""n"": 24}",0.2531556980234546,0.30664522163143054,-0.4194331962901816,1663,-0.013212703272154526,0.08296042323876593,-0.11356787957077873,0.29029260171501553,18.95689034695641,5.875439438149746,13.081450908806664,0.4630186410102225,39.601322910402885,1.1683492347167002,0.7760666666666667,-0.1398309971055095,0.7007088706052733,-0.15452731375525253,-0.0062183921311163015,0.019531694122800314,1.2,0.04687866324870815,0.10399598859232317,-0.16063636330131026,0.1652203869792892,0.1884,0.4630186410102225,-0.42340851614812713,-0.27308693527087724
t2_emir_akisi_a3_artik_15m_n24_k3.0_h4,futures,15m,"{""L"": 2000, ""hold"": 4, ""k"": 3.0, ""kind"": ""akis_artik"", ""mode"": ""devam"", ""n"": 24}",1.0482336744464953,1.2376577050882394,-0.13018527343447062,912,0.16003327063451964,-0.008425696039109917,2.9428905145903657,0.039961913884327675,37.96084633396022,24.21219673618415,13.74864959777607,0.42872807017543857,8.718201754385966,1.1967269333245216,0.4256,0.18721731786782358,0.26043895017517404,0.12866544125801016,0.18991103727463488,0.019172609052978684,1.4,0.32320088422812243,0.7763511796242946,2.002397662704186,0.8189225252649526,0.0002,0.42872807017543857,0.3381864702652242,0.5422453521061608
t2_emir_akisi_a3_artik_15m_n24_k3.0_h8,futures,15m,"{""L"": 2000, ""hold"": 8, ""k"": 3.0, ""kind"": ""akis_artik"", ""mode"": ""devam"", ""n"": 24}",0.946338255421806,1.07079077401358,-0.15952806835621358,852,0.14474099096856358,-0.002839810688645618,2.4437834157405565,0.05691821747856231,37.45313832145073,24.29332181307512,13.15981650837561,0.44835680751173707,13.481220657276996,1.1217484490384004,0.3975999999999999,0.1651519163059556,0.4007543586349538,0.017565153975468872,0.14379880988626992,0.02461784607068429,1.0,0.3355673734411422,0.7958270694758112,1.4243848435887978,0.7233116116193847,0.0032,0.44835680751173707,0.3076960590242077,0.471550131643802
t2_emir_akisi_a3_artik_15m_n24_k3.0_h16,futures,15m,"{""L"": 2000, ""hold"": 16, ""k"": 3.0, ""kind"": ""akis_artik"", ""mode"": ""devam"", ""n"": 24}",1.6752938422655412,1.272688166168485,-0.17608134747621418,817,0.21484278590719802,-0.0046656003620899715,2.9120574315419008,0.08792305236270753,50.5569116799328,37.89413524671634,12.662776433216465,0.46878824969400246,22.19706242350061,1.4312293042958837,0.38126666666666664,0.23753000420031856,0.6016869392208815,0.060560652215349675,0.15914245566052498,0.09790760953070476,1.0,0.945099515664112,1.5692863012145968,1.8283060241413458,1.2985857919519432,0.0004,0.46878824969400246,0.8270909370550401,0.8137408928391142
t2_emir_akisi_a3_artik_15m_n24_k3.0_h32,futures,15m,"{""L"": 2000, ""hold"": 32, ""k"": 3.0, ""kind"": ""akis_artik"", ""mode"": ""devam"", ""n"": 24}",0.46949917064109314,0.46677767108290374,-0.4157605452576485,794,0.033968877488228244,0.05786433682673415,0.3604405199324879,0.14341018974639663,29.475194644782146,17.078541638553478,12.396653006228666,0.491183879093199,38.46599496221663,0.8431781221420771,0.3705333333333333,-0.01826056170259316,0.5469921754831892,-0.18582439430082942,0.11621680218968056,0.06467816876784904,1.1,0.4204590242221269,0.06481072542107214,0.33477266074488266,0.3103948638918914,0.083,0.491183879093199,0.014372257156589408,0.12275754706584867
t2_emir_akisi_a3_artik_15m_n24_k3.5_h4,futures,15m,"{""L"": 2000, ""hold"": 4, ""k"": 3.5, ""kind"": ""akis_artik"", ""mode"": ""devam"", ""n"": 24}",0.9103884315527653,1.2732390342079885,-0.10977163223000475,431,0.13184769795267914,0.0023909332692372788,2.7823278999585397,0.017754515599343185,59.60479101170772,46.071523249585475,13.53326776212224,0.4385150812064965,8.213457076566126,0.889760608664885,0.20113333333333333,0.174735330801443,0.1464459703421861,0.15124770642473306,0.1554356396608345,0.06638375256187157,1.2,0.5658904505452698,0.6859374645490923,1.328081444260222,0.717321092126064,0.0,0.4385150812064965,0.5623626754039932,0.9044706841550023
t2_emir_akisi_a3_artik_15m_n24_k3.5_h8,futures,15m,"{""L"": 2000, ""hold"": 8, ""k"": 3.5, ""kind"": ""akis_artik"", ""mode"": ""devam"", ""n"": 24}",0.829932839113662,1.1499304832380077,-0.12170248383021831,405,0.12035016217960665,0.005374518040388291,2.4414720410364614,0.02561690384966247,58.56252896143194,45.75966781698937,12.802861144442565,0.4641975308641975,12.85925925925926,0.8379018606716686,0.18899999999999997,0.18436691426018448,0.18257184154741446,0.07069627358102792,0.1263199770853931,0.08341107848166351,1.2,0.9779006872096503,0.6847846747125463,0.5637811627986422,0.6177463285014391,0.0,0.4641975308641975,0.5148223922466726,0.8121888546680516
t2_emir_akisi_a3_artik_15m_n24_k3.5_h16,futures,15m,"{""L"": 2000, ""hold"": 16, ""k"": 3.5, ""kind"": ""akis_artik"", ""mode"": ""devam"", ""n"": 24}",0.962911127266618,1.191537311979067,-0.13383234508263142,388,0.13860218551527603,0.0025311875633606752,2.6033664528655693,0.04031540777230432,65.80932719629533,53.46597120369654,12.343355992598783,0.4793814432989691,21.54123711340206,0.9066796191908802,0.18106666666666665,0.17960449014841373,0.21281173476298054,0.11573223537755273,0.15603091538409464,0.06375447556621916,1.4,1.2650671565132865,0.6566025661106472,0.6534414876460606,0.7435321263721937,0.0,0.4793814432989691,0.6378522274720053,0.8911807977578463
t2_emir_akisi_a3_artik_15m_n24_k3.5_h32,futures,15m,"{""L"": 2000, ""hold"": 32, ""k"": 3.5, ""kind"": ""akis_artik"", ""mode"": ""devam"", ""n"": 24}",0.39243389330763345,0.47588629723001935,-0.28907979201798417,376,0.04489661304337948,0.030296442894820846,0.6041550083537756,0.06743180988870644,40.585030076846685,29.248185779765834,11.336844297080853,0.4867021276595745,38.119680851063826,0.5644661197959585,0.17546666666666666,0.09893306690790715,0.17844251355738594,-0.11843100542719553,0.13269620375144853,0.0767755618405781,1.1,1.673297185283391,0.19481421550367517,-0.36176527988323337,0.19891197014059991,0.097,0.4867021276595745,0.16837854741741354,0.26693809738188506
t2_emir_akisi_a3_artik_15m_n48_k2.5_h4,futures,15m,"{""L"": 2000, ""hold"": 4, ""k"": 2.5, ""kind"": ""akis_artik"", ""mode"": ""devam"", ""n"": 48}",-0.11015642610878695,-0.020531428788937864,-0.4543607372369355,1420,-0.05042036779330639,0.04031421687638411,-0.5736833749022732,0.08518632548804962,12.426731127500258,-0.9677787384547978,13.394509865955056,0.41338028169014085,12.12605633802817,0.6223949370996894,0.6626666666666666,0.11489032492185469,0.3100707804434768,-0.2607756222658437,0.0032912397531053017,-0.1785455986297888,1.8,-0.2028870053130024,-0.05264717407452768,-0.3450800003260449,-0.24160380492767008,0.5372,0.41338028169014085,-0.5414092038830629,-0.6855971094805402
t2_emir_akisi_a3_artik_15m_n48_k2.5_h8,futures,15m,"{""L"": 2000, ""hold"": 8, ""k"": 2.5, ""kind"": ""akis_artik"", ""mode"": ""devam"", ""n"": 48}",-0.24009548699377914,-0.10855093825423959,-0.4434656170098501,1206,-0.08616161141020195,0.05262647736532809,-0.826025296608003,0.10945197044334976,10.46641575498117,-2.8460124353238103,13.312428190304981,0.417910447761194,18.65257048092869,0.3826100330667682,0.5628,-0.02371155500778932,0.23078958020624385,-0.2529477115086439,-0.03736158964350478,-0.12060725841503095,1.4,-0.5330179818817271,-0.2871333293740268,-0.12069763372591369,-0.3271712831324939,0.6452,0.417910447761194,-0.5672125816778444,-0.5849609155538116
t2_emir_akisi_a3_artik_15m_n48_k2.5_h16,futures,15m,"{""L"": 2000, ""hold"": 16, ""k"": 2.5, ""kind"": ""akis_artik"", ""mode"": ""devam"", ""n"": 48}",-0.24973048765730532,-0.10029749604821109,-0.502216900408925,1073,-0.07983870726681008,0.04766505033898691,-0.7215699109534913,0.14994982667396461,8.744274046363737,-4.252748855026754,12.99702290139049,0.43336439888164024,29.409133271202236,0.3268010459959865,0.5007333333333333,-0.03842877663122701,0.3250528013217229,-0.27606523146621165,-0.058712775988101984,-0.13586607109785898,1.4,-0.34792943555399747,-0.3323080313596316,-0.39674385005464763,-0.355375916484296,0.6288,0.43336439888164024,-0.5453358308053771,-0.5018542869262551
t2_emir_akisi_a3_artik_15m_n48_k2.5_h32,futures,15m,"{""L"": 2000, ""hold"": 32, ""k"": 2.5, ""kind"": ""akis_artik"", ""mode"": ""devam"", ""n"": 48}",-0.17260178094530831,-0.0019968161969527586,-0.49808539673767893,1000,-0.07943238573621159,0.068635897674846,-0.6750237263453785,0.21855614851304506,10.07393191894085,-2.5326491251915604,12.60658104413241,0.473,47.728,0.4130855267862127,0.4666666666666667,0.05319545304885809,0.24968535063254027,-0.2615128425629961,-0.029655695796734438,-0.12272426065529662,1.2,-0.13733444208290957,-0.07045890550592304,-0.6093361188078839,-0.24803942907261045,0.5006,0.473,-0.4812194168090389,-0.3508728786796149
t2_emir_akisi_a3_artik_15m_n48_k3.0_h4,futures,15m,"{""L"": 2000, ""hold"": 4, ""k"": 3.0, ""kind"": ""akis_artik"", ""mode"": ""devam"", ""n"": 48}",0.1096488433782774,0.23647089667552254,-0.21430532142172798,609,0.004034167584757475,0.020275767342758513,0.07860453436454748,0.03444854953475643,18.899933458115555,5.525149031203754,13.374784426911802,0.41707717569786534,11.392446633825944,0.4484474546967981,0.2842,0.1423519212927662,0.12368736788351198,-0.10282160550100794,0.07141653483436583,-0.10070330216910917,1.1,0.123326655553192,0.03128777595447452,-0.047829900238216094,-0.0024942927245875657,0.2528,0.41707717569786534,-0.16489150791463392,-0.2536196459746683
t2_emir_akisi_a3_artik_15m_n48_k3.0_h8,futures,15m,"{""L"": 2000, ""hold"": 8, ""k"": 3.0, ""kind"": ""akis_artik"", ""mode"": ""devam"", ""n"": 48}",0.1916809249799183,0.3093334211220812,-0.17871785365606285,540,0.01969023488307807,0.02268372238027626,0.2991188527107133,0.04552659186279876,24.16376994320354,11.214683360532597,12.949086582670942,0.44814814814814813,17.135185185185186,0.49340865172508275,0.252,0.16687472765936495,0.07757864707189754,-0.07226562615443499,0.1006389403685457,-0.07184981680927194,1.4,0.5060749766059496,0.01629511936545036,-0.140252981665707,0.05350174603414426,0.1494,0.44814814814814813,-0.07378623070883628,-0.03107422485309396
t2_emir_akisi_a3_artik_15m_n48_k3.0_h16,futures,15m,"{""L"": 2000, ""hold"": 16, ""k"": 3.0, ""kind"": ""akis_artik"", ""mode"": ""devam"", ""n"": 48}",0.015139452811993692,0.10884714794250176,-0.2756268746720969,501,-0.019503326317925708,0.03375439651656671,-0.24828336172154955,0.06509989053092502,18.36454892951629,5.592688017158622,12.771860912357665,0.4530938123752495,26.7125748502994,0.3217309175874293,0.23379999999999998,0.13252348864162466,0.005109369220545279,-0.16644054011926412,0.16495474438049662,-0.08162610923829283,1.1,0.6161890025173133,-0.24456987486797233,-0.3701021226546224,-0.09831462864533702,0.3556,0.4530938123752495,-0.19651372714569726,-0.15497147222240926
t2_emir_akisi_a3_artik_15m_n48_k3.0_h32,futures,15m,"{""L"": 2000, ""hold"": 32, ""k"": 3.0, ""kind"": ""akis_artik"", ""mode"": ""devam"", ""n"": 48}",-0.09193107101123188,0.032443086327970896,-0.325668858530048,475,-0.06373858631425396,0.06189250152006716,-0.6379950192963377,0.10034665207079001,12.760569527210222,0.6072580094290879,12.153311517781136,0.4610526315789474,44.30105263157895,0.21204867570973499,0.22166666666666665,0.023820287997205147,-0.026540520962843872,-0.15490261113103254,0.23457456942190658,-0.12672079325265284,1.4,0.1345627813259207,-0.2366701814733544,-0.4105328729467296,-0.21813544333421309,0.4592,0.4610526315789474,-0.2724794638906892,-0.1622481456243323
t2_emir_akisi_a3_artik_15m_n48_k3.5_h4,futures,15m,"{""L"": 2000, ""hold"": 4, ""k"": 3.5, ""kind"": ""akis_artik"", ""mode"": ""devam"", ""n"": 48}",0.22829517898962837,0.5351166947911389,-0.16860966459930204,277,0.033980641724726285,0.009080422902150088,0.9166064160845366,0.014972176610107645,35.23455667802576,21.866261069595293,13.368295608430463,0.4729241877256318,10.913357400722022,0.370888933142076,0.12926666666666664,0.1004166979014871,0.07820438933286589,-0.024453833541817405,0.08615455624827906,-0.02297646582226598,1.2,0.525955890758276,-0.026256553309435438,0.08423649312273618,0.11146354310792206,0.0954,0.4729241877256318,0.07936947656349869,0.22444913836940583
t2_emir_akisi_a3_artik_15m_n48_k3.5_h8,futures,15m,"{""L"": 2000, ""hold"": 8, ""k"": 3.5, ""kind"": ""akis_artik"", ""mode"": ""devam"", ""n"": 48}",0.12764929454681462,0.2835269932475484,-0.25024622940841024,254,0.009763010607627924,0.01701506124040166,0.2124197732070667,0.020092136471446816,27.442267158117968,14.613429241810625,12.828837916307343,0.4409448818897638,16.10236220472441,0.27682327193406564,0.11853333333333332,0.10435247277299609,0.09804256361815078,-0.1382865310885224,0.08154328808974398,-0.0022071630643338835,1.5,0.7178153919217909,-0.1829981946229522,-0.12939453844305482,0.018577361622496236,0.2466,0.4409448818897638,0.0016352266098522694,0.055052755845704536
t2_emir_akisi_a3_artik_15m_n48_k3.5_h16,futures,15m,"{""L"": 2000, ""hold"": 16, ""k"": 3.5, ""kind"": ""akis_artik"", ""mode"": ""devam"", ""n"": 48}",0.03288172774197995,0.119478464131279,-0.30953990197672643,226,-0.009286957766929766,0.02225674399515533,-0.15317778157905668,0.02927157453019522,19.5503935626586,8.147966704423851,11.402426858234746,0.45132743362831856,26.5,0.17734030184446745,0.10546666666666665,0.10650334801464556,0.11354558135293247,-0.21929217779453647,0.08703074223721874,-0.012221643344878519,1.1,0.9839538842600284,-0.3271657995936247,-0.3306099033492721,-0.06889788616052772,0.3778,0.45132743362831856,-0.07048284814679928,-0.034626169587179956
t2_emir_akisi_a3_artik_15m_n48_k3.5_h32,futures,15m,"{""L"": 2000, ""hold"": 32, ""k"": 3.5, ""kind"": ""akis_artik"", ""mode"": ""devam"", ""n"": 48}",-0.18247407768977764,-0.1544294633889015,-0.4151945745604123,215,-0.08188331686969781,0.0489004299127296,-1.1305868932490446,0.04589719029374202,-8.458340030890518,-18.95396300569284,10.495622974802323,0.4372093023255814,44.11162790697674,-0.058665527886352556,0.10033333333333332,0.026513897662777897,0.012743863595160443,-0.3024402167663761,0.1398054290432975,-0.01093479667739039,1.5,0.11560253541189769,-0.40301403795249435,-0.36462180600197336,-0.2927466478620957,0.6476,0.4372093023255814,-0.2605102376719819,-0.2748303708644321
t2_emir_akisi_a3_artik_5m_n36_k2.5_h12,futures,5m,"{""L"": 2000, ""hold"": 12, ""k"": 2.5, ""kind"": ""akis_artik"", ""mode"": ""devam"", ""n"": 36}",-0.4184038875232893,-0.5165771944038257,-0.45322863875770647,4266,-0.07533845717787933,-0.015020803570469211,-0.9394839811550785,0.14160661071580613,10.548718928905616,-3.424350275907715,13.973069204813331,0.3769338959212377,20.6727613689639,1.5888211753389456,1.9905666666666666,-0.1059356003832771,-0.1651628080851918,0.003222620317045566,-0.09113024106246359,-0.14542155403574297,5.8,-0.8231552241655543,-0.5187034501196836,0.5410545341942117,-0.4995149421694257,0.8688,0.3769338959212377,-0.9205920489927915,-2.7262596535306565
t2_emir_akisi_a3_artik_5m_n36_k2.5_h24,futures,5m,"{""L"": 2000, ""hold"": 24, ""k"": 2.5, ""kind"": ""akis_artik"", ""mode"": ""devam"", ""n"": 36}",0.009213787375824234,0.12154469846278303,-0.3955605218157304,4045,0.06151845396871423,-0.028021710687802612,0.5715400162031561,0.2114159520768716,14.862241402605939,0.9846450817161815,13.877596320889756,0.4064276885043263,33.90852904820766,2.060808906626942,1.887433333333333,-0.015665208662925978,-0.2195715797712432,0.35581615116210186,-0.05330904843605211,0.02352447884686959,3.5,-0.7775371838820481,-0.13051138678081353,2.130992960901473,-0.15368294664059867,0.4024,0.4064276885043263,-0.847232462673023,-1.4472995526260173
t2_emir_akisi_a3_artik_5m_n36_k2.5_h48,futures,5m,"{""L"": 2000, ""hold"": 48, ""k"": 2.5, ""kind"": ""akis_artik"", ""mode"": ""devam"", ""n"": 36}",0.41798856999087963,0.37551835921140475,-0.37275603388062484,3898,0.13132606104933728,-0.019322706479025852,1.0094976557115007,0.32708067262664964,17.59124134377747,3.6767449377746417,13.914496406002826,0.4281682914315033,57.95715751667522,2.393385533398292,1.8188333333333333,0.06648949890531708,0.12685878441632314,0.3202597052416294,-0.13642320676794906,0.03487124606350411,4.4,-0.6638915229887754,0.21282161305107805,2.3394767494974005,0.16798943755615459,0.1972,0.4281682914315033,-0.7701156845040494,-0.8788168988257394
t2_emir_akisi_a3_artik_5m_n36_k3.0_h12,futures,5m,"{""L"": 2000, ""hold"": 12, ""k"": 3.0, ""kind"": ""akis_artik"", ""mode"": ""devam"", ""n"": 36}",0.268184510246154,0.4127531068431743,-0.2231561298708894,1955,0.08598211326185637,-0.02573125578993668,1.4196881076818912,0.0628439913641063,18.02768515642245,4.059736126653065,13.967949029769384,0.39232736572890026,19.3156010230179,1.243342135425861,0.9123333333333332,-0.011165238947680733,0.214023026373672,-0.026917606784224946,0.06940915250758573,0.015168852004487476,3.0,-0.35252414097594353,-0.0583590396144279,1.661895745092576,0.12585045947470053,0.1728,0.39232736572890026,-0.49076452028663486,-0.9314962765453855
t2_emir_akisi_a3_artik_5m_n36_k3.0_h24,futures,5m,"{""L"": 2000, ""hold"": 24, ""k"": 3.0, ""kind"": ""akis_artik"", ""mode"": ""devam"", ""n"": 36}",1.0815633309723416,0.8156734800732575,-0.2095852542993356,1879,0.21452189326049056,-0.04304161610041028,2.3999138102318187,0.09863809827890288,26.71612016742307,12.79171527500842,13.92440489241465,0.42841937200638636,32.23416711016498,1.720279447782909,0.8768666666666667,-0.011069043344762886,0.3137230533558817,0.2601098538817106,0.10850244785853014,0.1470299862698119,2.8,-0.10152133856156242,0.7307068019480099,3.3104301701534853,0.7764150318189726,0.0182,0.42841937200638636,-0.13396464218815118,-0.05259158558060142
t2_emir_akisi_a3_artik_5m_n36_k3.0_h48,futures,5m,"{""L"": 2000, ""hold"": 48, ""k"": 3.0, ""kind"": ""akis_artik"", ""mode"": ""devam"", ""n"": 36}",1.18239756330965,0.7480613910629277,-0.1967891095810338,1851,0.23262218310797037,-0.04374645147504829,2.1510854403695787,0.16279153743234204,28.099794199611228,14.1689117669109,13.930882432700328,0.43327930848190166,55.90815775256618,1.7785423289493159,0.8637999999999998,-0.08721884170858363,0.3137933353250082,0.32929857126361495,0.14955115908937233,0.1909384180908078,2.6,-0.29931247564102037,1.1355103979634698,3.6908248727119197,0.7938280208511221,0.0268,0.43327930848190166,-0.0800838621672868,0.038581900168054524
t2_emir_akisi_a3_artik_5m_n36_k3.5_h12,futures,5m,"{""L"": 2000, ""hold"": 12, ""k"": 3.5, ""kind"": ""akis_artik"", ""mode"": ""devam"", ""n"": 36}",0.9564978945193725,1.0697247566143173,-0.15111375999518273,924,0.1655080075648175,-0.02007211973954105,2.7929526864086944,0.0278594994830627,36.80160927440365,22.875852324585523,13.92575694981813,0.39935064935064934,18.02056277056277,1.1780829857902835,0.4311999999999999,0.047203785668272547,0.45768654137737785,0.08234797672164196,0.11191121082199307,0.06499365086975706,3.4,-0.06562852953385367,0.303562871478265,4.255362429219942,0.7369113371983798,0.0016,0.39935064935064934,0.2713376942712926,0.42794796181552414
t2_emir_akisi_a3_artik_5m_n36_k3.5_h24,futures,5m,"{""L"": 2000, ""hold"": 24, ""k"": 3.5, ""kind"": ""akis_artik"", ""mode"": ""devam"", ""n"": 36}",1.737465145922859,1.1341682408181295,-0.15111375999518284,894,0.2590968731941939,-0.03644085522773926,3.053345342950578,0.045309934318555005,49.57773765394863,35.63434161692743,13.943396037021206,0.4597315436241611,30.75950782997763,1.5135200361730854,0.41719999999999996,0.03517509756887405,0.707185149758264,0.2146188293816229,0.14043410855742144,0.11826298755575726,3.2,0.12403951868682261,0.7580266522128261,7.502163153744769,1.3361644404190836,0.0002,0.4597315436241611,0.8039035853645726,0.7059653360253499
t2_emir_akisi_a3_artik_5m_n36_k3.5_h48,futures,5m,"{""L"": 2000, ""hold"": 48, ""k"": 3.5, ""kind"": ""akis_artik"", ""mode"": ""devam"", ""n"": 36}",1.803840233157859,0.9959347893964181,-0.15111375999518273,888,0.2736373655492192,-0.03906366672506779,2.682555071934481,0.07800051693729855,52.07318902316008,38.35163512092914,13.721553902230946,0.4560810810810811,54.33896396396396,1.5465163424125645,0.41439999999999994,0.011037380004837782,0.7325369886097417,0.24482926359987278,0.11472879321789264,0.15351840191937005,3.4,-0.10093088932656602,0.8229052132566699,9.498936437667881,1.264287671975349,0.0016,0.4560810810810811,0.852803456371273,0.6399232538203248
t2_emir_akisi_a3_artik_5m_n72_k2.5_h12,futures,5m,"{""L"": 2000, ""hold"": 12, ""k"": 2.5, ""kind"": ""akis_artik"", ""mode"": ""devam"", ""n"": 72}",-0.14510948405851198,-0.12344872579303774,-0.2233165586848096,2797,-0.01142422206728454,-0.0068577056421921245,-0.16302377933064494,0.12187937116098035,12.281524469693275,-1.5784200984689385,13.859944568162213,0.38648552020021454,26.49803360743654,1.2447027477002426,1.3050333333333333,-0.04208262303657617,0.058396443332499715,-0.04382829537472621,-0.06445328532265904,-0.05738855195823789,4.1,-0.6146937242546817,0.39550916104523104,-0.18509346579631514,-0.19903396142742447,0.62,0.38648552020021454,-0.7682495409994943,-1.7940494199157542
t2_emir_akisi_a3_artik_5m_n72_k2.5_h24,futures,5m,"{""L"": 2000, ""hold"": 24, ""k"": 2.5, ""kind"": ""akis_artik"", ""mode"": ""devam"", ""n"": 72}",-0.0422557111753572,0.05038291836565721,-0.23571751642207817,2524,0.03095289812012876,-0.01831741495751471,0.35244015188480654,0.16858997749802349,13.829283455383738,0.0014114192107036836,13.827872036173035,0.40530903328050716,41.90689381933439,1.2510273622443706,1.1776333333333333,-0.07721818451131945,0.06727096481746409,0.07440631054675007,-0.04934505020043167,-0.04789601172410807,3.6,-0.5185603151162818,0.09887213606437939,0.0820963925682987,-0.12822711867894476,0.4684,0.40530903328050716,-0.7050764123350091,-1.154346225156633
t2_emir_akisi_a3_artik_5m_n72_k2.5_h48,futures,5m,"{""L"": 2000, ""hold"": 48, ""k"": 2.5, ""kind"": ""akis_artik"", ""mode"": ""devam"", ""n"": 72}",-0.035543369255423785,0.0879062110278298,-0.31953099553935704,2378,0.047538353713848194,-0.022643635115056616,0.4345312830577047,0.24863353706744512,14.52404663000938,0.8121157628236453,13.711930867185734,0.4268292682926829,68.70437342304457,1.2152094424457274,1.1095,-0.05315312691562013,0.09066498368166132,-0.056168141320182885,0.026782279872450854,-0.0363072624771118,4.0,-0.3481341260224017,-0.14255793072345324,-0.08118403268921515,-0.15102635933558373,0.428,0.4268292682926829,-0.6820690212427819,-0.8218746344899267
t2_emir_akisi_a3_artik_5m_n72_k3.0_h12,futures,5m,"{""L"": 2000, ""hold"": 12, ""k"": 3.0, ""kind"": ""akis_artik"", ""mode"": ""devam"", ""n"": 72}",0.6728282194165043,0.8261126033224367,-0.14777401552918168,1338,0.1356488851239813,-0.02107458552190706,2.261037031836638,0.05305069026333394,26.074142157235876,12.21105674386604,13.863085413369836,0.3976083707025411,23.446188340807176,1.194780068267944,0.6243999999999998,0.11481740737013602,0.2759728697519577,0.049919086638857024,0.06585988086839323,0.05087296122256113,3.2,-0.019361828595375608,1.0515313786655822,0.9043217666345358,0.4273257047132555,0.0232,0.3976083707025411,-0.1040820982783689,-0.10107257101308835
t2_emir_akisi_a3_artik_5m_n72_k3.0_h24,futures,5m,"{""L"": 2000, ""hold"": 24, ""k"": 3.0, ""kind"": ""akis_artik"", ""mode"": ""devam"", ""n"": 72}",0.8643900113946288,0.8182932571694078,-0.15279601781192786,1236,0.17460700765657255,-0.0323416749710726,2.347071345470622,0.07741896247643375,30.04279492968605,16.297340547648833,13.745454382037218,0.4215210355987055,37.810679611650485,1.2610541349066176,0.5768,0.13721281757733506,0.3171765436053464,0.07927809856022949,0.10362305390623261,0.0449533562047133,3.2,0.42093672467032106,2.1956357515325737,0.1210507909343157,0.5389609092338032,0.0186,0.4215210355987055,0.047212667779500395,0.1320045281212933
t2_emir_akisi_a3_artik_5m_n72_k3.0_h48,futures,5m,"{""L"": 2000, ""hold"": 48, ""k"": 3.0, ""kind"": ""akis_artik"", ""mode"": ""devam"", ""n"": 72}",0.9721196768349591,0.7637836211422371,-0.22119355751664416,1189,0.1935996731841435,-0.03441044259602363,2.1613528782496014,0.12209602870522411,32.858737423298216,19.256516801629893,13.602220621668323,0.4440706476030278,63.57106812447435,1.311282854128002,0.5548666666666666,0.18485246896598673,0.4566085681823251,-0.03536054592429505,0.14862518469781683,0.031294669650796525,3.6,0.606715481392512,2.4503098996585324,0.0025650591701598113,0.566874782512625,0.0218,0.4440706476030278,0.1322974938867172,0.21447027065401086
t2_emir_akisi_a3_artik_5m_n72_k3.5_h12,futures,5m,"{""L"": 2000, ""hold"": 12, ""k"": 3.5, ""kind"": ""akis_artik"", ""mode"": ""devam"", ""n"": 72}",1.1750082329887959,1.2655855446467048,-0.11545649143407988,619,0.19498663325225868,-0.027861748256789942,3.4296898629553394,0.02214088061789211,53.22263268372216,39.33846301193312,13.884169671789037,0.44264943457189015,20.888529886914377,1.1083529357237956,0.2888666666666666,0.03198393805085531,0.5534963277560803,0.056835887087439474,0.139228653394746,0.1268322926247767,2.3,0.3489177562575434,1.5190512393776636,1.6609848535852594,0.8558063062749628,0.0,0.44264943457189015,0.6295173130108176,0.8279072386826262
t2_emir_akisi_a3_artik_5m_n72_k3.5_h24,futures,5m,"{""L"": 2000, ""hold"": 24, ""k"": 3.5, ""kind"": ""akis_artik"", ""mode"": ""devam"", ""n"": 72}",1.434290265017467,1.1369135391511145,-0.13564414779859357,588,0.22960662617197952,-0.03435478785154608,3.105041940326028,0.03386509456911756,61.71072668549512,48.126524555483385,13.58420213001173,0.445578231292517,34.285714285714285,1.207700657821578,0.2744,0.04869426770274887,0.7017835884936428,0.07684961871915785,0.17033720394956142,0.0823134796048759,2.3,0.5280896551039393,1.8648476614574125,1.8215220234314446,1.0093851268747844,0.0,0.445578231292517,0.8503554490706968,0.8164176567398996
t2_emir_akisi_a3_artik_5m_n72_k3.5_h48,futures,5m,"{""L"": 2000, ""hold"": 48, ""k"": 3.5, ""kind"": ""akis_artik"", ""mode"": ""devam"", ""n"": 72}",0.9346695091864814,0.7850644940397549,-0.1553240749331677,571,0.18610133763024406,-0.03404623585594469,2.2413246887391884,0.05610860244480934,51.991303432548,38.68859609806651,13.302707334481491,0.44308231173380036,59.576182136602455,0.9789877415957834,0.26646666666666663,0.1050286364401034,0.49989494779491217,-0.0005103281756759781,0.15953245268409377,0.007189508700493175,2.9,0.6161172590880462,1.320552357895382,0.5813387158040204,0.5371201362918416,0.014,0.44308231173380036,0.48228540960263433,0.5033601045907983
t2_emir_akisi_a3_artik_5m_n144_k2.5_h12,futures,5m,"{""L"": 2000, ""hold"": 12, ""k"": 2.5, ""kind"": ""akis_artik"", ""mode"": ""devam"", ""n"": 144}",0.26061021627840764,0.3937283948579226,-0.3188622290569232,2060,0.0680748586622812,-0.010271441454477925,1.0642257385203577,0.11642112144985708,17.030289222660947,3.3077225253212443,13.722566697339701,0.42524271844660194,33.49126213592233,1.2829505045000358,0.9613333333333333,0.04766961333891029,0.4209642816918855,-0.1257113554231869,0.06256961503186043,-0.08849074466246709,3.2,-0.32805231598084894,0.031698998592933014,0.9902851112530942,0.1810938971578695,0.1724,0.42524271844660194,-0.518066982642862,-0.9537533997677562
t2_emir_akisi_a3_artik_5m_n144_k2.5_h24,futures,5m,"{""L"": 2000, ""hold"": 24, ""k"": 2.5, ""kind"": ""akis_artik"", ""mode"": ""devam"", ""n"": 144}",0.3634299285189635,0.43398424680083647,-0.3047521628853952,1804,0.08868302738622683,-0.009923181677642749,1.1119608578636433,0.15166218147539987,19.247350791286237,5.572607078387875,13.674743712898362,0.442350332594235,51.0,1.2580197395238844,0.8418666666666665,-0.02196633328621289,0.4628953203540731,-0.0747768545231916,0.07662957997454511,-0.04335023035544694,3.3,-0.23480998298034095,0.30971185788246847,0.6376823341397162,0.24104236499598986,0.1368,0.442350332594235,-0.41257735242926064,-0.5132961480164991
t2_emir_akisi_a3_artik_5m_n144_k2.5_h48,futures,5m,"{""L"": 2000, ""hold"": 48, ""k"": 2.5, ""kind"": ""akis_artik"", ""mode"": ""devam"", ""n"": 144}",0.2307088657224503,0.2932691582467456,-0.26171613458316256,1635,0.06989180611505216,-0.0028692366019673577,0.6865449464432325,0.21143305661983822,18.80668391650567,5.311845591217984,13.494838325287686,0.45688073394495415,81.25443425076453,1.096761657492538,0.7629999999999999,-0.0526815717241188,0.38235242404259484,-0.1109863368242644,0.17163765437985012,-0.09772524015784867,3.8,-0.3209923224175911,0.2860569995233273,0.24093435403658114,0.08334512203387501,0.204,0.45688073394495415,-0.42624125164457616,-0.3795590790759221
t2_emir_akisi_a3_artik_5m_n144_k3.0_h12,futures,5m,"{""L"": 2000, ""hold"": 12, ""k"": 3.0, ""kind"": ""akis_artik"", ""mode"": ""devam"", ""n"": 144}",1.5398348385055387,1.4933311262013356,-0.11187760753928677,969,0.22289739512517845,-0.024921820371068094,3.867984804191753,0.04739668856048167,43.610286917637445,29.78009114832859,13.830195769308855,0.43550051599587203,28.309597523219814,1.4388101368741615,0.45219999999999994,0.23108737170667393,0.4409879957958587,0.14984896596850716,0.23798596608929845,0.00577240574650606,3.5,0.4227435150516199,1.4567323391542368,2.839521890265045,1.1670913418651465,0.0,0.43550051599587203,0.6159010907515095,0.8059367403302744
t2_emir_akisi_a3_artik_5m_n144_k3.0_h24,futures,5m,"{""L"": 2000, ""hold"": 24, ""k"": 3.0, ""kind"": ""akis_artik"", ""mode"": ""devam"", ""n"": 144}",1.9890506343730037,1.4361077418695987,-0.11202853531264012,865,0.2644546618407461,-0.029298845147600096,3.7105348530958873,0.0650352733686067,53.644485090286004,39.993728208404974,13.650756881881032,0.4682080924855491,44.358381502890175,1.5580621546888378,0.4036666666666666,0.15262702218137592,0.6144860626975708,0.24826222070947823,0.23194924003023942,0.044507431520806495,3.2,0.5715391963980985,2.0997018295084513,3.347968259816138,1.4673121256316803,0.0002,0.4682080924855491,0.9963218948631958,0.9415298765800316
t2_emir_akisi_a3_artik_5m_n144_k3.0_h48,futures,5m,"{""L"": 2000, ""hold"": 48, ""k"": 3.0, ""kind"": ""akis_artik"", ""mode"": ""devam"", ""n"": 144}",1.5788398835721429,1.0732447052216016,-0.1333611086453742,810,0.23795891410647588,-0.027800581279609375,2.784009243348099,0.0965760505990391,51.515641500789044,38.23346175276538,13.28217974802366,0.4679012345679012,72.02716049382715,1.3921848930026521,0.3779999999999999,0.19811147183562317,0.568929204331486,0.10880373522532327,0.26198248160680304,-0.019571791500150093,3.5,0.4766713904988007,2.3223335126563525,1.6199032558979964,1.0489218931134574,0.0008,0.4679012345679012,0.7671560256782441,0.6826243454174088
t2_emir_akisi_a3_artik_5m_n144_k3.5_h12,futures,5m,"{""L"": 2000, ""hold"": 12, ""k"": 3.5, ""kind"": ""akis_artik"", ""mode"": ""devam"", ""n"": 144}",0.9094630741247742,1.1119987726293699,-0.08615596067919085,423,0.16103486217853244,-0.02173495819741355,2.9660033205257434,0.018512817004196314,61.546269640127704,47.69869154934208,13.847578090785623,0.4444444444444444,24.591016548463358,0.8822159864168796,0.1974,0.07139292121581153,0.4107130957018812,0.0867089060792181,0.1739423399805089,-0.00970679069495295,3.1,1.0139737622547238,0.4729365378875965,1.067543659035766,0.6292322763718876,0.0,0.4444444444444444,0.5675297177962453,0.7952815386013812
t2_emir_akisi_a3_artik_5m_n144_k3.5_h24,futures,5m,"{""L"": 2000, ""hold"": 24, ""k"": 3.5, ""kind"": ""akis_artik"", ""mode"": ""devam"", ""n"": 144}",1.2286751750443656,1.1285618095129557,-0.08736796874014674,393,0.20654326691973932,-0.0315932058429283,3.0982858348518554,0.02678001277139208,78.68792803033321,65.0511777162456,13.63675031408762,0.46564885496183206,38.81679389312977,1.024764398008737,0.18339999999999998,0.0613918338651549,0.522259844124797,0.17465709148702335,0.17816878385962687,-0.0033019105498862666,3.2,0.7735228445753097,0.7885784753120648,2.0184204293480876,0.8396601316306342,0.0002,0.46564885496183206,0.8553875095485013,0.890849346104144
t2_emir_akisi_a3_artik_5m_n144_k3.5_h48,futures,5m,"{""L"": 2000, ""hold"": 48, ""k"": 3.5, ""kind"": ""akis_artik"", ""mode"": ""devam"", ""n"": 144}",1.548022472791434,1.1105124555229646,-0.1063949589755806,376,0.24560316747082406,-0.0388751818193936,3.0738807882608365,0.04213799185063553,93.8309746087389,80.56770996567974,13.26326464305916,0.4867021276595745,65.05053191489361,1.155366886931033,0.17546666666666663,0.08651693949593597,0.6647558484366258,0.20336908769659345,0.2128004883103103,-0.03477627358812996,2.9,1.0692332166209009,1.2699706271773121,1.964805018823668,1.0244370586575076,0.0,0.4867021276595745,1.1381474436506402,0.9208134899214728
t2_emir_akisi_a3_uyum_15m_n12_k2.5_h2,futures,15m,"{""L"": 2000, ""hold"": 2, ""k"": 2.5, ""kind"": ""uyumsuzluk"", ""mode"": ""devam"", ""n"": 12}",1.320757413173805,0.9181054520908807,-0.33008585786248956,2152,0.1640800586856562,0.021874362738345872,1.7821290402941294,0.047510718846925745,26.3345534671936,12.479421931585629,13.855131535607972,0.4986059479553903,5.1714684014869885,2.021807029782961,1.0042666666666666,0.3677115623920306,1.0750432011148576,-0.046088621123116624,-0.04992649610256095,-0.0977168453367604,2.3,0.15660096495725906,1.4143086277067893,1.7279651489607408,1.1517647710483527,0.0044,0.4986059479553903,-0.14999698314691334,-0.060137166508790446
t2_emir_akisi_a3_uyum_15m_n12_k2.5_h4,futures,15m,"{""L"": 2000, ""hold"": 4, ""k"": 2.5, ""kind"": ""uyumsuzluk"", ""mode"": ""devam"", ""n"": 12}",1.1847176133993953,0.8490005311726835,-0.2921960473346563,1927,0.15253327932721827,0.021751656179563334,1.6326384468563666,0.06430167852581646,26.69660723144575,12.958128500051819,13.738478731393931,0.4862480539699014,7.91022314478464,1.8802150216692681,0.8992666666666665,0.4090861960146732,0.8245778189822306,-0.021169600131469846,-0.04785741463943827,-0.08822869519624854,1.3,0.15941976886623244,0.9832611967693694,1.5584978387582398,1.0269635138330044,0.0114,0.4862480539699014,-0.11123354783595396,-0.013266567950543762
t2_emir_akisi_a3_uyum_15m_n12_k2.5_h8,futures,15m,"{""L"": 2000, ""hold"": 8, ""k"": 2.5, ""kind"": ""uyumsuzluk"", ""mode"": ""devam"", ""n"": 12}",1.1230270693847615,0.7457526494868322,-0.2749383304125439,1805,0.1293177254478424,0.043110711180648784,1.2152378518728133,0.09341931216931217,27.120886738868435,13.803648727924823,13.317238010943612,0.49806094182825483,12.448753462603879,1.8258961956719548,0.8423333333333333,0.05787807541371426,0.6555087935346477,0.1462682231462804,-0.04429951491660056,0.10657375004430181,1.6,-0.30335150394572163,1.6637593305511897,1.5527158400458547,0.8855416227380486,0.0282,0.49806094182825483,-0.0857625145799985,0.04221008616636261
t2_emir_akisi_a3_uyum_15m_n12_k3.0_h2,futures,15m,"{""L"": 2000, ""hold"": 2, ""k"": 3.0, ""kind"": ""uyumsuzluk"", ""mode"": ""devam"", ""n"": 12}",1.9583826994335638,1.2075902802940544,-0.3064602270145136,1192,0.21415899845639255,0.018407206054922187,2.4583252642168567,0.025605500821018062,42.109876307049454,28.252007061174066,13.857869245875385,0.5486577181208053,5.207214765100671,1.7811065904081955,0.5562666666666667,0.37644710005307336,0.9283338978391269,-0.0438768554827097,0.028907695004929845,0.13298026960554488,1.6,0.9248364192071854,2.2572512021630544,1.7867165555752726,1.7429595337215584,0.0004,0.5486577181208053,0.6962408849905359,0.647166246291264
t2_emir_akisi_a3_uyum_15m_n12_k3.0_h4,futures,15m,"{""L"": 2000, ""hold"": 4, ""k"": 3.0, ""kind"": ""uyumsuzluk"", ""mode"": ""devam"", ""n"": 12}",2.518176875616695,1.4088023380599854,-0.22391842229662917,1077,0.2609933101140003,0.007045781996097075,3.048983280226283,0.03447705710636745,49.69776024382931,36.00403338427433,13.693726859554983,0.5385329619312906,7.883936861652739,1.921580364144226,0.5025999999999999,0.44409263378642305,1.0252498374178267,0.04082471352628114,0.05271019067602167,0.09788686262082802,1.2,1.1329942833346642,1.6767088977915847,3.877601498515414,2.264136343456282,0.0002,0.5385329619312906,1.128352591959501,0.897367780566974
t2_emir_akisi_a3_uyum_15m_n12_k3.0_h8,futures,15m,"{""L"": 2000, ""hold"": 8, ""k"": 3.0, ""kind"": ""uyumsuzluk"", ""mode"": ""devam"", ""n"": 12}",2.253638474340069,1.3040091754954541,-0.23197076381598014,1014,0.24413040244246337,0.008921060569509011,2.7931237263256783,0.05011631089217296,49.52987067896294,36.30172549129034,13.228145187672599,0.5374753451676528,12.3767258382643,1.842738448909196,0.47319999999999995,0.15799224264844702,1.2580255860931122,0.0642682222775981,0.04450964142578728,0.11936374955412421,2.0,0.6592867686612309,2.6553641642827768,2.3057255520526927,1.9818408802746652,0.0024,0.5374753451676528,1.0269891758214573,0.8300845341132082
t2_emir_akisi_a3_uyum_15m_n12_k3.5_h2,futures,15m,"{""L"": 2000, ""hold"": 2, ""k"": 3.5, ""kind"": ""uyumsuzluk"", ""mode"": ""devam"", ""n"": 12}",2.8725122304329687,1.8630161091476543,-0.2053358609080681,758,0.272083716588501,0.008470795767212715,4.015797269586322,0.015964240102171137,68.72788650326345,55.029837987288715,13.698048515974728,0.6134564643799473,5.059366754617415,1.814100844705925,0.35373333333333334,0.32718866259295143,0.6996839670492541,0.3063273429369733,0.09481680917593827,0.20032398209257352,1.8,0.7845741312826728,3.5896525961070775,4.0483089074757785,2.623300135784367,0.0,0.6134564643799473,1.7190662716405614,1.4340339421057884
t2_emir_akisi_a3_uyum_15m_n12_k3.5_h4,futures,15m,"{""L"": 2000, ""hold"": 4, ""k"": 3.5, ""kind"": ""uyumsuzluk"", ""mode"": ""devam"", ""n"": 12}",3.659492602180566,1.6609505566463907,-0.19341720794786843,674,0.30716398896363667,0.015946209288683014,3.5034736147464702,0.021608739281153075,83.65643793179078,69.9682173276862,13.688220604104567,0.5964391691394659,7.833827893175074,1.977418339119781,0.31453333333333333,0.608415758274875,0.8241156670221939,0.27538907614470043,0.10130808042247375,0.1306714212309794,1.5,2.3710123157499354,4.033369216746626,3.0571215241633904,3.313179260275378,0.0,0.5964391691394659,2.4024347697611983,1.3656977550624967
t2_emir_akisi_a3_uyum_15m_n12_k3.5_h8,futures,15m,"{""L"": 2000, ""hold"": 8, ""k"": 3.5, ""kind"": ""uyumsuzluk"", ""mode"": ""devam"", ""n"": 12}",4.281159364102319,1.8437187130251325,-0.20652282290894686,634,0.34236976074949277,0.006545747397939993,4.025377308620612,0.03126710454296661,93.31448453714737,80.40394462330859,12.91053991383878,0.580441640378549,12.331230283911673,2.102458682633407,0.2958666666666666,0.3059201291266307,1.261497210757068,0.39535701110948374,0.09888050979791707,0.16622082148552764,1.1,1.8607494413404524,4.567519509611975,4.87832667910492,3.8276625289799115,0.0,0.580441640378549,2.9290108659767173,1.5651292784836097
t2_emir_akisi_a3_uyum_15m_n24_k2.5_h2,futures,15m,"{""L"": 2000, ""hold"": 2, ""k"": 2.5, ""kind"": ""uyumsuzluk"", ""mode"": ""devam"", ""n"": 24}",1.8487735630631725,1.1877679998919564,-0.2874620843219958,1371,0.18583335264710993,0.036052136549485664,2.1913632411883874,0.043097746761539865,37.08461046999354,23.353732797010863,13.730877672982677,0.5448577680525164,7.277899343544858,1.866906620844206,0.6397999999999999,0.1933057883648046,1.6744285456260983,-0.07441272088028239,-0.0822630847870659,0.050847282875375654,1.4,0.3729561003312041,1.980954628990642,2.394353947632333,1.6370405746914645,0.002,0.5448577680525164,0.5020392850115352,0.5254233595932309
t2_emir_akisi_a3_uyum_15m_n24_k2.5_h4,futures,15m,"{""L"": 2000, ""hold"": 4, ""k"": 2.5, ""kind"": ""uyumsuzluk"", ""mode"": ""devam"", ""n"": 24}",2.660265223217683,1.423194607599045,-0.24222225454253843,1181,0.24477934789608974,0.029101503209919072,2.812821056119694,0.05386220580186098,47.94386412722409,34.219394071734094,13.72447005548999,0.5342929720575783,10.663844199830653,2.05578560381029,0.5511333333333334,0.27244041955506537,1.804710720727385,0.019795765582684588,-0.04167862242919029,0.04945215642993617,1.2,0.7611910019893875,2.0965752455724185,4.11496246870911,2.373009491925945,0.0006,0.5342929720575783,1.1090499897831778,0.8707544023054338
t2_emir_akisi_a3_uyum_15m_n24_k2.5_h8,futures,15m,"{""L"": 2000, ""hold"": 8, ""k"": 2.5, ""kind"": ""uyumsuzluk"", ""mode"": ""devam"", ""n"": 24}",3.3611008408047773,1.4910747739883385,-0.2592787343322833,1059,0.293775545475856,0.01992501013793523,3.093976047063473,0.07174785623061485,57.102028417653145,43.72416859507515,13.377859822577996,0.5335221907459868,16.08215297450425,2.2124017238183904,0.4942,0.20471346962966197,2.13160876623161,0.22669333911652467,-0.027101070018158646,-0.0314074376825767,1.1,0.36268475675329115,5.141915474252444,4.206991032548603,2.990149086521144,0.0004,0.5335221907459868,1.6601975504107043,1.037992432512026
t2_emir_akisi_a3_uyum_15m_n24_k3.0_h2,futures,15m,"{""L"": 2000, ""hold"": 2, ""k"": 3.0, ""kind"": ""uyumsuzluk"", ""mode"": ""devam"", ""n"": 24}",2.9554993797159383,1.7214011905438866,-0.20279929676806685,788,0.2678826635788589,0.01781335374683021,3.5798731603027245,0.02272053457398285,66.03272967539857,52.03799483414535,13.994734841253223,0.5951776649746193,6.83248730964467,1.8777304962853139,0.3677333333333333,0.23507054641039038,1.241280145370057,0.15091072282041207,0.006775106181035051,0.2332164440327753,1.6,1.1386342139174905,3.4768117298015033,3.3393683251196347,2.6674682880950225,0.0,0.5951776649746193,1.7383856491792606,1.3169842113323083
t2_emir_akisi_a3_uyum_15m_n24_k3.0_h4,futures,15m,"{""L"": 2000, ""hold"": 4, ""k"": 3.0, ""kind"": ""uyumsuzluk"", ""mode"": ""devam"", ""n"": 24}",2.914949715270441,1.8095394600346892,-0.23342883079862653,673,0.2736056943812496,0.00985505874757939,3.8804686456457897,0.028570288268564132,74.32095189107898,60.70989205491994,13.611059836159045,0.5928677563150074,10.234769687964338,1.8340257317967714,0.3140666666666666,0.23773737370414327,1.5651776921443359,-0.0418434868003138,0.014819706399734622,0.268104024604219,1.0,1.2719502963789036,2.443734317000729,3.959988323607119,2.63225900806311,0.0,0.5928677563150074,1.8597702441168553,1.4402392518613258
t2_emir_akisi_a3_uyum_15m_n24_k3.0_h8,futures,15m,"{""L"": 2000, ""hold"": 8, ""k"": 3.0, ""kind"": ""uyumsuzluk"", ""mode"": ""devam"", ""n"": 24}",2.842552576690739,1.5964054225898796,-0.2193724694522846,600,0.2609689133504458,0.02069590299638941,3.2774276187411004,0.03842820653165481,81.66040612634056,68.50082576386427,13.159580362476289,0.5733333333333334,15.716666666666667,1.8090502085543334,0.27999999999999997,0.2533968510482856,1.5046566893732836,0.01936741865679803,-0.017549728501167428,0.22219833533581324,1.2,1.460901073159719,3.6655772254142,1.9894727011374989,2.5358862680710863,0.0002,0.5733333333333334,1.9041625216991722,1.2988632171939456
t2_emir_akisi_a3_uyum_15m_n24_k3.5_h2,futures,15m,"{""L"": 2000, ""hold"": 2, ""k"": 3.5, ""kind"": ""uyumsuzluk"", ""mode"": ""devam"", ""n"": 24}",3.6917622019028213,2.0216875985024414,-0.20203810444348314,479,0.3241562517720204,-0.002717544521523336,4.553518768428837,0.013364349571246123,109.68658768341902,95.67431640173051,14.012271281688502,0.6471816283924844,6.524008350730689,1.8865901371821283,0.22353333333333333,0.14976530771425223,1.6472277611142547,0.29515172944148693,0.004958281402730025,0.18431382776058913,1.0,1.1350701120832754,3.3522926157824964,7.077969021761918,3.4288400998617368,0.0,0.6471816283924844,2.7523574324648417,1.790834579485288
t2_emir_akisi_a3_uyum_15m_n24_k3.5_h4,futures,15m,"{""L"": 2000, ""hold"": 4, ""k"": 3.5, ""kind"": ""uyumsuzluk"", ""mode"": ""devam"", ""n"": 24}",3.488636335908116,1.767614612259553,-0.194911646408504,406,0.311257998863493,0.0034896363514342063,3.892840066070783,0.016933497536945813,124.15198321055395,110.86864977343093,13.283333437123009,0.6403940886699507,9.938423645320198,1.817204406759475,0.18946666666666664,0.20743253795549577,1.6059990260755872,0.18221989616506562,-0.019091207237724506,0.2301282864874925,1.4,0.9801619326593927,2.5179816200708425,8.077004219023399,3.1550217596433248,0.0,0.6403940886699507,2.714276205630688,1.5849051036619834
t2_emir_akisi_a3_uyum_15m_n24_k3.5_h8,futures,15m,"{""L"": 2000, ""hold"": 8, ""k"": 3.5, ""kind"": ""uyumsuzluk"", ""mode"": ""devam"", ""n"": 24}",3.5802282993785184,1.7395518437214943,-0.1967672943208082,366,0.3252810364235156,-0.004338012491805951,3.9410408855179275,0.02283456486042693,138.39082602302923,125.38524025892843,13.005585764100797,0.6311475409836066,15.221311475409836,1.8363526057241333,0.17079999999999998,0.13690667042931826,1.8751482322588116,0.2589300755133559,-0.048548646360598746,0.1698060786225366,1.0,0.6869481412825897,2.888124050787373,8.815899608716864,3.224786698934243,0.0,0.6311475409836066,2.8614789332936796,1.580360127500966
t2_emir_akisi_a3_uyum_15m_n48_k2.5_h2,futures,15m,"{""L"": 2000, ""hold"": 2, ""k"": 2.5, ""kind"": ""uyumsuzluk"", ""mode"": ""devam"", ""n"": 48}",1.181576966555498,0.8586619199849851,-0.3405383604820674,909,0.1171549499983686,0.05252887524137302,1.2909369461080091,0.039112388250319284,39.323282890108594,26.438371796642834,12.884911093465757,0.5797579757975797,9.77007700770077,1.350878262760902,0.4241999999999999,-0.035058687720920245,1.7671508575115276,-0.15199979344686743,-0.05789765209419062,0.02268705492372347,1.3,0.029198306717612477,2.0368907186194347,0.9741282069171797,1.0194328718191632,0.013,0.5797579757975797,0.4273880231670151,0.45201698233345355
t2_emir_akisi_a3_uyum_15m_n48_k2.5_h4,futures,15m,"{""L"": 2000, ""hold"": 4, ""k"": 2.5, ""kind"": ""uyumsuzluk"", ""mode"": ""devam"", ""n"": 48}",1.6451313224373378,1.0026739399424216,-0.31889289326238235,747,0.14892211222721732,0.060719064944186954,1.5622143641021584,0.04622217661010764,53.865475926184594,41.41960639678206,12.445869529402543,0.5809906291834003,14.182061579651942,1.4835908986280095,0.34859999999999997,0.04765723193959914,1.6700425060586368,-0.12446731981185821,-0.03017523129468558,0.11363844449228888,1.0,0.15029278456182937,2.088794434880788,1.9963446341292026,1.4375427773314544,0.003,0.5809906291834003,0.8666089466675948,0.6884433493258192
t2_emir_akisi_a3_uyum_15m_n48_k2.5_h8,futures,15m,"{""L"": 2000, ""hold"": 8, ""k"": 2.5, ""kind"": ""uyumsuzluk"", ""mode"": ""devam"", ""n"": 48}",1.7418364598324865,0.9618552880064832,-0.3274374489929578,631,0.15139139828001064,0.06935655649801588,1.444601711170352,0.05776204159824849,62.28355289006511,50.18279524385177,12.100757646213339,0.5578446909667195,21.199683042789225,1.4959695501543042,0.29446666666666665,0.0802313146035083,1.5349423436525464,-0.09027275615125863,-0.05325284427550314,0.16254959337843178,1.0,0.04328469549627556,1.1781301425101787,3.915759288163919,1.4918507947487925,0.0026,0.5578446909667195,1.0425572879526497,0.720921600588772
t2_emir_akisi_a3_uyum_15m_n48_k3.0_h2,futures,15m,"{""L"": 2000, ""hold"": 2, ""k"": 3.0, ""kind"": ""uyumsuzluk"", ""mode"": ""devam"", ""n"": 48}",0.9205578805874775,0.7667097080456337,-0.31125798030602625,479,0.08861344293423953,0.05266035988426038,1.040896713107552,0.020103539500091226,51.88218790865135,39.7386438691328,12.143544039518554,0.6179540709812108,9.615866388308977,0.9765596559545252,0.2235333333333333,0.11677667588609819,0.9942188078374172,-0.07145496402096096,-0.06052870784943021,-0.011442874117813528,1.3,0.2218150651884767,1.5954077083520155,0.47150050043542,0.7055407464774275,0.0096,0.6179540709812108,0.5358415823440927,0.5405908852372847
t2_emir_akisi_a3_uyum_15m_n48_k3.0_h4,futures,15m,"{""L"": 2000, ""hold"": 4, ""k"": 3.0, ""kind"": ""uyumsuzluk"", ""mode"": ""devam"", ""n"": 48}",0.7520642115390745,0.6720004459220839,-0.31245691379064,378,0.06366162214356742,0.05944092130785173,0.7452545850937085,0.023815225323846015,57.6464349505842,46.553897527889504,11.0925374226947,0.6111111111111112,14.531746031746032,0.8490610628365683,0.17639999999999997,0.028772809346674366,0.897536529892236,-0.1054226216160663,-0.03801196250457384,0.04292436278526157,1.3,0.3365366528972622,0.7239098130203001,0.49994234018705286,0.6213110296511588,0.0176,0.6111111111111112,0.46882369782789524,0.49456160824171214
t2_emir_akisi_a3_uyum_15m_n48_k3.0_h8,futures,15m,"{""L"": 2000, ""hold"": 8, ""k"": 3.0, ""kind"": ""uyumsuzluk"", ""mode"": ""devam"", ""n"": 48}",0.8061203372583499,0.6804782784297829,-0.3517927260744056,320,0.06598164426911207,0.06461929384342067,0.7377201727510084,0.02963076993249407,68.68436384099508,58.362224852362,10.322138988633082,0.584375,21.51875,0.8670987344375196,0.14933333333333332,-0.025473652328438345,1.076795274645427,-0.13599935635038418,-0.05596883785950757,0.09410502862184167,1.1,0.08666777199564657,0.7619069978654902,0.9143614341663562,0.6510275251829656,0.0248,0.584375,0.5556528064720281,0.5374142980579775
t2_emir_akisi_a3_uyum_15m_n48_k3.5_h2,futures,15m,"{""L"": 2000, ""hold"": 2, ""k"": 3.5, ""kind"": ""uyumsuzluk"", ""mode"": ""devam"", ""n"": 48}",0.7845878513287678,0.8694291409482036,-0.24522049484585318,278,0.08392697286526697,0.03690113007383414,1.3157693390097234,0.011157863528553184,68.16877373247686,56.788512028588656,11.380261703888214,0.6366906474820144,9.176258992805755,0.7816559015266461,0.1297333333333333,0.1931841411114834,0.5064077981099497,-0.0038680325974165264,-0.009300850995973442,0.006072404964527767,1.6,0.6016770138551693,0.5544229129134135,0.6198798093316422,0.6958593268788353,0.0028,0.6366906474820144,0.567367529415332,0.6929815995483838
t2_emir_akisi_a3_uyum_15m_n48_k3.5_h4,futures,15m,"{""L"": 2000, ""hold"": 4, ""k"": 3.5, ""kind"": ""uyumsuzluk"", ""mode"": ""devam"", ""n"": 48}",0.814713867600021,0.7401494913487446,-0.25776920205693643,222,0.08158452485775711,0.04732424703924478,1.0123123011403987,0.01340426017150155,92.91290336357798,83.26862952524654,9.644273838331443,0.6216216216216216,13.887387387387387,0.7794329247560334,0.10359999999999998,0.12803340498036886,0.5468600144774087,-0.015825499080738936,0.0015193031688884862,0.055124605686434514,0.9,0.628212423027509,0.4774280775384028,0.7185126907819401,0.6115465592959541,0.0052,0.6216216216216216,0.6360711742363132,0.6305281773298472
t2_emir_akisi_a3_uyum_15m_n48_k3.5_h8,futures,15m,"{""L"": 2000, ""hold"": 8, ""k"": 3.5, ""kind"": ""uyumsuzluk"", ""mode"": ""devam"", ""n"": 48}",0.7903763112781039,0.7121145374908624,-0.28010825490041225,191,0.0820477878304858,0.045890482846692775,0.9855986001736358,0.016996214194490055,100.4649285151962,92.56376801698735,7.901160498208857,0.6073298429319371,20.54973821989529,0.7616591521253677,0.08913333333333333,0.09445100760492053,0.5562293752760126,-0.026404565856070428,-0.01224313629127971,0.09306453618695931,1.0,0.7104189659027338,0.3666847952022372,0.6592838025423746,0.6322181104636366,0.0048,0.6073298429319371,0.6377393729911971,0.6201612823456628
t2_emir_akisi_a3_uyum_5m_n36_k2.5_h6,futures,5m,"{""L"": 2000, ""hold"": 6, ""k"": 2.5, ""kind"": ""uyumsuzluk"", ""mode"": ""devam"", ""n"": 36}",0.3977808230347484,0.4615560759685308,-0.2824058221587632,2586,0.07072352437078751,0.010933528271896914,0.8751610692593057,0.05749977193942711,17.790572104467586,3.972683688196366,13.817888416271218,0.4737045630317092,15.386697602474865,1.767515408618658,1.2067999999999999,0.14921065630128139,0.4120611571409234,0.012264980607495035,-0.060133599979149355,-0.09463106243707631,5.0,-0.36865320001506874,0.5027429235757663,0.6103779815962416,0.3205768434009393,0.1106,0.4737045630317092,-0.5820566651048122,-0.889221162571451
t2_emir_akisi_a3_uyum_5m_n36_k2.5_h12,futures,5m,"{""L"": 2000, ""hold"": 12, ""k"": 2.5, ""kind"": ""uyumsuzluk"", ""mode"": ""devam"", ""n"": 36}",0.4704299591532619,0.47965542442988124,-0.31231839471755396,2326,0.08059467836421068,0.014915320316128888,0.883693648784206,0.07782757100285836,19.027684237742214,5.187822993825256,13.83986124391696,0.470335339638865,23.376612209802236,1.7260234086682074,1.0854666666666666,0.1643666379395714,0.43727283408108497,0.05297616620908707,-0.05954968345775791,-0.11271942415894909,3.3,-0.17028513597313677,0.6842675486150471,0.18696591393515294,0.38076499973677613,0.1288,0.470335339638865,-0.5035920686167501,-0.595793590499352
t2_emir_akisi_a3_uyum_5m_n36_k2.5_h24,futures,5m,"{""L"": 2000, ""hold"": 24, ""k"": 2.5, ""kind"": ""uyumsuzluk"", ""mode"": ""devam"", ""n"": 36}",0.42152168044282945,0.42471063543525533,-0.29822984252405926,2188,0.09067831956987289,0.004066330033475998,0.9009418453191949,0.11391245514808733,18.78448520799604,5.210235646929795,13.574249561066242,0.47989031078610606,36.8254113345521,1.6556379518561446,1.0210666666666666,-0.0778346258090854,0.4925833908810775,0.3523902740371536,-0.14715631440935928,-0.10456390886710121,3.1,-0.2731332290429668,1.3926592160211917,-0.2369847204219807,0.2994353549911595,0.2106,0.47989031078610606,-0.4881804257340404,-0.49229286713283116
t2_emir_akisi_a3_uyum_5m_n36_k3.0_h6,futures,5m,"{""L"": 2000, ""hold"": 6, ""k"": 3.0, ""kind"": ""uyumsuzluk"", ""mode"": ""devam"", ""n"": 36}",1.3761963176196836,1.2637249712436913,-0.251145364338756,1354,0.18164031904649067,0.0015980312347549542,2.790526555585333,0.029492033083987106,32.6115810367226,18.658040970787546,13.95354006593505,0.5369276218611522,15.433530280649926,1.679625326110349,0.6318666666666666,0.14636551268980824,0.32605716200819934,0.30823301371131895,0.016546385323705337,0.17539721093210803,3.3,0.14616118163789804,0.9041464234855006,2.930623924847129,1.241235806588814,0.0006,0.5369276218611522,0.26298877096248496,0.4001793618851347
t2_emir_akisi_a3_uyum_5m_n36_k3.0_h12,futures,5m,"{""L"": 2000, ""hold"": 12, ""k"": 3.0, ""kind"": ""uyumsuzluk"", ""mode"": ""devam"", ""n"": 36}",1.9143292519380428,1.376207763996435,-0.2612597643857816,1221,0.22125201143107248,0.005106232201413037,2.9911166938303233,0.0397110472541507,39.97482983645737,26.11008003115868,13.86474980529869,0.5372645372645373,23.362817362817363,1.8424528324685394,0.5697999999999999,0.37399809779522464,0.33317954253085946,0.36457673646374467,0.01878771489525155,0.14441141406637015,3.1,0.657036882562718,0.9400664722737679,3.618342233543972,1.7046501848573934,0.0002,0.5372645372645373,0.6483044060435883,0.698039479135558
t2_emir_akisi_a3_uyum_5m_n36_k3.0_h24,futures,5m,"{""L"": 2000, ""hold"": 24, ""k"": 3.0, ""kind"": ""uyumsuzluk"", ""mode"": ""devam"", ""n"": 36}",2.242776826080215,1.286288918783717,-0.2613017763470158,1159,0.2533313861440682,0.0006351597003892819,2.860729083943954,0.058206759715380404,43.89745950437159,30.620739563601823,13.27671994076977,0.5228645383951682,36.58067299396031,1.9334422969153386,0.5408666666666666,0.16854075899452825,0.6726129985144067,0.5955508826660769,-0.05047608301117734,0.09511861437027092,3.2,0.6566330323155405,1.8602217109177288,2.9568199393768735,1.964273365737188,0.001,0.5228645383951682,0.8880066759397611,0.7500102253030527
t2_emir_akisi_a3_uyum_5m_n36_k3.5_h6,futures,5m,"{""L"": 2000, ""hold"": 6, ""k"": 3.5, ""kind"": ""uyumsuzluk"", ""mode"": ""devam"", ""n"": 36}",2.624387197380253,1.8934644152162778,-0.23038888041303296,793,0.26815145855195904,-0.0008772578298595253,4.239215111576266,0.017045627318615825,61.808142666208056,47.92117724170389,13.88696542450417,0.5889029003783102,15.065573770491802,1.8046711980814238,0.37006666666666665,0.17780698860494204,0.5732503566843721,0.2434931202404047,0.203548869011539,0.3069395660886669,2.7,0.832183518497916,1.358000399436599,6.658810361502664,2.4316483523430246,0.0,0.5889029003783102,1.5036098089060452,1.4027069253318394
t2_emir_akisi_a3_uyum_5m_n36_k3.5_h12,futures,5m,"{""L"": 2000, ""hold"": 12, ""k"": 3.5, ""kind"": ""uyumsuzluk"", ""mode"": ""devam"", ""n"": 36}",2.8711740075841576,1.733381780716225,-0.23381471559656686,721,0.2851673596128623,-0.0014534147468833112,3.8890520893183256,0.022986605242352368,69.72540070809748,55.856618637934545,13.868782070162933,0.5880721220527045,22.832177531206657,1.8553175010463714,0.33646666666666664,0.34177560654571915,0.4953949138270206,0.39272754995092973,0.13576222286072093,0.21970082026376514,2.3,1.5015476495838351,1.411135309765279,5.3418943026240315,2.6530897422388966,0.0,0.5880721220527045,1.7655044104112987,1.34651272593204
t2_emir_akisi_a3_uyum_5m_n36_k3.5_h24,futures,5m,"{""L"": 2000, ""hold"": 24, ""k"": 3.5, ""kind"": ""uyumsuzluk"", ""mode"": ""devam"", ""n"": 36}",4.611657698574254,1.9305514589298263,-0.23381471559656664,692,0.3771528951432638,-0.013589625669653958,4.499634004645956,0.03375106428267348,88.39523612001227,74.87453496684037,13.520701153171903,0.5838150289017341,35.77312138728324,2.226930243701388,0.3229333333333333,0.18598754392214012,1.0767770583051228,0.598858638434304,0.15294334055119663,0.23595635162603323,2.1,1.275378121120303,2.8528136800602186,11.447716634309915,4.030666688336153,0.0,0.5838150289017341,3.0634268821070965,1.6182431887792232
t2_emir_akisi_a3_uyum_5m_n72_k2.5_h6,futures,5m,"{""L"": 2000, ""hold"": 6, ""k"": 2.5, ""kind"": ""uyumsuzluk"", ""mode"": ""devam"", ""n"": 72}",1.6327864877360811,1.1201831737507197,-0.24937981691777833,1559,0.20927579134185342,0.0011831366617997179,2.4823784720977433,0.04805236270753512,31.78639881959352,18.159318536050275,13.627080283543245,0.5054522129570237,20.261064785118666,1.8905822614192114,0.7275333333333334,0.16803264459323075,1.0356149349267558,0.1451874609279864,-0.11540728422754787,0.09306273405832433,2.6,0.5564560737255564,1.4657557016857008,1.7648575607545793,1.4873691297142142,0.0026,0.5054522129570237,0.2717992447979334,0.3499365854563027
t2_emir_akisi_a3_uyum_5m_n72_k2.5_h12,futures,5m,"{""L"": 2000, ""hold"": 12, ""k"": 2.5, ""kind"": ""uyumsuzluk"", ""mode"": ""devam"", ""n"": 72}",1.818593225597175,1.117970779006897,-0.2509917675580894,1362,0.2239257404108417,0.0030546110408134603,2.4552261075267516,0.06080474974153135,36.29157954926528,22.87666484217912,13.41491470708616,0.5073421439060205,29.580763582966227,1.882914452036705,0.6355999999999999,0.15755631944492787,0.9843562634011207,0.1972164869205939,-0.099660144795504,0.13839102435724127,3.3,0.42399800492914386,1.6296048000440293,2.2711017123904096,1.6598065547559195,0.0014,0.5073421439060205,0.49272376524804984,0.4979783103012789
t2_emir_akisi_a3_uyum_5m_n72_k2.5_h24,futures,5m,"{""L"": 2000, ""hold"": 24, ""k"": 2.5, ""kind"": ""uyumsuzluk"", ""mode"": ""devam"", ""n"": 72}",2.409040172444094,1.1233382042250646,-0.2572017983607987,1248,0.2809806416942142,-0.0063701564914345485,2.5731247457759845,0.08321930304688925,43.743366009590765,30.38395690779381,13.359409101796954,0.5184294871794872,44.67467948717949,2.0485794546782916,0.5823999999999999,0.02852904584080984,1.3366024890509922,0.44087535589212257,-0.12608666854066664,0.1265123190144135,3.1,0.43719980093242894,2.9573152334809847,2.5327742069618995,2.1162573090542276,0.0022,0.5184294871794872,0.9041526567031832,0.6514190620560696
t2_emir_akisi_a3_uyum_5m_n72_k3.0_h6,futures,5m,"{""L"": 2000, ""hold"": 6, ""k"": 3.0, ""kind"": ""uyumsuzluk"", ""mode"": ""devam"", ""n"": 72}",2.8123564835026715,1.9077898695970572,-0.22617350152520366,815,0.27620606157539124,0.0013328853984702648,4.231812866494859,0.023083530985829836,61.70176609227787,48.19309817565876,13.508667916619114,0.5914110429447853,18.868711656441718,1.8688264562670809,0.3803333333333333,0.09201715306588354,1.1402313109069873,0.23472849422288933,0.0625062245630088,0.24336997694743356,3.0,0.6703169048213666,1.733293990197371,6.990436626892287,2.4919229791974824,0.0,0.5914110429447853,1.6062373782497588,1.4191685692491518
t2_emir_akisi_a3_uyum_5m_n72_k3.0_h12,futures,5m,"{""L"": 2000, ""hold"": 12, ""k"": 3.0, ""kind"": ""uyumsuzluk"", ""mode"": ""devam"", ""n"": 72}",2.989541105792787,1.7575675201801084,-0.22617350152520377,693,0.2785358078698497,0.009710525369154415,3.773290617170563,0.029492033083987106,71.85845113506065,58.788775370224755,13.069675764835893,0.56998556998557,28.70851370851371,1.8659583599226808,0.32339999999999997,0.27503491117035894,1.1178673832905086,0.18458502379002883,0.013587317864225401,0.23048039999051917,2.4,0.34439664813963655,1.7993828887651966,9.717713292212,2.611998492307637,0.0,0.56998556998557,1.887196578547048,1.3866852062610058
t2_emir_akisi_a3_uyum_5m_n72_k3.0_h24,futures,5m,"{""L"": 2000, ""hold"": 24, ""k"": 3.0, ""kind"": ""uyumsuzluk"", ""mode"": ""devam"", ""n"": 72}",3.7757624077101415,1.6271669252248864,-0.23015376153104783,625,0.33999557018040455,-0.006621565680694833,3.713631655760394,0.04055487137383689,87.77112561408649,75.46627249651803,12.30485311756846,0.5616,44.3568,2.0248539372691607,0.29166666666666663,0.17269024271752342,1.6617613692419906,0.26907876234464756,-0.0036989177280265517,0.2100717016979765,3.0,0.4088081344516765,3.0359408356968176,10.398019020429832,3.302594763983243,0.0,0.5616,2.5677641787577636,1.360298425796749
t2_emir_akisi_a3_uyum_5m_n72_k3.5_h6,futures,5m,"{""L"": 2000, ""hold"": 6, ""k"": 3.5, ""kind"": ""uyumsuzluk"", ""mode"": ""devam"", ""n"": 72}",2.839745907320484,2.0646516213675854,-0.1684688119175416,460,0.2920936610315522,-0.0126854196371911,4.860981145084823,0.011359317034604391,99.28770402427138,85.85559739310835,13.432106631163023,0.6413043478260869,16.806521739130435,1.6722770681662942,0.21466666666666664,0.18381579400222692,1.1186499339323501,0.14138263379049176,0.16056026361306652,0.1557401355015986,2.4,1.144192567119171,2.8505542040190988,3.797241648190778,2.5170102864391506,0.0,0.6413043478260869,2.09867758034337,1.793850962849304
t2_emir_akisi_a3_uyum_5m_n72_k3.5_h12,futures,5m,"{""L"": 2000, ""hold"": 12, ""k"": 3.5, ""kind"": ""uyumsuzluk"", ""mode"": ""devam"", ""n"": 72}",4.498273256986464,2.2599002332966576,-0.16132662114151375,398,0.3649511158729045,-0.011068860655314053,5.231113847252118,0.014755519065863894,140.48769497612838,127.28727914088132,13.200415835247052,0.6482412060301508,25.831658291457288,2.011728890865016,0.1857333333333333,0.33953966199691354,1.4050464121610613,0.20082059635714833,0.15991488257186792,0.22530168882268176,2.8,1.3670485501938296,3.6772483980145374,9.201616035309286,3.954071325958446,0.0,0.6482412060301508,3.567386439944361,2.0657772766994404
t2_emir_akisi_a3_uyum_5m_n72_k3.5_h24,futures,5m,"{""L"": 2000, ""hold"": 24, ""k"": 3.5, ""kind"": ""uyumsuzluk"", ""mode"": ""devam"", ""n"": 72}",4.549918975412953,1.8771896775967654,-0.18811217904790634,365,0.38988910986167497,-0.02652283984490348,4.5704428345170625,0.020738308094629933,153.16763112409276,140.71209825249278,12.455532871599988,0.6136986301369863,40.654794520547945,2.0183024960806257,0.17033333333333334,0.12613276004380847,2.0614778111919763,0.18909392493253518,0.1110217576517869,0.21850470297804314,2.9,1.4029570012126102,2.723214665842387,11.485860001771853,4.000050313556621,0.0,0.6136986301369863,3.681888486492821,1.7280933504678282
t2_emir_akisi_a3_uyum_5m_n144_k2.5_h6,futures,5m,"{""L"": 2000, ""hold"": 6, ""k"": 2.5, ""kind"": ""uyumsuzluk"", ""mode"": ""devam"", ""n"": 144}",1.1024601160307093,0.8838619910657839,-0.27543972407841943,984,0.12439375237846492,0.03664283952412405,1.4909938064760464,0.041347381864623244,35.000980556482624,22.12807717775565,12.872903378726972,0.5589430894308943,26.364837398373982,1.367061434029418,0.45919999999999994,-0.008720771302119235,1.154373035432946,0.0405574676926197,-0.09962305054452336,0.050800853131564905,2.8,0.10190789834357639,1.2807634620736108,1.0724185496984306,0.9257456179094208,0.006,0.5589430894308943,0.3283427705626616,0.39909485451912335
t2_emir_akisi_a3_uyum_5m_n144_k2.5_h12,futures,5m,"{""L"": 2000, ""hold"": 12, ""k"": 2.5, ""kind"": ""uyumsuzluk"", ""mode"": ""devam"", ""n"": 144}",1.356563730539892,0.9036001796727411,-0.27778095167535344,802,0.14388118631179403,0.04394808921726944,1.5121344103766838,0.04930669585842,44.977436545435054,32.76662216409646,12.210814381338592,0.557356608478803,39.02244389027432,1.3996004874417491,0.37426666666666664,0.024227787778166032,1.2996220571382984,0.05159134400814924,-0.12830485232109368,0.09147687371198554,2.8,0.017267766089906766,1.8437040463341887,1.4411821523862485,1.092733317090763,0.002,0.557356608478803,0.6208654629813346,0.5591660061718627
t2_emir_akisi_a3_uyum_5m_n144_k2.5_h24,futures,5m,"{""L"": 2000, ""hold"": 24, ""k"": 2.5, ""kind"": ""uyumsuzluk"", ""mode"": ""devam"", ""n"": 144}",0.9277308644099826,0.6881036475050284,-0.31901446345098283,688,0.11052244639595576,0.041503433505220906,1.083445026640241,0.06231945204646354,42.454886778248515,30.548770746723314,11.9061160315252,0.5436046511627907,58.401162790697676,1.1703545173847143,0.3210666666666666,-0.06324887522662503,1.3037750732817686,-0.0027092698269474136,-0.16728170469536163,0.07562828468090976,3.4,0.0690179487375675,1.1595906903772475,0.5929137148531318,0.7367373029673319,0.0236,0.5436046511627907,0.3983693805184356,0.410492638207671
t2_emir_akisi_a3_uyum_5m_n144_k3.0_h6,futures,5m,"{""L"": 2000, ""hold"": 6, ""k"": 3.0, ""kind"": ""uyumsuzluk"", ""mode"": ""devam"", ""n"": 144}",2.467483734807279,1.722937831932272,-0.2483432644970739,516,0.23513705066322918,0.02125104806559644,3.5037491626811663,0.018345572584078332,82.79106640923114,70.14012707110275,12.65093933812838,0.625968992248062,22.300387596899224,1.6087924138928877,0.2408,0.246681641428661,1.0753801501952664,0.22694407953513296,-0.04487258232704883,0.1436025852782259,3.0,0.22019643188273852,2.057165851908875,6.127175567621979,2.1929370430190964,0.0002,0.625968992248062,1.7255046986281437,1.427094523055851
t2_emir_akisi_a3_uyum_5m_n144_k3.0_h12,futures,5m,"{""L"": 2000, ""hold"": 12, ""k"": 3.0, ""kind"": ""uyumsuzluk"", ""mode"": ""devam"", ""n"": 144}",2.4480250011428772,1.4757720754443557,-0.2531402718481248,432,0.22563504309670904,0.03211516734702848,2.858946003711887,0.022543787629994528,96.09950135771692,84.5222802088421,11.577221148874814,0.5925925925925926,33.238425925925924,1.5693557433506244,0.2016,0.38436842632501067,1.1547094030268497,0.04958758402949903,-0.05791542273865913,0.16901863694951103,2.1,0.40186282537269524,2.12775201584616,4.7729980321478,2.028561148318853,0.0002,0.5925925925925926,1.8186597595762484,1.2619773528283313
t2_emir_akisi_a3_uyum_5m_n144_k3.0_h24,futures,5m,"{""L"": 2000, ""hold"": 24, ""k"": 3.0, ""kind"": ""uyumsuzluk"", ""mode"": ""devam"", ""n"": 144}",1.9862224959431822,1.2344793905618923,-0.2616464124258703,376,0.19562831106853826,0.0359637832155778,2.299210967879465,0.02957185428449796,97.36977304953456,86.74391678327456,10.625856266260007,0.5718085106382979,51.06117021276596,1.41453645848659,0.17546666666666666,0.05414688885084096,1.4252098683825989,0.09660957271213633,-0.08412708744908548,0.16301270024635706,2.5,0.11480350080420543,0.8972356027622557,6.415997246554105,1.669888835147817,0.0006,0.5718085106382979,1.5058198958216136,1.0592739324971217
t2_emir_akisi_a3_uyum_5m_n144_k3.5_h6,futures,5m,"{""L"": 2000, ""hold"": 6, ""k"": 3.5, ""kind"": ""uyumsuzluk"", ""mode"": ""devam"", ""n"": 144}",2.3819873377158385,1.8276736215458664,-0.20764765326904733,264,0.24483718155074585,0.006760641403885225,3.9541181789240754,0.008706212370005474,148.66787347566571,137.26553500465658,11.402338471009129,0.6439393939393939,20.333333333333332,1.4268523087898433,0.12319999999999999,0.2171647536304684,0.8087650939883937,0.2923470590252064,0.10398002343154156,0.07671327493284275,2.7,0.9627607151361193,1.7285300738425562,4.060304454828276,2.0730807594543834,0.0,0.6439393939393939,1.9902683358129445,1.6773015381743122
t2_emir_akisi_a3_uyum_5m_n144_k3.5_h12,futures,5m,"{""L"": 2000, ""hold"": 12, ""k"": 3.5, ""kind"": ""uyumsuzluk"", ""mode"": ""devam"", ""n"": 144}",2.8015329859006926,1.6644907512739469,-0.20306939380556932,227,0.2620143969756962,0.015747091613998523,3.4824451914319194,0.010920300431794684,187.40904525179639,176.8114034391104,10.597641812685985,0.6696035242290749,30.105726872246695,1.5327737198936329,0.10593333333333332,0.332314501705963,0.9305145391043137,0.22429560258196868,0.10195132140897822,0.09554502702512124,3.1,1.1977196064678535,1.789590460203216,5.1088005014281945,2.33379920384583,0.0,0.6696035242290749,2.419833313784375,1.556079261691037
t2_emir_akisi_a3_uyum_5m_n144_k3.5_h24,futures,5m,"{""L"": 2000, ""hold"": 24, ""k"": 3.5, ""kind"": ""uyumsuzluk"", ""mode"": ""devam"", ""n"": 144}",2.7299148260866337,1.517995445044105,-0.20550781133027685,212,0.26164278381197514,0.015123187040163228,3.1817716218136165,0.014823937237730341,193.44991790905914,184.42024000733366,9.029677901725465,0.6226415094339622,44.528301886792455,1.511598559237902,0.09893333333333333,0.18662533898166833,1.172920356772638,0.13913888386643336,0.10515432134635505,0.14905782717289284,3.1,0.8462160948959843,1.793029448638523,5.582766584548953,2.290605575700187,0.0,0.6226415094339622,2.3789575478671225,1.422928284874834
