name,market,universe,interval,params,total_return,sharpe,max_dd,trades,exposure,win_rate,avg_bars,costs,funding,secs,net_per_trade,gross_per_trade,edge_over_cost
od_fut_PORT3_1h_entry=2.5_exit=0.0_kind=z_max_hold=48_n=50_trend_mode=with_trend_n=120,futures,PORT3,1h,"{""entry"": 2.5, ""exit"": 0.0, ""kind"": ""z"", ""max_hold"": 48, ""n"": 50, ""trend_mode"": ""with"", ""trend_n"": 120}",-0.04860202476156472,-0.11159239676541768,-0.19554709703951378,105,0.06251425963951632,0.7142857142857143,23.876190476190477,0.049,0.004140916666666667,1.2,-0.0011384775482576432,0.0003798343565042618,0.27131025464590125
od_fut_PORT3_1h_entry=3.0_exit=0.0_kind=vwap_max_hold=48_n=72_trend_mode=with_trend_n=120,futures,PORT3,1h,"{""entry"": 3.0, ""exit"": 0.0, ""kind"": ""vwap"", ""max_hold"": 48, ""n"": 72, ""trend_mode"": ""with"", ""trend_n"": 120}",-0.023588843663001402,-0.11132516967588513,-0.09092652786490074,13,0.0121492128678987,0.6153846153846154,32.76923076923077,0.006066666666666666,0.0019668733333333337,0.4,-0.0029738892587351253,-0.001119995412581279,-0.7999967232723422
od_fut_PORT3_1h_entry=3.5_exit=0.0_kind=rsi_max_hold=48_n=6_trend_mode=with_trend_n=120,futures,PORT3,1h,"{""entry"": 3.5, ""exit"": 0.0, ""kind"": ""rsi"", ""max_hold"": 48, ""n"": 6, ""trend_mode"": ""with"", ""trend_n"": 120}",0.10870072690301869,0.4914307905286357,-0.09048462917694189,131,0.034736481861738534,0.5954198473282443,10.465648854961833,0.06113333333333333,0.0053970166666666665,0.3,0.002407810298964008,0.003931406100490725,2.8081472146362323
od_fut_PORT3_1h_entry=3.0_exit=None_kind=ret_max_hold=12_n=4_trend_mode=with_trend_n=120,futures,PORT3,1h,"{""entry"": 3.0, ""exit"": null, ""kind"": ""ret"", ""max_hold"": 12, ""n"": 4, ""trend_mode"": ""with"", ""trend_n"": 120}",0.5058164524620044,0.6166451082680701,-0.22455914203147342,138,0.035734656627880446,0.5289855072463768,12.0,0.06439999999999999,0.05870983666666666,0.3,0.009696671507824727,0.012372972304926174,8.837837360661553
od_fut_PORT3_1h_entry=4.0_exit=None_kind=ret_max_hold=12_n=1_trend_mode=with_trend_n=120,futures,PORT3,1h,"{""entry"": 4.0, ""exit"": null, ""kind"": ""ret"", ""max_hold"": 12, ""n"": 1, ""trend_mode"": ""with"", ""trend_n"": 120}",0.560651463189253,0.6521055950400092,-0.2768822186333103,166,0.040811088295687886,0.5240963855421686,12.0,0.07746666666666666,0.06495675666666666,0.3,0.00923843285634402,0.011812350145500645,8.43739296107189
od_fut_PORT3_1h_entry=2.5_exit=0.0_kind=z_max_hold=48_n=50_trend_mode=with_trend_n=1200,futures,PORT3,1h,"{""entry"": 2.5, ""exit"": 0.0, ""kind"": ""z"", ""max_hold"": 48, ""n"": 50, ""trend_mode"": ""with"", ""trend_n"": 1200}",-0.12096755283888028,0.004877609139719349,-0.4774646330238398,561,0.2888717773214693,0.6381461675579323,28.732620320855617,0.26180000000000003,0.03615376333333333,0.3,-0.00017207095018903154,0.0014212646826095424,1.015189059006816
od_fut_PORT3_1h_entry=3.0_exit=0.0_kind=vwap_max_hold=48_n=72_trend_mode=with_trend_n=1200,futures,PORT3,1h,"{""entry"": 3.0, ""exit"": 0.0, ""kind"": ""vwap"", ""max_hold"": 48, ""n"": 72, ""trend_mode"": ""with"", ""trend_n"": 1200}",0.6077593664866705,0.5517965811201612,-0.49521617341656265,527,0.3124857403604837,0.6166982922201139,33.470588235294116,0.24570000000000003,0.03726879,0.3,0.003331024716857224,0.004941852743422689,3.529894816730492
od_fut_PORT3_1h_entry=3.5_exit=0.0_kind=rsi_max_hold=48_n=6_trend_mode=with_trend_n=1200,futures,PORT3,1h,"{""entry"": 3.5, ""exit"": 0.0, ""kind"": ""rsi"", ""max_hold"": 48, ""n"": 6, ""trend_mode"": ""with"", ""trend_n"": 1200}",-0.15752802122180598,-0.2299782261441338,-0.30155402036402634,537,0.13198722336299337,0.6126629422718808,11.962756052141527,0.2506,0.017392636666666666,0.4,-0.0008211905398855944,0.0006759750280846103,0.4828393057747216
od_fut_PORT3_1h_entry=3.0_exit=None_kind=ret_max_hold=12_n=4_trend_mode=with_trend_n=1200,futures,PORT3,1h,"{""entry"": 3.0, ""exit"": null, ""kind"": ""ret"", ""max_hold"": 12, ""n"": 4, ""trend_mode"": ""with"", ""trend_n"": 1200}",0.60078375983618,0.7216971979738102,-0.2245591420314733,284,0.06796144193474789,0.5422535211267606,12.0,0.13253333333333334,0.06084634333333333,0.3,0.005525477122869065,0.007568220186249346,5.405871561606676
od_fut_PORT3_1h_entry=4.0_exit=None_kind=ret_max_hold=12_n=1_trend_mode=with_trend_n=1200,futures,PORT3,1h,"{""entry"": 4.0, ""exit"": null, ""kind"": ""ret"", ""max_hold"": 12, ""n"": 1, ""trend_mode"": ""with"", ""trend_n"": 1200}",0.13704675075448458,0.2664791776864994,-0.3142940374732657,261,0.06194387405886379,0.5363984674329502,12.0,0.12179999999999999,0.06760657666666667,0.3,0.0021834742896582673,0.004360561377780872,3.114686698414909
od_fut_PORT3_1h_entry=2.5_exit=0.0_kind=z_max_hold=48_n=50_side=long_trend_mode=with_trend_n=480,futures,PORT3,1h,"{""entry"": 2.5, ""exit"": 0.0, ""kind"": ""z"", ""max_hold"": 48, ""n"": 50, ""side"": ""long"", ""trend_mode"": ""with"", ""trend_n"": 480}",0.5979885573846413,0.824951206367679,-0.32800217544203536,241,0.135295459730778,0.6763485477178424,27.929460580912863,0.11246666666666666,0.030916343333333332,0.6,0.006084170706932619,0.007869021453820586,5.620729609871847
od_fut_PORT3_1h_entry=3.0_exit=0.0_kind=vwap_max_hold=48_n=72_side=long_trend_mode=with_trend_n=480,futures,PORT3,1h,"{""entry"": 3.0, ""exit"": 0.0, ""kind"": ""vwap"", ""max_hold"": 48, ""n"": 72, ""side"": ""long"", ""trend_mode"": ""with"", ""trend_n"": 480}",0.8575790565443779,1.0472609041090157,-0.3256228069473842,215,0.14333789641797856,0.6325581395348837,33.26046511627907,0.1001,0.030308489999999997,0.4,0.009199801502219423,0.011019454851056633,7.871039179326166
od_fut_PORT3_1h_entry=3.5_exit=0.0_kind=rsi_max_hold=48_n=6_side=long_trend_mode=with_trend_n=480,futures,PORT3,1h,"{""entry"": 3.5, ""exit"": 0.0, ""kind"": ""rsi"", ""max_hold"": 48, ""n"": 6, ""side"": ""long"", ""trend_mode"": ""with"", ""trend_n"": 480}",0.3518990304455012,0.9283647882644496,-0.13406500561150747,236,0.057523385808806754,0.6652542372881356,11.470338983050848,0.11013333333333333,0.012685703333333334,0.3,0.003857940854395216,0.005419199795073182,3.8708569964808444
od_fut_PORT3_1h_entry=3.0_exit=None_kind=ret_max_hold=12_n=4_side=long_trend_mode=with_trend_n=480,futures,PORT3,1h,"{""entry"": 3.0, ""exit"": null, ""kind"": ""ret"", ""max_hold"": 12, ""n"": 4, ""side"": ""long"", ""trend_mode"": ""with"", ""trend_n"": 480}",0.7568956922497654,1.2560429854915232,-0.14375442050659715,128,0.032198266027834814,0.59375,12.0,0.05973333333333333,0.0025026566666666666,0.3,0.013634807351032133,0.015093463366657133,10.781045261897953
od_fut_PORT3_1h_entry=4.0_exit=None_kind=ret_max_hold=12_n=1_side=long_trend_mode=with_trend_n=480,futures,PORT3,1h,"{""entry"": 4.0, ""exit"": null, ""kind"": ""ret"", ""max_hold"": 12, ""n"": 1, ""side"": ""long"", ""trend_mode"": ""with"", ""trend_n"": 480}",0.5458582733408837,1.1486403537930823,-0.14404502245181283,122,0.030401551448779374,0.5655737704918032,12.0,0.056933333333333336,0.00646507,0.3,0.010462451968595124,0.012021429099742666,8.586735071244762
od_fut_PORT3_1h_entry=2.5_exit=0.0_kind=z_max_hold=48_n=50_side=short_trend_mode=with_trend_n=480,futures,PORT3,1h,"{""entry"": 2.5, ""exit"": 0.0, ""kind"": ""z"", ""max_hold"": 48, ""n"": 50, ""side"": ""short"", ""trend_mode"": ""with"", ""trend_n"": 480}",-0.19869039134525435,-0.2648036653980502,-0.34388103780288193,226,0.11670088980150582,0.6769911504424779,26.601769911504423,0.10546666666666665,-0.004515336666666668,0.3,-0.0020909927281965875,-0.0007509308255417204,-0.5363791611012289
od_fut_PORT3_1h_entry=3.0_exit=0.0_kind=vwap_max_hold=48_n=72_side=short_trend_mode=with_trend_n=480,futures,PORT3,1h,"{""entry"": 3.0, ""exit"": 0.0, ""kind"": ""vwap"", ""max_hold"": 48, ""n"": 72, ""side"": ""short"", ""trend_mode"": ""with"", ""trend_n"": 480}",-0.21410736372900252,-0.26015111757086345,-0.34701553775402116,196,0.12505703855806524,0.5816326530612245,34.11224489795919,0.09146666666666667,-0.001098670000000003,0.3,-0.0029414222436469355,-0.001558238621197956,-1.1130275865699686
od_fut_PORT3_1h_entry=3.5_exit=0.0_kind=rsi_max_hold=48_n=6_side=short_trend_mode=with_trend_n=480,futures,PORT3,1h,"{""entry"": 3.5, ""exit"": 0.0, ""kind"": ""rsi"", ""max_hold"": 48, ""n"": 6, ""side"": ""short"", ""trend_mode"": ""with"", ""trend_n"": 480}",-0.12709952470782782,-0.3031605815103116,-0.1957480339926575,197,0.048254620123203286,0.6345177664974619,11.598984771573605,0.09193333333333334,-0.0025968700000000003,0.7,-0.0017113234847709884,-0.00035086972842581063,-0.25062123458986474
od_fut_PORT3_1h_entry=3.0_exit=None_kind=ret_max_hold=12_n=4_side=short_trend_mode=with_trend_n=480,futures,PORT3,1h,"{""entry"": 3.0, ""exit"": null, ""kind"": ""ret"", ""max_hold"": 12, ""n"": 4, ""side"": ""short"", ""trend_mode"": ""with"", ""trend_n"": 480}",-0.2644770399657297,-0.4599952017877773,-0.29822779613020756,96,0.02358544375998175,0.40625,12.0,0.0448,0.05445029,0.3,-0.008934922158898672,-0.005833350596398671,-4.166678997427622
od_fut_PORT3_1h_entry=4.0_exit=None_kind=ret_max_hold=12_n=1_side=short_trend_mode=with_trend_n=480,futures,PORT3,1h,"{""entry"": 4.0, ""exit"": null, ""kind"": ""ret"", ""max_hold"": 12, ""n"": 1, ""side"": ""short"", ""trend_mode"": ""with"", ""trend_n"": 480}",-0.20237186500080195,-0.2557000939888245,-0.30258072731984886,114,0.026209217430983346,0.49122807017543857,12.0,0.0532,0.061988593333333314,0.4,-0.004089052673546973,-0.001057773901617148,-0.7555527868693914
od_fut_PORT3_1h_adx_max=20.0_entry=2.5_exit=0.0_kind=z_max_hold=48_n=50,futures,PORT3,1h,"{""adx_max"": 20.0, ""entry"": 2.5, ""exit"": 0.0, ""kind"": ""z"", ""max_hold"": 48, ""n"": 50}",-0.5179041868765379,-0.7060139812772852,-0.5269756337845211,526,0.30843600273785077,0.6463878326996197,27.359315589353614,0.24546666666666667,-0.08038490666666666,0.4,-0.003605053252070154,-0.0026635223014998114,-1.9025159296427225
od_fut_PORT3_1h_adx_max=20.0_entry=3.0_exit=0.0_kind=vwap_max_hold=48_n=72,futures,PORT3,1h,"{""adx_max"": 20.0, ""entry"": 3.0, ""exit"": 0.0, ""kind"": ""vwap"", ""max_hold"": 48, ""n"": 72}",-0.5505690308981054,-0.8957277337174249,-0.6239200153733285,361,0.263118868355008,0.5761772853185596,32.93628808864266,0.16846666666666665,-0.09868802666666666,0.5,-0.005873437313574772,-0.00529355941883793,-3.7811138705985217
od_fut_PORT3_1h_adx_max=20.0_entry=3.5_exit=0.0_kind=rsi_max_hold=48_n=6,futures,PORT3,1h,"{""adx_max"": 20.0, ""entry"": 3.5, ""exit"": 0.0, ""kind"": ""rsi"", ""max_hold"": 48, ""n"": 6}",-0.44962775641307096,-1.2315282107877152,-0.4824504481172994,321,0.09707962582705909,0.5638629283489096,13.09968847352025,0.1498,-0.028192369999999998,0.5,-0.0053890929975946985,-0.004252573091052643,-3.037552207894745
od_fut_PORT3_1h_adx_max=20.0_entry=3.0_exit=None_kind=ret_max_hold=12_n=4,futures,PORT3,1h,"{""adx_max"": 20.0, ""entry"": 3.0, ""exit"": null, ""kind"": ""ret"", ""max_hold"": 12, ""n"": 4}",-0.09731716008134428,-0.2716314745268187,-0.17289525418375673,87,0.023100616016427104,0.4482758620689655,12.0,0.0406,-0.005542266666666668,0.7,-0.003404410235245954,-0.0021955228789241146,-1.568230627802939
od_fut_PORT3_1h_adx_max=20.0_entry=4.0_exit=None_kind=ret_max_hold=12_n=1,futures,PORT3,1h,"{""adx_max"": 20.0, ""entry"": 4.0, ""exit"": null, ""kind"": ""ret"", ""max_hold"": 12, ""n"": 1}",-0.1521365185580813,-0.5630636917118332,-0.22470802876539564,92,0.025268081222906684,0.4673913043478261,12.0,0.04293333333333333,4.845333333333289e-05,0.6,-0.005334263490766441,-0.003932683490766441,-2.8090596362617433
