market,sym,hour,n,mean_bp,t,pos_years,years,y2017,y2018,y2019,y2020,y2021,y2022,y2023
spot,BTCUSDT,0,2326,2.08959525127477,1.0883881942722555,5,7,3.4681171330852743,-3.794521078748344,8.422414150728548,1.1751776766468005,4.06918815319069,-3.1399341739324895,5.277990136800064
spot,BTCUSDT,1,2324,-1.3961842411148677,-0.7762950679163961,3,7,-5.287881567049585,-5.957134060026669,0.14108339741673345,0.3491631215725137,5.130998741707591,-4.942030370491752,-1.6913982234218754
spot,BTCUSDT,2,2311,-3.1443445716717515,-1.7175335426102143,1,7,-3.040971592237966,-6.050226973552502,-0.9542919952662858,1.737965555624866,-11.593348970211869,-1.4308433048467266,-0.6589601245739022
spot,BTCUSDT,3,2313,-3.1852361589076357,-2.028543345270645,3,7,3.369151806825585,-11.961716859316814,-3.061803841066089,1.3365978831502188,-6.611972353088432,-2.352866249904089,0.9732385939058046
spot,BTCUSDT,4,2316,-0.5720802833726035,-0.36077727256784903,4,7,7.877406812750983,1.5556741467876336,-2.131848846882071,-7.935107044179154,-0.16769987333337566,0.8374063579285218,1.2620147910635908
spot,BTCUSDT,5,2318,0.4689042357507343,0.31426061508054814,4,7,-15.663105209958896,4.2209174482686755,-1.6002146238351735,1.1944452648573733,2.9293990038022724,3.608647071649523,-1.43885518296964
spot,BTCUSDT,6,2317,2.962627315350129,1.8781468805623807,5,7,12.34960985582382,8.603749197728295,-2.0180805876669816,4.860348618262953,4.642393418849175,-2.686383651887373,0.9067992684416114
spot,BTCUSDT,7,2317,1.2564834805495713,0.7712132467710361,5,7,18.972637303511153,-6.154391277223287,0.621319236392795,1.7677441931068734,2.471759474793024,4.500293789275023,-2.439234187153615
spot,BTCUSDT,8,2320,0.3895811695959134,0.23003909940550374,4,7,14.395005922062548,-3.8962876755720193,-4.005735541134066,1.3388895532624832,2.1138991111552357,-0.23331175997417503,1.6825315238727185
spot,BTCUSDT,9,2324,-1.7580656083402422,-1.0677035897986389,3,7,-8.2030617734323,-5.871748425383294,1.4290834278554074,0.08328783250197921,-2.4378858442763054,-2.330093088241427,0.9879214985023912
spot,BTCUSDT,10,2324,-0.2031274183320999,-0.10759979048674695,3,7,-6.423122091017944,-4.269789492496889,-2.75652282696971,-1.0353854939897043,3.813297682454357,2.612950466988488,2.7220346077222106
spot,BTCUSDT,11,2325,2.1537893905008656,1.335728277996609,4,7,-2.262228284598844,12.076572735903333,1.3484827895303007,0.7067082650104041,-0.20414030251184462,-1.1545570690606177,1.8633185890760424
spot,BTCUSDT,12,2325,3.24942185698265,1.6666740813189835,6,7,25.755687805231958,1.664709234411179,1.6507106691704532,4.356559085750848,2.731135311765229,-3.078674042347361,3.715811818157776
spot,BTCUSDT,13,2324,2.8582495297140946,1.4724649753728083,4,7,-0.332208666835644,0.18197720558126043,2.7626975291045963,9.185139414778014,11.547085013617027,-3.1836999587413817,-2.174640826265716
spot,BTCUSDT,14,2326,-2.2317577187158504,-1.0594885254163848,4,7,11.642700548074153,-8.124639750091294,-1.4760675079380519,0.6724338424757859,-13.99843764997072,3.9894890933726597,0.3228574007288297
spot,BTCUSDT,15,2325,3.1556640071549986,1.6628901072387383,6,7,0.7491309402058496,1.540818458652875,9.121120307676795,5.830520082771204,2.931703099297963,0.803483964501807,-0.38748367627435665
spot,BTCUSDT,16,2324,0.9579742464579268,0.48288494729733544,3,7,-2.7860154088984364,4.981888885868343,1.7552246191524041,-0.014778888159110146,1.8106631864749672,-1.3548207164066086,-0.026951458502273762
spot,BTCUSDT,17,2325,-2.0033150180600203,-1.1876393074179794,4,7,1.2743501452473118,-9.72687171970136,1.56149220513023,2.3154342004145363,-0.1411694830600322,-9.922740195790164,2.651537435574234
spot,BTCUSDT,18,2326,1.3720928687241882,0.849233366138885,5,7,0.205594633326909,3.450869343356924,2.070637775783164,-1.1396233246356087,1.9167734149857611,-3.3711705269784322,5.7522876604689985
spot,BTCUSDT,19,2326,3.0466818035116403,1.8107895550159625,5,7,21.234563707021714,4.559380435405921,2.4536182175742858,6.342023799496003,1.1957624962538438,-1.7495957047482396,-1.3028370043954245
spot,BTCUSDT,20,2326,1.1375647777714724,0.6254275424826484,3,7,-1.6111061906710993,-5.510366538432227,-1.5371598463714846,7.268274050001551,-3.210821733732224,7.715376513778395,3.0892385806170317
spot,BTCUSDT,21,2326,4.643970266741108,2.5935286813496807,4,7,12.858587247562525,-0.5943494782894644,6.542890284788663,10.204117267824723,13.191700702499471,-4.393316257299946,-0.17759455233112081
spot,BTCUSDT,22,2326,5.078696369748487,2.9767376243167063,6,7,30.902594525209338,2.3001885597593548,5.530199542636462,5.639497951126288,-0.4313963773581632,1.091029006910811,6.711455539432495
spot,BTCUSDT,23,2327,-1.7589452495280806,-0.9479147103837262,3,7,-4.6424204839424155,3.4473324480733223,-1.7937469306434917,-10.441974849278925,1.2076329288581955,-2.4139564659658888,0.5613849729173893
spot,ETHUSDT,0,2326,5.036022341320853,1.9878497061691944,5,7,-1.5098118697245815,5.79659468618744,10.88248032801801,8.8466482165508,0.6031889602316874,-1.9353099701232024,8.453171276846184
spot,ETHUSDT,1,2324,-1.8761574742710876,-0.8360299144281407,3,7,0.6691841579660217,-6.156790965536547,-3.419218192723247,1.8435935254623392,4.412714672394327,-5.766665751352587,-3.164353787179789
spot,ETHUSDT,2,2311,-3.4711970453099137,-1.6302486646206926,1,7,5.391508434550318,-1.3918860254388172,-2.2148653182506215,-2.8186708395574334,-12.556559176519345,-4.781869119609165,-0.39265938434648456
spot,ETHUSDT,3,2313,-7.172628254091662,-2.3405877670960917,1,7,-40.7510191057067,-13.503498842816741,-1.000081853557507,-2.8461662666856906,-12.623759291309181,-2.4803939028409188,1.9093463444180456
spot,ETHUSDT,4,2316,5.113219322111468,1.1036260539161438,3,7,91.9141474295283,-0.5749966332359739,-0.9595338735783494,-10.67896934509907,9.519601878172073,-0.2922521759659797,0.9661182990250428
spot,ETHUSDT,5,2318,2.346561156261653,1.2466224492467932,5,7,6.416286373570652,5.255228073115046,-4.4117375888796175,2.9638777218706256,6.492358933159884,4.320357658821139,-2.062936045268674
spot,ETHUSDT,6,2317,1.8729405359885365,1.0262861449294327,4,7,5.030305221431304,4.625468687111741,-3.3643966281102022,7.3699978373246715,4.090719772671834,-2.417580517698984,-0.24338244291450847
spot,ETHUSDT,7,2317,-0.0003525716784323693,-0.00018110314796990546,5,7,-4.075022107027581,-8.65876610645273,1.5050826726875604,0.45772189996712137,5.008562384313089,2.8344564617111416,0.2764582338884907
spot,ETHUSDT,8,2320,-0.9978314328434271,-0.5033370631419826,3,7,9.162369818553044,-4.137458764386342,-5.380829703132455,5.04204939582234,-1.6291928857548654,-4.5484203386665945,0.7680063102321862
spot,ETHUSDT,9,2324,-3.8703332411759157,-1.8920307368739546,1,7,-7.540194645454094,-11.196926725196677,-2.255478118159615,-4.096240299990034,-2.675147249073292,-2.31368774628225,0.6622572470516253
spot,ETHUSDT,10,2324,-0.1703852846680738,-0.07759405337195151,4,7,-15.447113639162628,-5.230209714138282,-0.9716863611109211,3.2370715680430946,2.5309911995677115,4.575292116130955,0.5403139619383714
spot,ETHUSDT,11,2325,2.0205691770682694,1.042104233906819,4,7,-0.8226489213704974,14.588836184980135,-4.661729990676702,-1.64290785357502,0.5217638216885467,3.1660910268855473,1.279138835750488
spot,ETHUSDT,12,2325,4.426106317050109,1.9341710390386404,6,7,31.758865362175403,4.52220045830633,3.0162027856803832,2.56263153164631,4.012253372212452,-1.5331023445595886,3.7137074453920857
spot,ETHUSDT,13,2324,4.047452816846323,1.7075063930352359,4,7,2.6605441248972137,-1.7090573893643732,5.285698834732158,11.150372426631291,15.867693306746538,-3.189583296144979,-2.649732227164904
spot,ETHUSDT,14,2326,-3.4580805341306036,-1.3367334010732865,2,7,9.308642438048482,-10.924117310633754,-7.46493131541035,-2.295139982443022,-6.803741170707826,3.689943241813978,-1.7628448426493264
spot,ETHUSDT,15,2325,4.182778731132699,1.7619890622616503,4,7,-3.608594352865453,-2.532288901078934,11.001185365539756,7.966690670754715,11.27624805539112,2.207566976818174,-1.906327159217245
spot,ETHUSDT,16,2324,3.8830909792418633,1.560583486108577,5,7,7.867917069783672,6.2875875602272,4.196760679785109,3.708025366964056,8.135642771317317,-0.46428730641682653,-0.043832285042057044
spot,ETHUSDT,17,2325,-3.3017876297719915,-1.6463449096829414,2,7,-1.787766241523317,-15.50823073553382,-3.513183070646288,5.359131581772885,-1.8360206406248019,-9.376754185479273,4.46676044473529
spot,ETHUSDT,18,2326,1.2843979181463083,0.6395331702359404,5,7,9.99329609319255,2.3791223104933175,-5.266708117107275,0.733945094910882,1.7014327657357842,-0.720343378704024,5.638486848369149
spot,ETHUSDT,19,2326,2.9101119445164363,1.4075662540591491,5,7,16.667940432713245,3.276299110627355,1.1604209350650216,7.3490300555628085,2.8503021203839105,-1.1731460371301021,-1.139597271765724
spot,ETHUSDT,20,2326,1.0944624026458438,0.5187004679871988,3,7,-9.049822896081293,-8.943323467386538,2.634948340791364,10.103248345901092,-2.13108385023014,10.752506589799076,-2.1219154366611512
spot,ETHUSDT,21,2326,5.022020014912013,2.399523722812701,5,7,15.721853369752546,4.142672735326817,7.074720993671668,7.265734473315771,17.514687070775718,-8.095972014691366,-1.765066725080771
spot,ETHUSDT,22,2326,4.697947564332341,2.2618944419919913,7,7,11.656035127036747,2.169961042882247,6.276657156275503,7.4902354877386355,1.9291474502787047,0.08968630282041541,7.624819362511809
spot,ETHUSDT,23,2327,0.2175994546891732,0.09584594835110626,3,7,-4.544873207912976,10.776688813053065,-0.27592247836022965,-9.899154375272788,4.229618204896299,-3.254000628337515,1.5725715701420178
spot,SOLUSDT,0,1237,5.435765278516314,1.0262857647499608,2,4,,,,-9.790713086834758,13.428295826474194,-5.554924282917908,14.35765012180047
spot,SOLUSDT,1,1237,0.7391205793851531,0.1611656545554089,3,4,,,,15.229094463265168,5.444963236643712,-17.336516891969474,8.471720074273104
spot,SOLUSDT,2,1233,-4.397632170949762,-1.093076248541606,1,4,,,,-30.72544997479164,-2.59997808346762,-2.4738084650937746,2.0661373579152627
spot,SOLUSDT,3,1235,-4.28734118108963,-1.1096382496010408,2,4,,,,-23.841087371250197,-12.99114871099752,1.9587993767611973,5.729844541496156
spot,SOLUSDT,4,1235,1.2381354662834354,0.35386523630113453,3,4,,,,-14.419485295112592,3.952171361261164,3.004567605879364,2.8639968013212616
spot,SOLUSDT,5,1235,6.518001137028311,1.6876509037364371,4,4,,,,17.117171056594042,10.576387017727107,3.1107137314370155,1.765627711737421
spot,SOLUSDT,6,1236,8.011199706200616,2.000021408662982,4,4,,,,3.4402395534141945,19.64050230876243,0.9870929692549898,5.216156290716573
spot,SOLUSDT,7,1236,5.337175948638562,1.2937787658137683,4,4,,,,17.960895830090834,2.754667623720944,6.741909145306172,1.5550689955255277
spot,SOLUSDT,8,1237,3.0592047255848622,0.7131510479293947,2,4,,,,-3.875447246867232,15.444919410108712,-5.925321107492122,2.4088129885083336
spot,SOLUSDT,9,1238,-0.7159527511280621,-0.17447235709206324,2,4,,,,19.256852928616713,-9.407621853930989,-3.742135466479082,3.1769368418108073
spot,SOLUSDT,10,1238,6.923259780047881,1.6716820430744885,3,4,,,,-6.660345510061753,14.928402797707388,10.385619659733772,0.7775529278687243
spot,SOLUSDT,11,1238,1.0724535506746495,0.2628686888827137,3,4,,,,-33.47822383858085,5.291643430105374,3.8794666798042616,7.582543327493865
spot,SOLUSDT,12,1238,5.364058696598779,1.0770129169689187,3,4,,,,21.72835100967498,10.55005922588373,-7.070207886002875,6.201108857395216
spot,SOLUSDT,13,1237,7.344845255226525,1.4753663228423815,2,4,,,,35.40865579514059,20.910609978390756,-1.6577930181837242,-8.255885682597421
spot,SOLUSDT,14,1238,-0.5506646795297357,-0.09590548206929146,2,4,,,,10.769874901341575,-5.351935523349137,2.019215410933863,-2.754444227720775
spot,SOLUSDT,15,1237,8.209885673685998,1.7077075885846158,3,4,,,,0.18608325012332935,28.35147016049813,2.7908990409162193,-3.391123292285402
spot,SOLUSDT,16,1237,0.6780446877187152,0.15263066626805863,1,4,,,,-2.957234964018692,11.588748140823245,-2.1304173219318017,-6.009923576155265
spot,SOLUSDT,17,1237,1.0924857294631558,0.2388661981050501,3,4,,,,2.3543232218234595,14.276483610859263,-24.011077883477355,12.521144820144102
spot,SOLUSDT,18,1238,5.550299152146101,1.4067441380735057,2,4,,,,-11.468787419365533,19.368614420780286,-5.47841309225617,9.428447853191345
spot,SOLUSDT,19,1238,0.23960262458947362,0.059708318956265286,2,4,,,,6.346329429107229,-1.3043475954653447,-4.735814475343146,4.366471497875435
spot,SOLUSDT,20,1238,-1.870438926157816,-0.4648011158770405,1,4,,,,-9.74996620224862,-8.312705932795811,8.33324437136435,-2.544807544491342
spot,SOLUSDT,21,1238,-0.8623187457925472,-0.21719797399625368,1,4,,,,-11.79571357667992,17.21859296699363,-14.26494434565534,-1.2571104455189583
spot,SOLUSDT,22,1238,2.300992199495046,0.5629570885989541,1,4,,,,-6.3943320656964255,-0.25172266999084275,-3.9389704899637987,14.500331045898356
spot,SOLUSDT,23,1238,0.1748831423240135,0.045993496122333964,1,4,,,,16.872448853788658,-2.207002696040274,-1.165849447837066,-2.64428444761485
futures,BTCUSDT,0,1461,2.2117510571931542,1.04882296233142,3,4,,,,1.08453128152045,5.06707740748239,-2.95348072697572,5.651964540103504
futures,BTCUSDT,1,1461,-0.23619495537469537,-0.12177258993508258,2,4,,,,0.36928269399485847,5.270932630712498,-4.830543712206551,-1.7561102768745722
futures,BTCUSDT,2,1461,-2.977940052839132,-1.5356404228636484,1,4,,,,1.566189092707543,-11.318483045432664,-1.5177493956847579,-0.6541665318385589
futures,BTCUSDT,3,1461,-1.3879519427315095,-0.7829494241219681,2,4,,,,2.213388533732478,-6.355473105002213,-2.4502333296810006,1.030643443787811
futures,BTCUSDT,4,1461,-1.7459842885945112,-1.1064869811139628,2,4,,,,-8.313241525666387,-0.5755641287563855,0.7117994894772153,1.2110614961485329
futures,BTCUSDT,5,1461,1.4698550208032553,0.9624452969381414,3,4,,,,0.9229356880851165,2.7228524194384542,3.697731966720648,-1.4626015819004632
futures,BTCUSDT,6,1461,1.848859519967538,1.1624782301209315,3,4,,,,5.01359270094198,4.201127119689572,-2.6647726771396987,0.8368204345126146
futures,BTCUSDT,7,1461,1.4552072944348096,0.9037087022168558,3,4,,,,1.672978931553066,2.209420282248793,4.338965356162412,-2.401132026847275
futures,BTCUSDT,8,1461,1.7743236105985616,0.8969421811288468,3,4,,,,2.164990965500399,3.2368190963809456,-0.04534056425055978,1.7397546232431826
futures,BTCUSDT,9,1461,-0.7632045942083674,-0.4503540431189654,2,4,,,,0.015825509806563363,-2.0033434680902933,-2.206689203269019,1.1392544556671833
futures,BTCUSDT,10,1461,1.8870309761556525,0.8583678036023589,3,4,,,,-1.3373192696537484,3.5721675086492404,2.6586788260726597,2.663430675844348
futures,BTCUSDT,11,1461,0.29246934876616953,0.179168406002481,2,4,,,,1.2314310819444259,-0.39406743200614264,-1.1454165578599533,1.4753578050872296
futures,BTCUSDT,12,1461,1.7777597910607068,0.783151030174313,3,4,,,,3.9260954934689196,2.52036392788845,-3.3016559178866487,3.9603498095326315
futures,BTCUSDT,13,1461,3.7269553152292927,1.8836893254785945,2,4,,,,9.151953795817434,11.205231930302212,-3.1839161270463427,-2.2803113476919923
futures,BTCUSDT,14,1461,-2.188906456911471,-0.9422934134481016,3,4,,,,1.2128658001668955,-14.39660147182325,4.001380750165464,0.41740916985300935
futures,BTCUSDT,15,1461,2.0598201529092934,1.0029920700184864,3,4,,,,5.271493619326078,2.6539033579332747,0.7517593764919444,-0.44667484750156516
futures,BTCUSDT,16,1461,0.6900414551485726,0.3418473979280884,3,4,,,,0.8645887028542109,2.8715611737937636,-1.1656095001748428,0.1891472324836091
futures,BTCUSDT,17,1461,-1.4807503334098095,-0.8421185115585872,2,4,,,,1.6358899017207083,-0.23977599810071767,-10.001726797736096,2.674072820106646
futures,BTCUSDT,18,1461,0.7596927208466233,0.4180002143124415,2,4,,,,-1.2234685834432302,1.8290963441301455,-3.4085133403544967,5.847089781695965
futures,BTCUSDT,19,1461,1.0057500268597044,0.5332000659980441,2,4,,,,6.257012981797569,0.9142243332642535,-1.755981089204823,-1.4066431402125323
futures,BTCUSDT,20,1461,3.623852376179112,1.7699072129419222,3,4,,,,6.844075916744754,-3.1482674846971697,7.729457716636872,3.0613208257838647
futures,BTCUSDT,21,1461,4.594078880292171,2.2074282168087755,2,4,,,,10.344896797062502,12.829296520166062,-4.561796007441013,-0.2518374541442639
futures,BTCUSDT,22,1461,3.0965001892822244,1.7163701366412059,3,4,,,,5.25372876459507,-0.5237486757282493,1.0110464393664749,6.639064013620772
futures,BTCUSDT,23,1461,-2.8440272207756236,-1.2704622160317292,2,4,,,,-10.215228058696646,0.7928891387567106,-2.3023968065369242,0.36882191416318894
futures,ETHUSDT,0,1461,4.785785546882916,1.6660332466375276,3,4,,,,10.225022474329986,2.208629577372518,-2.110449900646273,8.805038017496125
futures,ETHUSDT,1,1461,-0.7943374517159354,-0.3164202644963468,2,4,,,,1.774853618186379,4.147489151374405,-5.829424533338269,-3.2773069227298235
futures,ETHUSDT,2,1461,-4.999125170977256,-2.2034419162586496,0,4,,,,-2.7093477254642555,-11.863813869211526,-4.995885316407147,-0.4337271356905116
futures,ETHUSDT,3,1461,-3.896509755582303,-1.7092663473904361,1,4,,,,-2.421917477349823,-12.772639644894877,-2.36984337275175,1.9743214938227653
futures,ETHUSDT,4,1461,-0.6385532738279476,-0.3186094946641156,2,4,,,,-11.416619745889415,8.39815776804195,-0.29755376609635215,0.7913315978705516
futures,ETHUSDT,5,1461,2.9213091355868386,1.4925029795124958,3,4,,,,2.9737076602494437,6.220077091132535,4.4330865803063375,-1.9417783469427772
futures,ETHUSDT,6,1461,1.9197676231027159,0.9577712975629307,2,4,,,,6.781422493429879,3.5104271243347314,-2.2090392358055877,-0.4170594919326184
futures,ETHUSDT,7,1461,2.121995565934137,1.0064512493228746,4,4,,,,0.29003728039207066,5.005473706062405,2.7985088925726136,0.3989814485054633
futures,ETHUSDT,8,1461,0.651163926941972,0.2638592364986835,2,4,,,,6.3238544800737175,-0.030122351326630655,-4.594265340068531,0.8896473011355475
futures,ETHUSDT,9,1461,-2.1289460007181673,-1.0114989530660834,1,4,,,,-4.369032785096356,-2.5063850599943165,-2.3546272176089684,0.7203982838937611
futures,ETHUSDT,10,1461,2.5967675101685854,0.9810334390363483,4,4,,,,2.9667434485313158,2.3657309799835557,4.658715787352962,0.3948661920986648
futures,ETHUSDT,11,1461,0.7399803080734904,0.3443993818051002,3,4,,,,-1.084985101062872,0.24327761286374672,3.0790884232914673,0.7275402024321304
futures,ETHUSDT,12,1461,2.087280284705903,0.745508808238532,3,4,,,,2.1322645201616752,3.728394623503749,-1.4673970104021157,3.955735761079603
futures,ETHUSDT,13,1461,5.13227586817507,1.9823948185252398,2,4,,,,11.23909627530452,15.288976603017243,-3.2789618788332087,-2.7367385416023264
futures,ETHUSDT,14,1461,-1.959479476377646,-0.676745776270721,1,4,,,,-2.5839498744049303,-7.499168381345498,3.7033716846276326,-1.4564604565849726
futures,ETHUSDT,15,1461,4.815529150225271,1.852720899193735,3,4,,,,7.660022166634813,11.216496880349618,2.288822148904807,-1.911017726539961
futures,ETHUSDT,16,1461,3.644418971827072,1.3503570845646145,3,4,,,,4.955879073400693,9.722030002175499,-0.26254618511579836,0.15871995547372117
futures,ETHUSDT,17,1461,-0.6351594125198973,-0.27998831224276644,2,4,,,,4.80853945747319,-2.0572203690318536,-9.686178562496275,4.379307580495918
futures,ETHUSDT,18,1461,1.8764702546434722,0.7951285544567565,3,4,,,,0.8234679551500572,1.5410397575131016,-0.6540714537410025,5.798329697458564
futures,ETHUSDT,19,1461,1.896656692707583,0.8278061248901202,2,4,,,,7.158087712987491,2.8513728884951055,-1.2565720992878975,-1.180676610871983
futures,ETHUSDT,20,1461,4.092331644277165,1.6456047741850928,2,4,,,,10.072382209721834,-2.4099437736461975,10.903750246323922,-2.2132458054701996
futures,ETHUSDT,21,1461,3.673191278544794,1.4960084821517308,2,4,,,,7.359887799133408,17.241640501656878,-8.122276295795256,-1.7965874292284263
futures,ETHUSDT,22,1461,4.120658971716314,1.762249771413439,4,4,,,,6.851717423297695,1.9165091667386664,0.10609878641711984,7.600828158489635
futures,ETHUSDT,23,1461,-1.996365477116317,-0.7492696670516582,2,4,,,,-10.423291097599538,4.162132813650117,-3.1694407395758355,1.468224582513366
futures,SOLUSDT,0,1198,6.78765578529471,1.2974006324311675,2,4,,,,-1.7584684436819067,13.993786543034663,-5.804192364297257,14.529598316822106
futures,SOLUSDT,1,1198,1.8284504202451448,0.4047328166415754,3,4,,,,25.93101478889509,7.235420876964822,-17.39132632501362,8.246254419632209
futures,SOLUSDT,2,1198,-2.6147894223227044,-0.6523376487899044,1,4,,,,-15.081884120459128,-4.3350804186851954,-1.8002973625551404,1.9910607134436515
futures,SOLUSDT,3,1198,-2.532246074918225,-0.6036213382434757,2,4,,,,-22.214078323282294,-12.745365234013999,5.406336157839641,5.674703985630937
futures,SOLUSDT,4,1198,1.8095952391509615,0.515300397704855,3,4,,,,-14.11957826120286,4.293756023752796,3.000155232298395,2.8644731956590905
futures,SOLUSDT,5,1198,5.451695065389333,1.4373710244362372,4,4,,,,9.211154194554016,10.098765997729691,3.2333816308394927,1.8801618056192657
futures,SOLUSDT,6,1198,6.7877417107861975,1.7407186835119086,3,4,,,,-5.373104677507946,18.877423287007517,0.13249905589590716,4.860412917294388
futures,SOLUSDT,7,1199,3.5399261773147637,0.9118924133366578,4,4,,,,3.4761359826783225,2.763558786669123,6.092202224334172,1.818029881079267
futures,SOLUSDT,8,1199,0.8305359860481114,0.1889897231642879,2,4,,,,-15.155623782758198,15.39423441630725,-10.672838938150182,2.386581083217117
futures,SOLUSDT,9,1199,-1.510588256762739,-0.38508292498792124,2,4,,,,5.37185300651426,-8.331729596635771,-1.539442939052819,3.2837081185273775
futures,SOLUSDT,10,1199,8.86941185043673,2.2136064693527837,4,4,,,,7.8633254740978185,16.281797706176135,9.583654427426142,1.0530152749843165
futures,SOLUSDT,11,1199,3.200685535314126,0.8241642708205676,3,4,,,,-23.383638954131815,4.917892750085755,5.591995230551172,7.06380675633502
futures,SOLUSDT,12,1199,5.075712164919995,0.9562743929643821,3,4,,,,32.44806753766126,8.951195651691455,-7.916271303754212,5.8400295359400864
futures,SOLUSDT,13,1199,4.8672488215879826,0.9339456692641042,2,4,,,,14.675483545477702,23.284037781614476,-3.3594080622158735,-8.364611663738765
futures,SOLUSDT,14,1199,-3.2960233828055836,-0.6523368801367071,1,4,,,,-9.56309275565342,-6.483463051167387,0.9935854965604044,-2.467895043022799
futures,SOLUSDT,15,1199,8.189345446053904,1.6297129179983545,3,4,,,,3.2298786183747583,28.37745460885974,1.1687984338060609,-3.593342323255362
futures,SOLUSDT,16,1199,0.2630137936557783,0.059525637586057625,1,4,,,,-11.157350466522672,11.926765030438235,-2.059390950979151,-5.699681518666335
futures,SOLUSDT,17,1199,0.2775369966697617,0.05997806009541259,2,4,,,,-0.7213577297569179,13.162450265105608,-24.84154205733895,12.465905877887735
futures,SOLUSDT,18,1199,5.142349177398389,1.288902103188675,2,4,,,,-13.841014038114963,17.852532067388786,-6.63986137091428,9.721981048732696
futures,SOLUSDT,19,1199,0.6640232968940114,0.16409785833507173,2,4,,,,1.5632021500465711,-1.0670396984168695,-1.4843762665670588,4.245533820567512
futures,SOLUSDT,20,1199,-1.7518232893207157,-0.4196525222533818,1,4,,,,-1.0192510734253564,-7.360009884398626,4.954135243641583,-2.9765009227332766
futures,SOLUSDT,21,1199,0.19541834357630009,0.04948448731514762,1,4,,,,-9.33765184979967,16.548179199550308,-12.50894004258809,-0.7801543751452118
futures,SOLUSDT,22,1199,2.3014877678079975,0.5609015036586313,1,4,,,,-11.293368398260153,-0.013508499891504117,-3.2694763490191527,14.170967334573806
futures,SOLUSDT,23,1199,1.286741959760315,0.3364661938768914,2,4,,,,12.283742915967304,-1.1680792023307518,3.914386107137951,-2.1341218022102915
