name,interval,params,total_return,sharpe,max_drawdown,trades,alfa,beta,alfa_t,exposure,gross_pt_bps,net_pt_bps,win,avg_bars,maker_giris,maker_cikis,orders,fill_rate,mo_fill_mkt_bps,mo_miss_mkt_bps,mo_all_mkt_bps,mo_fill_lim_bps,iyilesme_bps,y2020,y2021,y2022,y2023,y2024,leg_BTC,leg_ETH,leg_SOL,ret_2x,sharpe_2x,sec
t2_limit_gun_ici_fitil_1h_k2.5_H1,1h,"{""H"": 1, ""k"": 2.5, ""sig_n"": 168, ""yontem"": ""fitil""}",0.026846314092810797,0.12575744860022464,-0.436468729622823,4126,-0.03930090644186899,0.055055580878686304,-0.4724531823610998,0.05683269476372925,10.080406155715464,-3.9195938442845293,0.48303441589917595,1.0,1.0,0.0,120616,0.03420773363401207,-188.92981874698486,7.938473005367012,1.2040549201195814,10.08785963490489,204.03892374990792,-0.14288568018225345,0.9703709799640019,-0.3218103151301276,0.01696692320761528,-0.11842211432240701,-0.6549026119084265,-0.35033834660488883,2.972891986120108,,,2.7
t2_limit_gun_ici_fitil_1h_k2.5_H3,1h,"{""H"": 3, ""k"": 2.5, ""sig_n"": 168, ""yontem"": ""fitil""}",1.734151398540492,0.8710138050020592,-0.4297288330492818,3608,0.08281017641232698,0.1351550144844334,0.7358688144403303,0.14287994891443168,19.1676128784296,4.836788440491868,0.5291019955654102,3.0,1.0,0.0,113912,0.03167357258234427,-178.65393883909962,8.927910632074278,2.986523307718675,19.151853979255197,202.2867011660851,0.11213973445948455,2.064987030031019,-0.3496171374482081,0.25427099730375247,-0.016727051167324536,0.15032550471644202,-0.07867972690684943,10.64794613202837,,,1.5
t2_limit_gun_ici_fitil_1h_k2.5_H6,1h,"{""H"": 6, ""k"": 2.5, ""sig_n"": 168, ""yontem"": ""fitil""}",3.585283192026198,1.0464447920478688,-0.5663424524101903,3174,0.11971586782371806,0.2138357234496882,0.877728959096051,0.24313537675606642,26.75413187980441,12.440748815694691,0.5299306868304978,6.0,1.0,0.0,105698,0.030028950405873337,-169.58005365549036,12.044947664989289,6.590939507869928,26.730576172160163,200.3840655628117,0.08819132283712139,3.227069782689484,-0.4309101862247986,0.5661580873024381,0.1184203941237858,0.9858555138346297,0.3828933464954598,16.93835778267541,,,1.5
t2_limit_gun_ici_fitil_1h_k3.5_H1,1h,"{""H"": 1, ""k"": 3.5, ""sig_n"": 168, ""yontem"": ""fitil""}",1.5290116446668964,1.1213930414306001,-0.21381237446021828,1804,0.17769866774106435,0.02038055182475023,2.219087659306134,0.02531472359058566,25.669262300800245,11.669262300800254,0.5521064301552107,1.0,1.0,0.0,122938,0.01467406334900519,-243.9252522670713,4.79378637184886,1.1440674427576751,25.72973507910518,278.46539560716974,-0.057139522589666814,1.3239411815357416,-0.04303423978075571,0.012892995204392577,0.1907437171530606,0.06850941580185888,1.051884359173802,5.28506777683077,,,1.4
t2_limit_gun_ici_fitil_1h_k3.5_H3,1h,"{""H"": 3, ""k"": 3.5, ""sig_n"": 168, ""yontem"": ""fitil""}",3.337674605724202,1.4766989106532205,-0.2886756971264912,1635,0.21973100923719474,0.0834833802681421,2.4141292660839877,0.06652526911147601,38.20382090528962,24.1066419399432,0.5541284403669725,3.0,1.0,0.0,119831,0.013644215603641796,-227.05869682454318,6.653794938542596,3.464971311662696,38.27365453914183,272.63933899123003,0.18733730297961038,1.662146762243022,0.03440163034306831,0.2750454086203129,0.040485459171618166,0.06377616754409621,1.943864101292609,17.84978452136299,,,1.4
t2_limit_gun_ici_fitil_1h_k3.5_H6,1h,"{""H"": 6, ""k"": 3.5, ""sig_n"": 168, ""yontem"": ""fitil""}",4.522382090239248,1.2783869623120954,-0.39772948423916166,1509,0.23232283709345009,0.1337467456092054,1.8357769010899958,0.12034756431308155,47.36389492316633,33.818917455185,0.5606361829025845,6.0,1.0,0.0,115683,0.013044267524182465,-217.71807240075447,10.463849796661036,7.487383759335757,47.39498554635676,271.8947202504636,-0.11180114141438036,2.7280647234204607,-0.06952116647352524,0.4437941443915818,0.24142653266960012,0.22496834575777935,4.50251279026295,14.738143300724763,,,1.7
t2_limit_gun_ici_fitil_1h_k4_H1,1h,"{""H"": 1, ""k"": 4, ""sig_n"": 168, ""yontem"": ""fitil""}",1.6280249308004735,1.1450891565718495,-0.19134767727740432,1261,0.1936717345233079,0.013317142865484327,2.3710143920429165,0.017720306513409962,33.47988582228011,19.479885822280117,0.5717684377478192,1.0,1.0,0.0,123481,0.01021209740769835,-272.5731359785649,3.9809324929807492,1.1567354072540459,33.58051836092652,317.4698538123234,-0.04328840568834291,1.2175975940987942,0.0026461359553757724,0.016225398722694795,0.21570435466680316,0.22301788714681448,1.2352879572649798,4.793333462269833,,,1.6
t2_limit_gun_ici_fitil_1h_k4_H3,1h,"{""H"": 3, ""k"": 4, ""sig_n"": 168, ""yontem"": ""fitil""}",3.4613701705092588,1.6562771832446483,-0.26344582831458474,1168,0.25319715596711373,0.05541798598509777,3.034751450475655,0.04818919905126802,50.152349604557664,36.21261347824286,0.5667808219178082,3.0,1.0,0.0,121232,0.009634419955127359,-251.61567309649433,6.076210312268275,3.593498488480538,50.21316498609051,311.10948801734946,0.3756868405371796,1.4937606207264191,-0.02102355208623874,0.24839630175089256,0.06406754346668242,0.4456241264453378,1.535594226192328,17.499415234501924,,,1.8
t2_limit_gun_ici_fitil_1h_k4_H6,1h,"{""H"": 6, ""k"": 4, ""sig_n"": 168, ""yontem"": ""fitil""}",3.595213844981539,1.320008464776564,-0.36240857996349973,1095,0.21861760292314317,0.10363447295073869,2.015202326704499,0.0891488779419814,56.19266822750196,42.59466259087809,0.5707762557077626,6.0,1.0,0.0,118162,0.00926693860970532,-244.51216099498768,9.979995581419967,7.6216323897748826,56.2250232729387,309.5296990100511,-0.03226630121238183,2.6045361793968462,-0.16486925382872908,0.400902846353,0.12599894243110787,0.0973824290908778,4.218185293594729,10.540100236810428,,,2.2
t2_limit_gun_ici_fitil_1h_k3_H3,1h,"{""H"": 3, ""k"": 3, ""sig_n"": 168, ""yontem"": ""fitil""}",1.8055371514915226,0.9590178133369421,-0.3980578224218615,2387,0.1233482984333618,0.09812443796221768,1.179268369274509,0.09434865900383142,23.94399127310706,9.69250469880456,0.5362379555927943,3.0,1.0,0.0,117575,0.02030193493514778,-207.57222729768927,7.668325369903788,3.2985256742410636,23.97872182580674,237.58770293148916,0.19051424238737935,1.5847195000066656,-0.2524104593241524,0.2707851597286757,-0.0403062680037235,-0.26558147006382216,0.3406029264862187,14.10026727417706,,,1.2
t2_limit_gun_ici_fitil_1h_k3_H6_t50,1h,"{""H"": 6, ""k"": 3, ""sig_n"": 168, ""trend_gun"": 50, ""trend_mod"": ""ile"", ""yontem"": ""fitil""}",3.726151105631568,1.926537367681686,-0.2637734304179963,1191,0.27339058572407254,0.04454238381571667,3.703529061160827,0.10180623973727422,50.846541317547754,35.58954635602472,0.5717884130982368,6.0,1.0,0.0,61021,0.019517870896904346,-182.5498641879951,15.088887966403915,11.23140031762908,50.782071652267184,238.63892821307078,0.20305250601110503,1.7722511357057846,-0.22410209912841073,0.5427905929780805,0.18380151564179115,0.7620562417756731,2.829661694424096,10.25930466232241,,,1.3
t2_limit_gun_ici_fitil_1h_k3_H1_t50,1h,"{""H"": 1, ""k"": 3, ""sig_n"": 168, ""trend_gun"": 50, ""trend_mod"": ""ile"", ""yontem"": ""fitil""}",1.6606387652265537,1.653962627050987,-0.13061930437079472,1430,0.20506694685827206,-0.0018368987389154603,3.727680194191062,0.021392081736909322,30.670144713031384,16.67014471303139,0.5545454545454546,1.0,1.0,0.0,66313,0.021564399137424035,-205.9510400016513,6.6024905522485335,2.018901381315582,30.726885348014818,242.82968509337417,0.0484478782994604,1.2772222504236361,-0.0719570929805925,0.10346621545433954,0.08819456838991724,0.21277074184721778,1.1788210273019386,5.500012689200806,,,1.5
t2_limit_gun_ici_fitil_1h_k3_H6_s72,1h,"{""H"": 6, ""k"": 3, ""sig_n"": 72, ""yontem"": ""fitil""}",2.20212856570008,0.9693556581850831,-0.5965048763769019,2401,0.11484551129838548,0.13705887729888902,0.9906411081268939,0.18361156723225688,26.636436809621234,12.29840387754903,0.5276967930029155,6.0,1.0,0.0,110624,0.021704150997975125,-187.3067381923727,11.468563611504324,7.1543144464849,26.616419652219438,219.0234830007466,0.07053753371911542,2.9605718484801375,-0.4745790915130167,0.40734173020358777,0.02134402759981291,-0.22848339971537357,1.745897077746044,7.96911257943726,,,1.4
t2_limit_gun_ici_fitil_1h_k3_H6_s336,1h,"{""H"": 6, ""k"": 3, ""sig_n"": 336, ""yontem"": ""fitil""}",2.663169881151858,1.0341419149748265,-0.5770999945458137,2054,0.13147565476870002,0.14972179967216603,1.0948984345944488,0.16128443714650612,31.793385131193354,17.599881948583832,0.5506329113924051,6.0,1.0,0.0,111899,0.01835583874744189,-206.52666534776094,10.536102865829214,6.551733694427197,31.815384766731572,244.23140247577874,0.15441069044364264,2.6594059058017274,-0.47976575296431134,0.43946013069374357,0.1579439986584339,0.46832966038087576,0.8556694249791039,9.048053366980163,,,2.0
t2_limit_gun_ici_fitil_1h_k3_H6_cik5b,1h,"{""H"": 6, ""cikis_bps"": 5, ""cikis_m"": 3, ""k"": 3, ""sig_n"": 168, ""yontem"": ""fitil""}",3.641948915452245,1.1566970327607216,-0.5062679253220173,2150,0.17525506675375477,0.15492676621358545,1.4009660275060725,0.1702928297755884,23.827211551957767,9.861654850059239,0.5213953488372093,6.116279069767442,1.0,0.9897626803164262,111593,0.019266441443459716,-197.98014968960828,10.998352078048775,6.9720800108002665,32.41247333316513,236.03049938119582,0.04005389217986366,2.0844042478270817,-0.29576026998722027,0.6998094202112519,0.20879447549960384,0.44335870367728325,2.3272956414827335,10.76687194155627,,,2.2
t2_limit_gun_ici_fitil_1h_k3_H1_cik5b,1h,"{""H"": 1, ""cikis_bps"": 5, ""cikis_m"": 3, ""k"": 3, ""sig_n"": 168, ""yontem"": ""fitil""}",1.2437159313993704,0.9374948238720396,-0.2542900421038611,2659,0.14000511402566204,0.03470032400944063,1.6447857157845203,0.039272030651340994,9.191118933791392,-4.817526591821846,0.49868371568258746,1.076720571643475,1.0,0.9905979691613388,121879,0.021816719861501983,-215.83450531823436,6.060041750784418,1.21903057858477,18.44657549105243,241.07922230588798,-0.12031106610848419,1.6379246311767388,-0.15246565515142807,0.13120133859057326,0.008507525329264798,-0.21193889998389004,0.949191727192966,5.086047649854644,,,2.5
t2_limit_gun_ici_fitil_1h_k3_tp2_H12,1h,"{""H"": 12, ""k"": 3, ""sig_n"": 168, ""tp_sig"": 2.0, ""yontem"": ""fitil""}",1.5587241399481129,0.7913137815825965,-0.5459420434422757,2165,0.044788519324285576,0.1626873085166822,0.3809854962680223,0.1763136288998358,-33.732414427638886,-47.98332461891076,0.5565819861431871,6.255427251732102,1.0,0.5444033302497687,111197,0.01944297058373877,-190.8181420896959,18.87497996157633,14.7979227579211,42.77450465619732,239.0129860778319,0.004236016407991761,2.5998393923887106,-0.44891587891077434,0.45145500526798643,-0.1151232302577857,-0.31859747377460945,0.51972667946632,8.62948375971254,,,1.8
t2_limit_gun_ici_fitil_15m_k5_H16,15m,"{""H"": 16, ""k"": 5, ""sig_n"": 96, ""yontem"": ""fitil""}",1.702412353952469,1.018467988303572,-0.26958952901274724,2197,0.13939519363446431,0.07214100680879766,1.4772250252970203,0.11928708264915161,24.61005098138045,10.115218564991634,0.5402822030040965,16.0,1.0,0.0,465514,0.004719514343285057,-134.888386835468,5.664042048988779,5.000702844885032,24.620775999506304,162.22511020637418,0.22824623307814917,0.5634774951854913,-0.1650959350389548,0.3385448585807709,0.2592299268301448,-0.10782309078418129,1.0683423337303228,6.4660070764328035,,,5.4
t2_limit_gun_ici_fitil_15m_k6_H16,15m,"{""H"": 16, ""k"": 6, ""sig_n"": 96, ""yontem"": ""fitil""}",0.7711045512589951,0.7525485055370825,-0.36940236433812457,1409,0.08547611291445109,0.037769415515924394,1.1309743047542398,0.07816776135741653,22.651406278878035,8.302866080092425,0.5443577004968062,16.0,1.0,0.0,478116,0.002946983577207205,-159.71853353134168,5.606837129675689,5.119625977441977,22.648077084955574,186.06016963726452,0.22894414810999586,0.43434051578945,-0.241275212668161,0.13826312320769163,0.16341014999217096,-0.03908974404656007,-0.04565598768179946,3.576281896123036,,,4.8
t2_limit_gun_ici_fitil_15m_k4_tp2_H32,15m,"{""H"": 32, ""k"": 4, ""sig_n"": 96, ""tp_sig"": 2.0, ""yontem"": ""fitil""}",0.6455634851495964,0.5773768867229172,-0.47053720098168417,3843,0.03997415500309912,0.07141454573717679,0.4381435225392557,0.13653416347381864,-22.160013421644436,-36.399191120080694,0.5433255269320844,10.303929221962008,1.0,0.6622430392922196,461018,0.00832939277858999,-112.25907503800472,11.956731157566246,10.922088918454124,22.656150904723855,136.99682222985177,0.038340014000695755,1.3592671494779434,-0.4158171298226305,0.28234694394674253,-0.10330742952770688,-0.47990928418432344,0.10870158222341475,4.1554846418663205,,,5.0
t2_limit_gun_ici_fitil_5m_k8_H24,5m,"{""H"": 24, ""k"": 8, ""sig_n"": 288, ""yontem"": ""fitil""}",1.2178668377857047,1.1861705484213534,-0.319760659785448,1525,0.13744909010374612,0.027768633834190017,2.173695708814277,0.04447371221796509,25.574895874275185,11.321638272812962,0.5652459016393443,24.0,1.0,0.0,1465452,0.0010406345618962614,-121.16520900627917,2.567220515834349,2.438460273246244,25.60889479799546,149.12129949665942,0.08878859004221584,0.5323740063476659,-0.2790169552748146,0.50035066261096,0.22887951230517034,-0.04112474417500911,0.43317431615197655,5.048326359293811,,,11.9
t2_limit_gun_ici_fitil_5m_k6_H48,5m,"{""H"": 48, ""k"": 6, ""sig_n"": 288, ""yontem"": ""fitil""}",1.5183512254697775,0.9153987673409156,-0.4913273187665317,2760,0.08791933943986832,0.10749486658034448,0.9150087871244817,0.1508050538222952,20.531396466559446,5.99884397197559,0.5355072463768116,48.0,1.0,0.0,1369519,0.0020153061038218527,-94.65624541965727,5.0480146092884235,4.847080005475048,20.546218468826208,116.56103329921663,0.06925830647966214,0.7459839341236829,-0.38664543655559835,0.6328163800871893,0.34692828881424775,-0.36163274370348886,0.5614878450547727,8.810922379521026,,,11.0
t2_limit_gun_ici_fitil_5m_k6_tp2_H48,5m,"{""H"": 48, ""k"": 6, ""sig_n"": 288, ""tp_sig"": 2.0, ""yontem"": ""fitil""}",0.9721738731829308,0.975755843843683,-0.37830245837948995,3306,0.11461645865336914,0.028094687561874998,1.7173028820231686,0.04338282247765007,-9.249345234472477,-23.306108097252803,0.4966727162734422,10.522081064730793,1.0,0.5865093768905021,1467194,0.0022532807522386267,-82.91526006822012,5.150243339579488,4.951807035814488,35.897135164394584,119.5482038096012,0.07191220461371328,0.4368808816336258,-0.28607941609360354,0.2984738956895321,0.3812811722231304,-0.4705581105527905,0.17257767439761795,8.730738669267707,,,11.3
t2_limit_gun_ici_fitil_5m_k6_H24_t50,5m,"{""H"": 24, ""k"": 6, ""sig_n"": 288, ""trend_gun"": 50, ""trend_mod"": ""ile"", ""yontem"": ""fitil""}",2.8713413103604593,1.9836905807395373,-0.181126300941448,1555,0.24497743555187534,0.030893935470444583,3.9251238959941133,0.0472579517119747,36.650434023628335,22.0727136952236,0.5794212218649518,24.0,1.0,0.0,776178,0.0020034064351218406,-82.20657485025664,3.838091718626802,3.6657092799147883,36.62567317277087,119.85596168154972,0.10966201825099953,1.3330217077576743,-0.1262257443309608,0.4009776425478455,0.22157886861380804,0.28045937042037306,2.439752254127123,9.757612302937748,,,7.6
