name,market,universe,interval,kinds,lookbacks,mode,target_vol,vol_days,band,atr_mult,ret1,ret2,cagr1,sharpe1,sharpe2,maxdd1,vol1,trades,trades_per_year,exposure,costs1,funding1,days,start,secs
tsmom_L10_spot_PORT3_1d_long,spot,PORT3,1d,"('tsmom',)","(10,)",long,,30,0.0,,48.72419987469739,34.8177051910184,0.8462744389988657,1.564167055147862,1.4514957639064692,-0.6506973182732502,0.4586349460108954,411,64.51128061882251,0.6580756013745704,0.328,0.0,2327,2017-08-17 00:00:00+00:00,0.9
tsmom_L10_futures_PORT3_1d_longshort,futures,PORT3,1d,"('tsmom',)","(10,)",longshort,,30,0.0,,2.8341219330130616,1.886902823120264,0.36569873224803695,0.7987419193292092,0.7025743982933096,-0.7574669746405052,0.6837369131312856,609,141.23000000000002,0.993020304568528,0.2835,0.5048550733333333,1575,2019-09-08 00:00:00+00:00,0.37
tsmom_L20_spot_PORT3_1d_long,spot,PORT3,1d,"('tsmom',)","(20,)",long,,30,0.0,,38.287429637549785,30.123145855046925,0.7792494606724376,1.4705303360675475,1.3913516168019333,-0.6531551519170569,0.4652831908088475,291,45.675870219166306,0.647766323024055,0.23240000000000002,0.0,2327,2017-08-17 00:00:00+00:00,0.43
tsmom_L20_futures_PORT3_1d_longshort,futures,PORT3,1d,"('tsmom',)","(20,)",longshort,,30,0.0,,3.133744320385212,2.3853775234088053,0.38973827422572405,0.8274052433231704,0.7595544009598055,-0.7812494350135746,0.6821204177290368,428,99.2552380952381,0.9866751269035533,0.19903333333333334,0.5465852233333333,1575,2019-09-08 00:00:00+00:00,0.52
tsmom_L40_spot_PORT3_1d_long,spot,PORT3,1d,"('tsmom',)","(40,)",long,,30,0.0,,55.403972323563075,49.09291075804603,0.8831661525564574,1.5858845060689086,1.5460600426767175,-0.5219504178430718,0.4684160913029665,150,23.54426299957026,0.636168384879725,0.1188,0.0,2327,2017-08-17 00:00:00+00:00,0.54
tsmom_L40_futures_PORT3_1d_longshort,futures,PORT3,1d,"('tsmom',)","(40,)",longshort,,30,0.0,,5.320800730033281,4.7241305724064615,0.533567382511646,0.9748803795554402,0.9409213861890358,-0.5891685221962568,0.6762707628183441,214,49.62761904761905,0.9739847715736041,0.09916666666666667,0.6131554899999999,1575,2019-09-08 00:00:00+00:00,0.3
tsmom_L80_spot_PORT3_1d_long,spot,PORT3,1d,"('tsmom',)","(80,)",long,,30,0.0,,21.95191851329853,20.04318906271721,0.6352966051600919,1.255769984921303,1.227734733383114,-0.5484174031250398,0.4874113659286603,110,17.265792866351525,0.6189862542955327,0.08680000000000002,0.0,2327,2017-08-17 00:00:00+00:00,0.43
tsmom_L80_futures_PORT3_1d_longshort,futures,PORT3,1d,"('tsmom',)","(80,)",longshort,,30,0.0,,-0.0072673234711516654,-0.07876672776621152,-0.0016900509123067842,0.34594777578811253,0.3206558861055746,-0.7827884200728338,0.6827928585976407,161,37.336666666666666,0.9486040609137056,0.07443333333333332,0.62450675,1575,2019-09-08 00:00:00+00:00,0.32
tsmom_L160_spot_PORT3_1d_long,spot,PORT3,1d,"('tsmom',)","(160,)",long,,30,0.0,,15.587916933539905,14.85368734141633,0.5540345420171493,1.1671533505214557,1.1521419761614535,-0.575852704905844,0.47493335346923343,58,9.103781693167168,0.5756013745704467,0.045200000000000004,0.0,2327,2017-08-17 00:00:00+00:00,1.14
tsmom_L160_futures_PORT3_1d_longshort,futures,PORT3,1d,"('tsmom',)","(160,)",longshort,,30,0.0,,2.0749345497175646,1.947753768119345,0.2975719919057578,0.7307339438090227,0.7156742145418332,-0.7943349824086401,0.6499464643547092,92,21.335238095238097,0.8978426395939086,0.04223333333333333,0.5529942966666667,1575,2019-09-08 00:00:00+00:00,0.33
tsmom_L10-20-40-80-160_spot_PORT3_1d_long,spot,PORT3,1d,"('tsmom',)","(10, 20, 40, 80, 160)",long,,30,0.0,,21.172993075784188,18.254554202794484,0.6264583452009649,1.4168400147348548,1.361243678227257,-0.5348280383186907,0.39962061897343926,145,22.759454232917918,0.8603951890034365,0.14112,0.0,2327,2017-08-17 00:00:00+00:00,0.59
tsmom_L10-20-40-80-160_futures_PORT3_1d_longshort,futures,PORT3,1d,"('tsmom',)","(10, 20, 40, 80, 160)",longshort,,30,0.0,,3.116095496178355,2.650453227285918,0.38836002371232214,0.925488659013066,0.8677831471090295,-0.6834606024607752,0.48228275831370576,285,66.09285714285714,0.8978426395939086,0.12007333333333332,0.5078045633333332,1575,2019-09-08 00:00:00+00:00,0.37
sma_L10_spot_PORT3_1d_long,spot,PORT3,1d,"('sma',)","(10,)",long,,30,0.0,,26.727385915288618,17.437497294168644,0.6845407259985712,1.390644137328668,1.2465675575288577,-0.5869692430090476,0.445496007663055,510,80.05049419853889,0.6520618556701031,0.40800000000000003,0.0,2327,2017-08-17 00:00:00+00:00,0.44
sma_L10_futures_PORT3_1d_longshort,futures,PORT3,1d,"('sma',)","(10,)",longshort,,30,0.0,,1.2081145148233623,0.5686992079749447,0.20165623859742143,0.6115959808203957,0.49621028348508206,-0.5393527387730772,0.6860067005365899,733,169.98619047619047,0.9936548223350253,0.3413666666666666,0.4556136466666667,1575,2019-09-08 00:00:00+00:00,0.55
sma_L20_spot_PORT3_1d_long,spot,PORT3,1d,"('sma',)","(20,)",long,,30,0.0,,39.406179737809296,30.19453580080187,0.7871082593341432,1.5414703598678157,1.4482456385200497,-0.6033381753041129,0.43836507709448796,324,50.855608079071764,0.6331615120274914,0.2584000000000001,0.0,2327,2017-08-17 00:00:00+00:00,0.63
sma_L20_futures_PORT3_1d_longshort,futures,PORT3,1d,"('sma',)","(20,)",longshort,,30,0.0,,0.8442472199445097,0.4602460853901311,0.15251005694091369,0.5515990527228647,0.47304931328771543,-0.7400194600278761,0.6880268424326775,501,116.18428571428572,0.9873096446700508,0.23309999999999997,0.5419344766666666,1575,2019-09-08 00:00:00+00:00,0.32
sma_L40_spot_PORT3_1d_long,spot,PORT3,1d,"('sma',)","(40,)",long,,30,0.0,,74.95637513348247,63.690547433416,0.9732252259764589,1.7232053277881818,1.6672839820197909,-0.5936488740749577,0.45399908679322426,202,31.70627417275462,0.618127147766323,0.1604,0.0,2327,2017-08-17 00:00:00+00:00,0.43
sma_L40_futures_PORT3_1d_longshort,futures,PORT3,1d,"('sma',)","(40,)",longshort,,30,0.0,,7.4388692937613055,6.395358561229707,0.6398711703369806,1.0624063287840917,1.0181852762567731,-0.6658388127057331,0.6924417791225522,284,65.86095238095238,0.9746192893401016,0.13183333333333333,0.5861298133333332,1575,2019-09-08 00:00:00+00:00,0.35
sma_L80_spot_PORT3_1d_long,spot,PORT3,1d,"('sma',)","(80,)",long,,30,0.0,,33.373402168832406,30.240528017845406,0.7423210360406811,1.4192924527646107,1.3872401194653643,-0.5851735000150966,0.46870042396201866,121,18.992372152986675,0.6013745704467354,0.0956,0.0,2327,2017-08-17 00:00:00+00:00,0.52
sma_L80_futures_PORT3_1d_longshort,futures,PORT3,1d,"('sma',)","(80,)",longshort,,30,0.0,,1.06965102707222,0.905235447569265,0.18374469899575696,0.592102574070719,0.56374107599616,-0.8205197915426335,0.6755461019063982,179,41.51095238095238,0.949238578680203,0.08283333333333333,0.6172018066666667,1575,2019-09-08 00:00:00+00:00,0.32
sma_L160_spot_PORT3_1d_long,spot,PORT3,1d,"('sma',)","(160,)",long,,30,0.0,,21.961086368632305,20.912003151549072,0.6353991151106746,1.3208404389036246,1.304479375387117,-0.48643588591684384,0.44884201656791234,60,9.417705199828104,0.5356529209621993,0.0468,0.0,2327,2017-08-17 00:00:00+00:00,0.42
sma_L160_futures_PORT3_1d_longshort,futures,PORT3,1d,"('sma',)","(160,)",longshort,,30,0.0,,4.498118729164779,4.293497168654818,0.48476997908907826,0.9467742765466939,0.9327789216350474,-0.7389455806305429,0.6269041289168312,83,19.24809523809524,0.8984771573604061,0.038033333333333336,0.5918086433333334,1575,2019-09-08 00:00:00+00:00,0.27
sma_L10-20-40-80-160_spot_PORT3_1d_long,spot,PORT3,1d,"('sma',)","(10, 20, 40, 80, 160)",long,,30,0.0,,22.069232160405566,18.252811042698745,0.6366057453507912,1.4568781818365308,1.3839483232989427,-0.5396354970791291,0.39007842360864603,216,33.903738719381174,0.7873711340206185,0.18088,0.0,2327,2017-08-17 00:00:00+00:00,0.61
sma_L10-20-40-80-160_futures_PORT3_1d_longshort,futures,PORT3,1d,"('sma',)","(10, 20, 40, 80, 160)",longshort,,30,0.0,,2.2260252632137667,1.7675856469752769,0.31208652910519796,0.7854976514332497,0.7171624528285208,-0.6727884008522347,0.5195913630700026,333,77.22428571428571,0.8984771573604061,0.15339333333333333,0.5066415606666667,1575,2019-09-08 00:00:00+00:00,0.38
emax_L10_spot_PORT3_1d_long,spot,PORT3,1d,"('emax',)","(10,)",long,,30,0.0,,40.40412536826627,29.657625680288287,0.7939651455784074,1.5432878001510468,1.4362011414808706,-0.5738946795299951,0.4409989860254118,377,59.17458100558659,0.6391752577319587,0.3008,0.0,2327,2017-08-17 00:00:00+00:00,0.42
emax_L10_futures_PORT3_1d_longshort,futures,PORT3,1d,"('emax',)","(10,)",longshort,,30,0.0,,1.5653783212228172,0.9817475527161434,0.24418271266893865,0.6626520092816757,0.5756388702376861,-0.572371905861353,0.6872154026440536,555,128.70714285714286,0.9936548223350253,0.2583,0.5094132866666666,1575,2019-09-08 00:00:00+00:00,0.31
emax_L20_spot_PORT3_1d_long,spot,PORT3,1d,"('emax',)","(20,)",long,,30,0.0,,50.61049893652552,44.494239574249,0.8570960596122998,1.5747998725334802,1.5315243203294238,-0.6275330824183183,0.46043537498527554,159,24.956918779544477,0.6215635738831615,0.126,0.0,2327,2017-08-17 00:00:00+00:00,0.42
emax_L20_futures_PORT3_1d_longshort,futures,PORT3,1d,"('emax',)","(20,)",longshort,,30,0.0,,3.6352228080130855,3.1767422596010277,0.4271346390340869,0.8634080237727315,0.8284794429238334,-0.7700127349859028,0.6911675609152632,224,51.94666666666667,0.9873096446700508,0.10383333333333333,0.5686545966666666,1575,2019-09-08 00:00:00+00:00,0.32
emax_L40_spot_PORT3_1d_long,spot,PORT3,1d,"('emax',)","(40,)",long,,30,0.0,,78.75720895217405,74.87776427749232,0.9884063684702222,1.7026211320500702,1.6859495784160234,-0.5482575937996723,0.46821147538678165,64,10.045552213149978,0.5945017182130584,0.05,0.0,2327,2017-08-17 00:00:00+00:00,0.77
emax_L40_futures_PORT3_1d_longshort,futures,PORT3,1d,"('emax',)","(40,)",longshort,,30,0.0,,5.833797547470841,5.54501493948709,0.561572375224457,1.0023632566972949,0.9872977617751371,-0.7344341884002428,0.6645821177705291,94,21.79904761904762,0.9746192893401016,0.04316666666666666,0.6078859733333333,1575,2019-09-08 00:00:00+00:00,0.27
emax_L80_spot_PORT3_1d_long,spot,PORT3,1d,"('emax',)","(80,)",long,,30,0.0,,44.43502137192967,43.304394488550635,0.8203167107260847,1.5109161363232684,1.5024565781184862,-0.5861090169691622,0.46947406254220697,33,5.179737859905457,0.5893470790378007,0.0252,0.0,2327,2017-08-17 00:00:00+00:00,0.39
emax_L80_futures_PORT3_1d_longshort,futures,PORT3,1d,"('emax',)","(80,)",longshort,,30,0.0,,2.6017818771988392,2.521982985955696,0.3460433200564814,0.7863615750952098,0.778433827664865,-0.7815397804180417,0.6536685038022013,49,11.363333333333333,0.949238578680203,0.022166666666666664,0.6652012666666667,1575,2019-09-08 00:00:00+00:00,0.29
emax_L160_spot_PORT3_1d_long,spot,PORT3,1d,"('emax',)","(160,)",long,,30,0.0,,15.888271649908855,15.680733198368817,0.5584178943623592,1.1711713477615757,1.167118122508431,-0.5383324881969376,0.4777598563655557,17,2.6683498066179627,0.5330756013745704,0.012400000000000001,0.0,2327,2017-08-17 00:00:00+00:00,0.36
emax_L160_futures_PORT3_1d_longshort,futures,PORT3,1d,"('emax',)","(160,)",longshort,,30,0.0,,4.469318943224336,4.424869763488272,0.4829627239088117,0.9352437144674084,0.932339307761396,-0.6567875599511093,0.6516109126673233,19,4.406190476190477,0.8984771573604061,0.008166666666666668,0.5760746566666667,1575,2019-09-08 00:00:00+00:00,0.27
emax_L10-20-40-80-160_spot_PORT3_1d_long,spot,PORT3,1d,"('emax',)","(10, 20, 40, 80, 160)",long,,30,0.0,,25.38413611016603,22.98654380352318,0.6714618568136907,1.491921570996959,1.4542420593158556,-0.5244249232077014,0.3971158417267513,143,22.445530726256983,0.7882302405498282,0.09536,0.0,2327,2017-08-17 00:00:00+00:00,0.75
emax_L10-20-40-80-160_futures_PORT3_1d_longshort,futures,PORT3,1d,"('emax',)","(10, 20, 40, 80, 160)",longshort,,30,0.0,,3.7803308793922143,3.413190675419526,0.43737317645296026,0.9834616552490317,0.9460911003485566,-0.6622318050404041,0.49535161070899597,161,37.336666666666666,0.8984771573604061,0.07994,0.5244069699999999,1575,2019-09-08 00:00:00+00:00,0.29
donch_L10_spot_PORT3_1d_long,spot,PORT3,1d,"('donch',)","(10,)",long,,30,0.0,,18.916996565407782,16.766704620642184,0.5992945350721379,1.3122590988501301,1.270292017553757,-0.5775548758807376,0.42708915240266393,144,22.60249247958745,0.5867697594501718,0.1144,0.0,2327,2017-08-17 00:00:00+00:00,0.45
donch_L10_futures_PORT3_1d_longshort,futures,PORT3,1d,"('donch',)","(10,)",longshort,,30,0.0,,1.1048685986392002,0.9248435596672173,0.18838569155346718,0.5927046473842693,0.5604935081846225,-0.7115780368455159,0.6429086034707784,193,44.75761904761905,0.9213197969543148,0.08959999999999999,0.5387430966666666,1575,2019-09-08 00:00:00+00:00,0.32
donch_L20_spot_PORT3_1d_long,spot,PORT3,1d,"('donch',)","(20,)",long,,30,0.0,,48.86163878217141,46.047565806581424,0.8470745063732199,1.6693187537602086,1.6474206695979727,-0.4651573731562252,0.42008140166079677,74,11.615169746454661,0.5425257731958762,0.057999999999999996,0.0,2327,2017-08-17 00:00:00+00:00,0.43
donch_L20_futures_PORT3_1d_longshort,futures,PORT3,1d,"('donch',)","(20,)",longshort,,30,0.0,,3.894544141960206,3.660948002285499,0.445265231395765,0.8970952352002141,0.8794858502893,-0.7581920202542236,0.6429307819226121,106,24.581904761904763,0.9181472081218274,0.048766666666666666,0.5899894966666666,1575,2019-09-08 00:00:00+00:00,0.55
donch_L40_spot_PORT3_1d_long,spot,PORT3,1d,"('donch',)","(40,)",long,,30,0.0,,45.481046184356835,43.993957906083,0.8268317362275714,1.6271228536308626,1.6149912258180963,-0.5699812339718933,0.42624455424381535,42,6.592393639879673,0.5373711340206185,0.032400000000000005,0.0,2327,2017-08-17 00:00:00+00:00,0.54
donch_L40_futures_PORT3_1d_longshort,futures,PORT3,1d,"('donch',)","(40,)",longshort,,30,0.0,,2.7743963888782845,2.669859115343369,0.36073540235369106,0.8226776777507431,0.8116517399884335,-0.8310425841271571,0.5897703150642173,61,14.146190476190476,0.8724619289340102,0.027766666666666665,0.6509431800000001,1575,2019-09-08 00:00:00+00:00,0.33
donch_L80_spot_PORT3_1d_long,spot,PORT3,1d,"('donch',)","(80,)",long,,30,0.0,,35.40951315313382,34.87723369469119,0.7581301578613009,1.5200031691986797,1.5147146462381578,-0.4235435933893943,0.43316413661450814,20,3.139235066609368,0.5219072164948454,0.0148,0.0,2327,2017-08-17 00:00:00+00:00,0.42
donch_L80_futures_PORT3_1d_longshort,futures,PORT3,1d,"('donch',)","(80,)",longshort,,30,0.0,,1.2700926746028638,1.2385559875106646,0.20939509624093833,0.624517255852214,0.6190473053568317,-0.7438597478010487,0.5890627773742932,31,7.18904761904762,0.8343908629441624,0.013766666666666665,0.6271353866666666,1575,2019-09-08 00:00:00+00:00,0.32
donch_L160_spot_PORT3_1d_long,spot,PORT3,1d,"('donch',)","(160,)",long,,30,0.0,,16.95682469832431,16.80807658057931,0.5734975394905177,1.3296272253697017,1.3264588479360684,-0.4335505495841473,0.4021810621513806,12,1.883541039965621,0.38445017182130586,0.008400000000000001,0.0,2327,2017-08-17 00:00:00+00:00,0.98
donch_L160_futures_PORT3_1d_longshort,futures,PORT3,1d,"('donch',)","(160,)",longshort,,30,0.0,,2.3600373811968067,2.3405694484354886,0.3245297132272953,0.7731037120372057,0.7708777850936024,-0.6795204098466701,0.6036955260957082,14,3.246666666666667,0.7810913705583756,0.005833333333333333,0.5243602433333334,1575,2019-09-08 00:00:00+00:00,0.3
donch_L10-20-40-80-160_spot_PORT3_1d_long,spot,PORT3,1d,"('donch',)","(10, 20, 40, 80, 160)",long,,30,0.0,,19.457919952385385,18.60450614525686,0.6060354065844804,1.4976833658022866,1.4791573158858882,-0.4530411116659214,0.359319366783615,72,11.301246239793725,0.7435567010309279,0.04272000000000001,0.0,2327,2017-08-17 00:00:00+00:00,0.58
donch_L10-20-40-80-160_futures_PORT3_1d_longshort,futures,PORT3,1d,"('donch',)","(10, 20, 40, 80, 160)",longshort,,30,0.0,,2.290092221298388,2.1796019293022186,0.31808377667626164,0.8227130560983412,0.8061453498935796,-0.7076655568429985,0.47662608042335625,98,22.726666666666667,0.8756345177664975,0.03416,0.5209140753333333,1575,2019-09-08 00:00:00+00:00,0.83
tsmom_L10_spot_PORT3_4h_long,spot,PORT3,4h,"('tsmom',)","(10,)",long,,30,0.0,,31.9656358749326,14.09549418657517,0.7306503835099665,1.4297911057137014,1.158525688154271,-0.6131214523384387,0.45560360609454836,977,153.28576030927834,0.6585663082437276,0.7807999999999999,0.0,2328,2017-08-17 04:00:00+00:00,0.93
tsmom_L10_futures_PORT3_4h_longshort,futures,PORT3,4h,"('tsmom',)","(10,)",longshort,,30,0.0,,1.2938563704024544,0.17645219229560505,0.2306989768366241,0.6412311652266945,0.4100109853550854,-0.6831834645162967,0.7185048744671544,1431,357.75,0.9930412959160393,0.6671,0.5074314366666667,1461,2020-01-01 00:00:00+00:00,0.44
tsmom_L20_spot_PORT3_4h_long,spot,PORT3,4h,"('tsmom',)","(20,)",long,,30,0.0,,47.543388349952984,26.954544146488203,0.8390017146189939,1.5648647710365704,1.372125459308844,-0.6023787666072943,0.45512683780771857,691,108.41398195876288,0.6491756272401433,0.5516000000000001,0.0,2328,2017-08-17 04:00:00+00:00,0.45
tsmom_L20_futures_PORT3_4h_longshort,futures,PORT3,4h,"('tsmom',)","(20,)",longshort,,30,0.0,,3.6089163685277326,1.9098306077681255,0.46527329462647593,0.8858352508299139,0.7261122132681246,-0.7425612925009488,0.7197097563665356,987,246.75,0.986196668948209,0.4599,0.5541039,1461,2020-01-01 00:00:00+00:00,0.34
tsmom_L40_spot_PORT3_4h_long,spot,PORT3,4h,"('tsmom',)","(40,)",long,,30,0.0,,60.77496304439084,45.96491353967121,0.9098909125372774,1.6243935594849026,1.530595946292467,-0.5681352852771789,0.4650571927981906,344,53.97164948453608,0.6355555555555555,0.274,0.0,2328,2017-08-17 04:00:00+00:00,0.51
tsmom_L40_futures_PORT3_4h_longshort,futures,PORT3,4h,"('tsmom',)","(40,)",longshort,,30,0.0,,5.4871762914071915,4.18398470593498,0.5960154344743407,1.0060948794261213,0.9275750773327053,-0.6094485228221391,0.7158989457220214,482,120.5,0.9725074150125484,0.22423333333333334,0.6032965266666667,1461,2020-01-01 00:00:00+00:00,0.52
tsmom_L80_spot_PORT3_4h_long,spot,PORT3,4h,"('tsmom',)","(80,)",long,,30,0.0,,20.957747166984245,17.038644661749455,0.6237443712930415,1.252823782160668,1.187928569894499,-0.6285995827643471,0.4790304494136487,247,38.75289948453608,0.6171326164874552,0.19640000000000002,0.0,2328,2017-08-17 04:00:00+00:00,0.64
tsmom_L80_futures_PORT3_4h_longshort,futures,PORT3,4h,"('tsmom',)","(80,)",longshort,,30,0.0,,0.9954206468040199,0.702822419338482,0.18854922485514347,0.5935333907497428,0.536150948716902,-0.8217223159999035,0.6886269447932586,341,85.25,0.9451289071412274,0.15843333333333331,0.5939324699999999,1461,2020-01-01 00:00:00+00:00,0.36
tsmom_L160_spot_PORT3_4h_long,spot,PORT3,4h,"('tsmom',)","(160,)",long,,30,0.0,,17.4046691048857,15.605619848555904,0.5793866164784134,1.2082448523987888,1.1735376075558956,-0.5512595213977083,0.4702967422622032,130,20.39626288659794,0.5776344086021505,0.1028,0.0,2328,2017-08-17 04:00:00+00:00,0.44
tsmom_L160_futures_PORT3_4h_longshort,futures,PORT3,4h,"('tsmom',)","(160,)",longshort,,30,0.0,,3.1530410851024264,2.780523620306482,0.42760872734793764,0.8674830455173344,0.8320811937271814,-0.7336210742409911,0.6652461332379332,203,50.75,0.8903718913985854,0.09403333333333333,0.5462607833333333,1461,2020-01-01 00:00:00+00:00,0.55
tsmom_L10-20-40-80-160_spot_PORT3_4h_long,spot,PORT3,4h,"('tsmom',)","(10, 20, 40, 80, 160)",long,,30,0.0,,20.948134208413133,14.554995680738385,0.6236328040891552,1.4254595028203512,1.287839520101811,-0.5385029645988179,0.39456102691368317,379,59.46295103092783,0.8589247311827957,0.34432000000000007,0.0,2328,2017-08-17 04:00:00+00:00,0.61
tsmom_L10-20-40-80-160_futures_PORT3_4h_longshort,futures,PORT3,4h,"('tsmom',)","(10, 20, 40, 80, 160)",longshort,,30,0.0,,3.1832159350986293,2.153156080434457,0.43019513976135926,0.9605658166148121,0.8196230052226863,-0.6443756569541957,0.5022923104291692,665,166.25,0.8903718913985854,0.2827533333333333,0.5019411326666667,1461,2020-01-01 00:00:00+00:00,0.34
sma_L10_spot_PORT3_4h_long,spot,PORT3,4h,"('sma',)","(10,)",long,,30,0.0,,33.270649692527456,13.846841829149,0.7412258191699983,1.4606937933491977,1.1630669400099922,-0.5321316482789598,0.4470643491096745,1045,163.95457474226802,0.6491039426523297,0.8360000000000001,0.0,2328,2017-08-17 04:00:00+00:00,0.52
sma_L10_futures_PORT3_4h_longshort,futures,PORT3,4h,"('sma',)","(10,)",longshort,,30,0.0,,2.6790172489542377,0.87333234705067,0.3849978273034165,0.8039330760243446,0.570401782527542,-0.472075288599756,0.7199873154069736,1447,361.75,0.9931553730321697,0.6745666666666665,0.4844912933333333,1461,2020-01-01 00:00:00+00:00,0.71
sma_L20_spot_PORT3_4h_long,spot,PORT3,4h,"('sma',)","(20,)",long,,30,0.0,,55.05626301137386,32.539154237135655,0.8809987250571476,1.6460381672537854,1.4609111586598567,-0.520849314350991,0.4428646243147568,643,100.88305412371133,0.6298924731182796,0.5136000000000001,0.0,2328,2017-08-17 04:00:00+00:00,0.66
sma_L20_futures_PORT3_4h_longshort,futures,PORT3,4h,"('sma',)","(20,)",longshort,,30,0.0,,5.6216180703996175,3.3389716088317787,0.6042219259150989,1.0099421539030236,0.862408725459166,-0.7318187999178216,0.7180053529463699,907,226.75,0.9863107460643394,0.42256666666666665,0.55206217,1461,2020-01-01 00:00:00+00:00,0.34
sma_L40_spot_PORT3_4h_long,spot,PORT3,4h,"('sma',)","(40,)",long,,30,0.0,,69.62478172238801,50.22424922921669,0.9504392617146602,1.6884295580016653,1.575658515426584,-0.5363842936179746,0.45744380330574996,403,63.228414948453604,0.6205017921146954,0.32120000000000004,0.0,2328,2017-08-17 04:00:00+00:00,0.43
sma_L40_futures_PORT3_4h_longshort,futures,PORT3,4h,"('sma',)","(40,)",longshort,,30,0.0,,8.873200121807722,6.64290941307596,0.772731041224656,1.1437136126749832,1.0551605715939212,-0.6355728268993586,0.728410102579238,550,137.5,0.972621492128679,0.2559666666666667,0.57500436,1461,2020-01-01 00:00:00+00:00,0.32
sma_L80_spot_PORT3_4h_long,spot,PORT3,4h,"('sma',)","(80,)",long,,30,0.0,,30.17127435711143,23.42562694747288,0.7155176162799364,1.3879146446589066,1.3046947249049676,-0.6036376227964373,0.4678563537407135,306,48.009664948453604,0.6031541218637992,0.24360000000000004,0.0,2328,2017-08-17 04:00:00+00:00,0.61
sma_L80_futures_PORT3_4h_longshort,futures,PORT3,4h,"('sma',)","(80,)",longshort,,30,0.0,,1.6994794262427688,1.197076588863971,0.281835534295642,0.7031351117086468,0.6296646976808551,-0.7991060660686544,0.6988190500758885,442,110.5,0.945242984257358,0.20556666666666668,0.5886415233333333,1461,2020-01-01 00:00:00+00:00,0.31
sma_L160_spot_PORT3_4h_long,spot,PORT3,4h,"('sma',)","(160,)",long,,30,0.0,,20.996222229267932,18.690062192226428,0.6241904978609696,1.3123517522824093,1.2728485965909522,-0.48828344487435704,0.4453148858403479,140,21.96520618556701,0.5350537634408602,0.11080000000000001,0.0,2328,2017-08-17 04:00:00+00:00,0.49
sma_L160_futures_PORT3_4h_longshort,futures,PORT3,4h,"('sma',)","(160,)",longshort,,30,0.0,,4.010094226676382,3.594204395725674,0.4961716966133374,0.943674462318104,0.9101183028122712,-0.7192332512753474,0.6490719268304175,187,46.75,0.890485968514716,0.08656666666666667,0.5734138499999999,1461,2020-01-01 00:00:00+00:00,0.29
sma_L10-20-40-80-160_spot_PORT3_4h_long,spot,PORT3,4h,"('sma',)","(10, 20, 40, 80, 160)",long,,30,0.0,,25.149325363892277,16.977842746129458,0.6688732792183041,1.5066015991840798,1.3547890525898678,-0.4677602906807449,0.39014642170606095,446,69.97487113402062,0.7848745519713262,0.3748,0.0,2328,2017-08-17 04:00:00+00:00,0.94
sma_L10-20-40-80-160_futures_PORT3_4h_longshort,futures,PORT3,4h,"('sma',)","(10, 20, 40, 80, 160)",longshort,,30,0.0,,3.382553539892097,2.2329185530099944,0.44693862935252304,0.9504619317717222,0.8090956050473617,-0.578052414701812,0.5393615945762011,625,156.25,0.890485968514716,0.3043133333333333,0.5016415019999999,1461,2020-01-01 00:00:00+00:00,0.36
emax_L10_spot_PORT3_4h_long,spot,PORT3,4h,"('emax',)","(10,)",long,,30,0.0,,43.68605035379055,33.37657933696373,0.8152636103696707,1.5532115941986548,1.459988208363062,-0.5712292445675079,0.4478420147132894,329,51.61823453608247,0.6376344086021506,0.26239999999999997,0.0,2328,2017-08-17 04:00:00+00:00,0.49
emax_L10_futures_PORT3_4h_longshort,futures,PORT3,4h,"('emax',)","(10,)",longshort,,30,0.0,,3.5947102122911865,2.707864028471967,0.4641427478645841,0.881461308868039,0.8068841379284112,-0.5684312942459873,0.7198045427325885,461,115.25,0.9931553730321697,0.2144333333333333,0.5296093399999999,1461,2020-01-01 00:00:00+00:00,0.32
emax_L20_spot_PORT3_4h_long,spot,PORT3,4h,"('emax',)","(20,)",long,,30,0.0,,60.91126044529002,53.79214915761692,0.9105515291861423,1.6352995536786923,1.5929179967736418,-0.6086864004307495,0.46098485644140336,154,24.16172680412371,0.6250179211469534,0.12200000000000003,0.0,2328,2017-08-17 04:00:00+00:00,0.41
emax_L20_futures_PORT3_4h_longshort,futures,PORT3,4h,"('emax',)","(20,)",longshort,,30,0.0,,6.447268274170741,5.757038300146872,0.6520535528052345,1.0516443915236233,1.0179324611180587,-0.7850015357359076,0.722742441353739,210,52.5,0.9863107460643394,0.0973,0.5719801099999999,1461,2020-01-01 00:00:00+00:00,0.82
emax_L40_spot_PORT3_4h_long,spot,PORT3,4h,"('emax',)","(40,)",long,,30,0.0,,74.84523489131485,71.20655366307288,0.9723878986005821,1.6827425412845833,1.6661060085681767,-0.5982231556797155,0.46954337888749054,63,9.884342783505154,0.5945519713261649,0.0492,0.0,2328,2017-08-17 04:00:00+00:00,0.8
emax_L40_futures_PORT3_4h_longshort,futures,PORT3,4h,"('emax',)","(40,)",longshort,,30,0.0,,4.222448201216011,4.00169208115872,0.5117814456596925,0.9368979173434145,0.9214417473586641,-0.7805610555490115,0.6997890562544211,94,23.5,0.972621492128679,0.04316666666666667,0.5911355733333333,1461,2020-01-01 00:00:00+00:00,0.29
emax_L80_spot_PORT3_4h_long,spot,PORT3,4h,"('emax',)","(80,)",long,,30,0.0,,44.05760173173406,42.90201289408109,0.8176237566885414,1.5022949839139954,1.4936822840345372,-0.5612216676837742,0.47235188872657274,34,5.334407216494845,0.5915412186379928,0.026000000000000002,0.0,2328,2017-08-17 04:00:00+00:00,0.68
emax_L80_futures_PORT3_4h_longshort,futures,PORT3,4h,"('emax',)","(80,)",longshort,,30,0.0,,5.577033164938187,5.441728666559599,0.6015143714928195,1.0424225175243378,1.0345699286093788,-0.7801438380068734,0.6635038802329031,46,11.5,0.945242984257358,0.02076666666666667,0.6342408166666667,1461,2020-01-01 00:00:00+00:00,0.31
emax_L160_spot_PORT3_4h_long,spot,PORT3,4h,"('emax',)","(160,)",long,,30,0.0,,15.487001581200925,15.28446033874793,0.5523511759697415,1.1621864691419634,1.1581468032529354,-0.5504998441905378,0.4791169933636425,17,2.6672036082474224,0.5333333333333333,0.012400000000000001,0.0,2328,2017-08-17 04:00:00+00:00,0.4
emax_L160_futures_PORT3_4h_longshort,futures,PORT3,4h,"('emax',)","(160,)",longshort,,30,0.0,,7.768720733672211,7.705426427700452,0.7209210809797395,1.1446618093029928,1.1419570807710455,-0.6554327984466258,0.6703319169105513,17,4.25,0.890485968514716,0.007233333333333334,0.5604463833333333,1461,2020-01-01 00:00:00+00:00,0.3
emax_L10-20-40-80-160_spot_PORT3_4h_long,spot,PORT3,4h,"('emax',)","(10, 20, 40, 80, 160)",long,,30,0.0,,25.481983458323292,23.241686407290267,0.6721869801676978,1.4850129433930568,1.450151224512392,-0.5285511607959166,0.4002341844621542,138,21.651417525773194,0.7832974910394265,0.08848,0.0,2328,2017-08-17 04:00:00+00:00,0.46
emax_L10-20-40-80-160_futures_PORT3_4h_longshort,futures,PORT3,4h,"('emax',)","(10, 20, 40, 80, 160)",longshort,,30,0.0,,5.134620285972789,4.724091041851433,0.5738719354313935,1.1400141981066483,1.1061380751622376,-0.6602520057929878,0.5128734985326577,149,37.25,0.890485968514716,0.0693,0.5157441033333333,1461,2020-01-01 00:00:00+00:00,0.37
donch_L10_spot_PORT3_4h_long,spot,PORT3,4h,"('donch',)","(10,)",long,,30,0.0,,20.79135828302042,17.88539178599583,0.6218074358011594,1.387808840545618,1.3315561892955068,-0.5258334637581754,0.4081153792210773,180,28.240979381443296,0.5581362007168459,0.1432,0.0,2328,2017-08-17 04:00:00+00:00,1.13
donch_L10_futures_PORT3_4h_longshort,futures,PORT3,4h,"('donch',)","(10,)",longshort,,30,0.0,,2.150280201261179,1.8110667271431455,0.33229841162331364,0.7580368274044211,0.7141926970575944,-0.5767916194933814,0.6497472513297,245,61.25,0.9114761578827287,0.11386666666666667,0.5129598433333333,1461,2020-01-01 00:00:00+00:00,0.45
donch_L20_spot_PORT3_4h_long,spot,PORT3,4h,"('donch',)","(20,)",long,,30,0.0,,48.82479300535984,45.57006156396534,0.8465357192300065,1.6781022092285982,1.6516234804080958,-0.3624251658822344,0.4170376008364793,86,13.49291237113402,0.5301792114695341,0.06760000000000001,0.0,2328,2017-08-17 04:00:00+00:00,0.53
donch_L20_futures_PORT3_4h_longshort,futures,PORT3,4h,"('donch',)","(20,)",longshort,,30,0.0,,8.716718288786987,8.20250799288389,0.7656640291538501,1.2017830769901994,1.180272609961217,-0.6783148463805087,0.6405228626456335,118,29.5,0.905201916495551,0.05436666666666667,0.55335727,1461,2020-01-01 00:00:00+00:00,0.88
donch_L40_spot_PORT3_4h_long,spot,PORT3,4h,"('donch',)","(40,)",long,,30,0.0,,57.42124034327776,55.46587505865834,0.893235455339763,1.6762158181780586,1.6635686982085474,-0.5045811685940115,0.43834510916731717,44,6.903350515463917,0.5244444444444445,0.034,0.0,2328,2017-08-17 04:00:00+00:00,0.84
donch_L40_futures_PORT3_4h_longshort,futures,PORT3,4h,"('donch',)","(40,)",longshort,,30,0.0,,7.005122838853065,6.774703495554475,0.6821618002812813,1.1349424785535072,1.123366101351084,-0.7864175181632349,0.635643712860599,64,16.0,0.9236824093086927,0.029166666666666667,0.5836529233333333,1461,2020-01-01 00:00:00+00:00,0.38
donch_L80_spot_PORT3_4h_long,spot,PORT3,4h,"('donch',)","(80,)",long,,30,0.0,,49.26534597898551,48.44646364186427,0.8490882253371885,1.630929146507755,1.6248912775070872,-0.4708512261437169,0.4352953410329072,22,3.4516752577319587,0.5361290322580645,0.0164,0.0,2328,2017-08-17 04:00:00+00:00,0.7
donch_L80_futures_PORT3_4h_longshort,futures,PORT3,4h,"('donch',)","(80,)",longshort,,30,0.0,,5.339135720073888,5.249545001303788,0.586829948695452,1.0801383189217744,1.0741167648088878,-0.7396044790120966,0.589347643716772,32,8.0,0.8171343828428017,0.01423333333333333,0.5983515466666667,1461,2020-01-01 00:00:00+00:00,0.41
donch_L160_spot_PORT3_4h_long,spot,PORT3,4h,"('donch',)","(160,)",long,,30,0.0,,19.090153517840985,18.906783309020877,0.6012530139568915,1.3665873370766626,1.3629754292628131,-0.4960089167331757,0.4047109330034776,13,2.0396262886597936,0.44523297491039426,0.0092,0.0,2328,2017-08-17 04:00:00+00:00,0.68
donch_L160_futures_PORT3_4h_longshort,futures,PORT3,4h,"('donch',)","(160,)",longshort,,30,0.0,,5.370225805363923,5.3332915028857375,0.588772241222677,1.0473921584878743,1.0450948625659122,-0.7073607149823575,0.6333781593026636,14,3.5,0.8561487565594342,0.005833333333333333,0.5317424466666667,1461,2020-01-01 00:00:00+00:00,0.35
donch_L10-20-40-80-160_spot_PORT3_4h_long,spot,PORT3,4h,"('donch',)","(10, 20, 40, 80, 160)",long,,30,0.0,,22.127796918016873,20.97149608343818,0.6370260140257564,1.5677833730774895,1.544819049146932,-0.4149370517046087,0.35440435732919295,77,12.080863402061855,0.7217921146953405,0.05136,0.0,2328,2017-08-17 04:00:00+00:00,1.79
donch_L10-20-40-80-160_futures_PORT3_4h_longshort,futures,PORT3,4h,"('donch',)","(10, 20, 40, 80, 160)",longshort,,30,0.0,,4.458718280373379,4.244739565774612,0.5285994325371957,1.1115926678705734,1.0910890381248295,-0.6510866233691297,0.48956907920365844,108,27.0,0.8817020305726672,0.04004,0.4997927519999999,1461,2020-01-01 00:00:00+00:00,0.77
tsmom_L10-20-40-80-160_spot_BTCUSDT_1d_long,spot,BTCUSDT,1d,"('tsmom',)","(10, 20, 40, 80, 160)",long,,30,0.0,,8.082676778382424,6.708082781815402,0.4138486693525294,1.0597236152813705,0.9954852890936806,-0.48256633896025025,0.40198183392897296,58,9.103781693167168,0.8049828178694158,0.16392,0.0,2327,2017-08-17 00:00:00+00:00,0.89
tsmom_L10-20-40-80-160_futures_BTCUSDT_1d_longshort,futures,BTCUSDT,1d,"('tsmom',)","(10, 20, 40, 80, 160)",longshort,,30,0.0,,1.1038161644358566,0.8478439761084553,0.18824786894767098,0.5979512324369556,0.5345088816610847,-0.5004522752986054,0.47384469068099,103,23.886190476190478,0.8978426395939086,0.1295,0.36730151,1575,2019-09-08 00:00:00+00:00,0.3
sma_L10-20-40-80-160_spot_BTCUSDT_1d_long,spot,BTCUSDT,1d,"('sma',)","(10, 20, 40, 80, 160)",long,,30,0.0,,6.887696924276626,5.3714562588345345,0.38288758713331816,1.0077546150836583,0.9238464039889737,-0.5315240494893136,0.39983287801602235,92,14.440481306403093,0.7130584192439863,0.21336000000000002,0.0,2327,2017-08-17 00:00:00+00:00,0.39
sma_L10-20-40-80-160_futures_BTCUSDT_1d_longshort,futures,BTCUSDT,1d,"('sma',)","(10, 20, 40, 80, 160)",longshort,,30,0.0,,0.524525081740864,0.290412483781028,0.10273149792757819,0.4427511156652095,0.3706149204534487,-0.5655689518452787,0.5350521308344707,111,25.741428571428575,0.8984771573604061,0.16646,0.37187892399999994,1575,2019-09-08 00:00:00+00:00,0.32
emax_L10-20-40-80-160_spot_BTCUSDT_1d_long,spot,BTCUSDT,1d,"('emax',)","(10, 20, 40, 80, 160)",long,,30,0.0,,6.6391461964586345,5.810487653388152,0.3759551037189304,0.9938605470578332,0.948838934281346,-0.4827621650812738,0.4010443413234092,61,9.574666953158573,0.7229381443298969,0.11472000000000002,0.0,2327,2017-08-17 00:00:00+00:00,0.48
emax_L10-20-40-80-160_futures_BTCUSDT_1d_longshort,futures,BTCUSDT,1d,"('emax',)","(10, 20, 40, 80, 160)",longshort,,30,0.0,,0.47019414520315017,0.3463158072648409,0.09349043212943964,0.42782945474974476,0.3873577892432487,-0.5450840972311811,0.5033679969998829,63,14.610000000000001,0.8984771573604061,0.08778000000000001,0.3928145,1575,2019-09-08 00:00:00+00:00,0.26
donch_L10-20-40-80-160_spot_BTCUSDT_1d_long,spot,BTCUSDT,1d,"('donch',)","(10, 20, 40, 80, 160)",long,,30,0.0,,4.731799637974793,4.442148941275023,0.31529353364166557,0.9284850430186903,0.9062747119801814,-0.5540582804228886,0.3667633112656403,32,5.022776106574989,0.6378865979381443,0.051840000000000004,0.0,2327,2017-08-17 00:00:00+00:00,0.41
donch_L10-20-40-80-160_futures_BTCUSDT_1d_longshort,futures,BTCUSDT,1d,"('donch',)","(10, 20, 40, 80, 160)",longshort,,30,0.0,,-0.13161209162321963,-0.16532849532151672,-0.032195959608830815,0.166151038670087,0.1467893889694423,-0.7527602270879494,0.4725952997391301,35,8.116666666666667,0.817258883248731,0.03948,0.39366378,1575,2019-09-08 00:00:00+00:00,0.3
tsmom+sma+emax+donch_L10-20-40-80-160_spot_BTCUSDT_1d_long,spot,BTCUSDT,1d,"('tsmom', 'sma', 'emax', 'donch')","(10, 20, 40, 80, 160)",long,,30,0.0,,6.625394222096057,5.703658342265797,0.37556601545861823,1.0182330013447547,0.9656193162140595,-0.5024728619290575,0.3849209102575002,47,7.377202406532015,0.8384879725085911,0.12876,0.0,2327,2017-08-17 00:00:00+00:00,0.41
tsmom+sma+emax+donch_L10-20-40-80-160_futures_BTCUSDT_1d_longshort,futures,BTCUSDT,1d,"('tsmom', 'sma', 'emax', 'donch')","(10, 20, 40, 80, 160)",longshort,,30,0.0,,0.5201581313078272,0.374241880791619,0.10199816456540378,0.43912652142196834,0.3902454671661382,-0.5669450866724778,0.4780146245458706,73,16.92904761904762,0.8870558375634517,0.100765,0.3802375235,1575,2019-09-08 00:00:00+00:00,0.77
tsmom_L10-20-40-80-160_spot_ETHUSDT_1d_long,spot,ETHUSDT,1d,"('tsmom',)","(10, 20, 40, 80, 160)",long,,30,0.0,,5.073022061481465,4.114944540359347,0.32728626482997814,0.7903783107420773,0.7416083663416042,-0.5358723211398189,0.5522359518857172,59,9.260743446497637,0.7929553264604811,0.17184000000000002,0.0,2327,2017-08-17 00:00:00+00:00,0.68
tsmom_L10-20-40-80-160_futures_ETHUSDT_1d_longshort,futures,ETHUSDT,1d,"('tsmom',)","(10, 20, 40, 80, 160)",longshort,,30,0.0,,1.0797724241229076,0.8278698252794598,0.1959026747078163,0.596347081625637,0.5425992851759784,-0.7228121984787252,0.5862787579248928,97,23.698494983277595,0.892379679144385,0.12922,0.50088355,1495,2019-11-27 00:00:00+00:00,0.32
sma_L10-20-40-80-160_spot_ETHUSDT_1d_long,spot,ETHUSDT,1d,"('sma',)","(10, 20, 40, 80, 160)",long,,30,0.0,,7.25148567270038,5.669524554815772,0.39270935635713067,0.883635310930546,0.8214994981280793,-0.512421263699511,0.5378566961080847,79,12.399978513107005,0.7229381443298969,0.21264000000000002,0.0,2327,2017-08-17 00:00:00+00:00,0.39
sma_L10-20-40-80-160_futures_ETHUSDT_1d_longshort,futures,ETHUSDT,1d,"('sma',)","(10, 20, 40, 80, 160)",longshort,,30,0.0,,0.243712817037383,0.057461440642188055,0.05473045197442983,0.39169611752687583,0.3270994453010295,-0.7177148140656174,0.6127514047953306,123,30.05066889632107,0.893048128342246,0.16226,0.5032329280000001,1495,2019-11-27 00:00:00+00:00,0.27
emax_L10-20-40-80-160_spot_ETHUSDT_1d_long,spot,ETHUSDT,1d,"('emax',)","(10, 20, 40, 80, 160)",long,,30,0.0,,9.115519052817655,8.031553623147216,0.43795304770950017,0.9395834978241139,0.9068953144154923,-0.5588514402272478,0.5435930198789992,50,7.84808766652342,0.7242268041237113,0.11352,0.0,2327,2017-08-17 00:00:00+00:00,0.71
emax_L10-20-40-80-160_futures_ETHUSDT_1d_longshort,futures,ETHUSDT,1d,"('emax',)","(10, 20, 40, 80, 160)",longshort,,30,0.0,,1.7375910150840945,1.5139912122959127,0.2789554908672389,0.7069944768673635,0.6724549190142239,-0.691676712221543,0.6020841083714753,57,13.925919732441473,0.893048128342246,0.08526,0.5247272799999999,1495,2019-11-27 00:00:00+00:00,0.28
donch_L10-20-40-80-160_spot_ETHUSDT_1d_long,spot,ETHUSDT,1d,"('donch',)","(10, 20, 40, 80, 160)",long,,30,0.0,,6.549002334053246,6.173040779938484,0.3733938063691187,0.8875482597268182,0.8713467170389779,-0.4551707894424736,0.4947368975802418,26,4.081005586592179,0.6421821305841925,0.05112000000000001,0.0,2327,2017-08-17 00:00:00+00:00,0.49
donch_L10-20-40-80-160_futures_ETHUSDT_1d_longshort,futures,ETHUSDT,1d,"('donch',)","(10, 20, 40, 80, 160)",longshort,,30,0.0,,1.8560950403626206,1.7601570389469798,0.29226569113220013,0.7286875983135074,0.7144297660765776,-0.740341325729299,0.5853451204269193,33,8.0623745819398,0.8101604278074866,0.03402,0.5123553300000001,1495,2019-11-27 00:00:00+00:00,0.29
tsmom+sma+emax+donch_L10-20-40-80-160_spot_ETHUSDT_1d_long,spot,ETHUSDT,1d,"('tsmom', 'sma', 'emax', 'donch')","(10, 20, 40, 80, 160)",long,,30,0.0,,6.965206210194034,5.98732063794097,0.3850117726421467,0.8833207880012977,0.8440741665368633,-0.49870495803129333,0.5236876527402435,52,8.162011173184357,0.8268900343642611,0.13104000000000005,0.0,2327,2017-08-17 00:00:00+00:00,0.44
tsmom+sma+emax+donch_L10-20-40-80-160_futures_ETHUSDT_1d_longshort,futures,ETHUSDT,1d,"('tsmom', 'sma', 'emax', 'donch')","(10, 20, 40, 80, 160)",longshort,,30,0.0,,1.2533369572743625,1.042087836639562,0.21955249775387276,0.6303570025349331,0.5885606540188641,-0.6949888339908338,0.5748100753629025,71,17.346321070234115,0.8850267379679144,0.09849,0.5100318269999999,1495,2019-11-27 00:00:00+00:00,0.44
tsmom_L10-20-40-80-160_spot_SOLUSDT_1d_long,spot,SOLUSDT,1d,"('tsmom',)","(10, 20, 40, 80, 160)",long,,30,0.0,,65.637169343345,60.03819202574827,2.4553358967680206,1.9087100959992045,1.8770066314852853,-0.6688696709350832,0.8237518844155242,28,8.267582861762328,0.7487883683360258,0.08760000000000001,0.0,1237,2020-08-11 00:00:00+00:00,0.26
tsmom_L10-20-40-80-160_futures_SOLUSDT_1d_longshort,futures,SOLUSDT,1d,"('tsmom',)","(10, 20, 40, 80, 160)",longshort,,30,0.0,,3.194882881571261,2.7900615750254665,0.5454952767218324,0.9939200973010871,0.9616107970274204,-0.9116951204916962,0.9532643359393328,85,25.807356608478802,0.8662790697674418,0.10149999999999999,0.65522863,1203,2020-09-14 00:00:00+00:00,0.24
sma_L10-20-40-80-160_spot_SOLUSDT_1d_long,spot,SOLUSDT,1d,"('sma',)","(10, 20, 40, 80, 160)",long,,30,0.0,,61.43482193723949,54.552996001742116,2.389511877173323,1.8814061555722843,1.8393963970248275,-0.6666144629023001,0.8262685323577716,45,13.287186742118028,0.6736672051696284,0.11664000000000002,0.0,1237,2020-08-11 00:00:00+00:00,0.21
sma_L10-20-40-80-160_futures_SOLUSDT_1d_longshort,futures,SOLUSDT,1d,"('sma',)","(10, 20, 40, 80, 160)",longshort,,30,0.0,,3.1129918893489394,2.6048543814972334,0.5362720389825033,0.9863937109254333,0.9467010521017333,-0.9193736488025601,1.0081276909917207,99,30.05798004987531,0.867109634551495,0.13146000000000002,0.6448128299999999,1203,2020-09-14 00:00:00+00:00,0.21
emax_L10-20-40-80-160_spot_SOLUSDT_1d_long,spot,SOLUSDT,1d,"('emax',)","(10, 20, 40, 80, 160)",long,,30,0.0,,78.80077568894978,74.31688707445471,2.6442418666725853,1.9622800272794778,1.9416269196822062,-0.6437272424713596,0.8318653587942886,32,9.448666127728375,0.6575121163166397,0.05784000000000001,0.0,1237,2020-08-11 00:00:00+00:00,0.25
emax_L10-20-40-80-160_futures_SOLUSDT_1d_longshort,futures,SOLUSDT,1d,"('emax',)","(10, 20, 40, 80, 160)",longshort,,30,0.0,,5.379534311622257,4.968160656439644,0.7552815103073298,1.1224365795757674,1.1018504439277754,-0.8943018495295114,0.9819985225795907,41,12.448254364089776,0.867109634551495,0.06678,0.65567913,1203,2020-09-14 00:00:00+00:00,0.24
donch_L10-20-40-80-160_spot_SOLUSDT_1d_long,spot,SOLUSDT,1d,"('donch',)","(10, 20, 40, 80, 160)",long,,30,0.0,,73.5468987157595,71.70384614517806,2.5716904381564896,2.013556348131715,2.0041181231208136,-0.5766772134734262,0.7796190417584069,14,4.133791430881164,0.5775444264943457,0.025200000000000004,0.0,1237,2020-08-11 00:00:00+00:00,0.22
donch_L10-20-40-80-160_futures_SOLUSDT_1d_longshort,futures,SOLUSDT,1d,"('donch',)","(10, 20, 40, 80, 160)",longshort,,30,0.0,,2.75591581576777,2.650114432719761,0.49448962499529814,0.9583100973590283,0.9491805854906781,-0.8915040624799278,0.9465449561646339,30,9.108478802992519,0.7649501661129569,0.028980000000000002,0.656723116,1203,2020-09-14 00:00:00+00:00,0.4
tsmom+sma+emax+donch_L10-20-40-80-160_spot_SOLUSDT_1d_long,spot,SOLUSDT,1d,"('tsmom', 'sma', 'emax', 'donch')","(10, 20, 40, 80, 160)",long,,30,0.0,,71.82795861865944,67.08395362174174,2.547172357438993,1.9636003357048597,1.9388239594821683,-0.6275907174664335,0.8071845012097856,25,7.381770412287793,0.7681744749596123,0.06738000000000001,0.0,1237,2020-08-11 00:00:00+00:00,0.3
tsmom+sma+emax+donch_L10-20-40-80-160_futures_SOLUSDT_1d_longshort,futures,SOLUSDT,1d,"('tsmom', 'sma', 'emax', 'donch')","(10, 20, 40, 80, 160)",longshort,,30,0.0,,3.674762568180129,3.329630804448648,0.5971646566367088,1.0288551082027122,1.0042662131984954,-0.9011940756552882,0.9461005017596531,57,17.306109725685786,0.8629568106312292,0.07686,0.6516618565000001,1203,2020-09-14 00:00:00+00:00,0.3
tsmom+sma+emax+donch_L10-20-40-80-160_spot_PORT3_1d_long,spot,PORT3,1d,"('tsmom', 'sma', 'emax', 'donch')","(10, 20, 40, 80, 160)",long,,30,0.0,,22.136666210250166,19.747690684957604,0.6373557250886333,1.481843419967725,1.4369857256476402,-0.5122007985937601,0.3818215278293983,124,19.46325741297808,0.8762886597938144,0.10906000000000002,0.0,2327,2017-08-17 00:00:00+00:00,0.86
tsmom+sma+emax+donch_L10-20-40-80-160_futures_PORT3_1d_longshort,futures,PORT3,1d,"('tsmom', 'sma', 'emax', 'donch')","(10, 20, 40, 80, 160)",longshort,,30,0.0,,2.904343034316232,2.5612648932832083,0.3714588792558464,0.9027403268206545,0.8582793193935343,-0.6782578264533206,0.4790931475851523,201,46.612857142857145,0.8978426395939086,0.0920383333333333,0.5139770690000001,1575,2019-09-08 00:00:00+00:00,0.48
tsmom+sma+emax+donch_L10-20-40-80-160_spot_PORT3_4h_long,spot,PORT3,4h,"('tsmom', 'sma', 'emax', 'donch')","(10, 20, 40, 80, 160)",long,,30,0.0,,23.496363075786462,18.90611390928777,0.6518605321116759,1.5096102363979547,1.4235613671699239,-0.4872221272738074,0.38029116867538626,312,48.95103092783505,0.8760573476702509,0.20758000000000001,0.0,2328,2017-08-17 04:00:00+00:00,1.7
tsmom+sma+emax+donch_L10-20-40-80-160_futures_PORT3_4h_longshort,futures,PORT3,4h,"('tsmom', 'sma', 'emax', 'donch')","(10, 20, 40, 80, 160)",longshort,,30,0.0,,4.214904319300198,3.4062209250988698,0.5112351412760534,1.0801293507328145,0.9947698978741006,-0.6286858751687328,0.4947119850060265,364,91.0,0.8886607346566279,0.168595,0.5046173525,1461,2020-01-01 00:00:00+00:00,0.89
tsmom_L10-20-40-80-160_spot_PORT3_1d_long_vt0.4_vd30_b0.1,spot,PORT3,1d,"('tsmom',)","(10, 20, 40, 80, 160)",long,0.4,30,0.1,,4.204955467303592,3.8415996067368976,0.29553774729126614,1.4157914356772843,1.3578407030413928,-0.3371654438609899,0.19631739161885692,145,22.759454232917918,0.8603951890034365,0.07238616131689515,0.0,2327,2017-08-17 00:00:00+00:00,1.39
tsmom_L10-20-40-80-160_spot_PORT3_1d_long_vt0.6_vd30_b0.1,spot,PORT3,1d,"('tsmom',)","(10, 20, 40, 80, 160)",long,0.6,30,0.1,,8.618050133010243,7.632734054847836,0.42661591604166516,1.4371890288222133,1.3748404870632798,-0.4440600192744839,0.27293707093324354,145,22.759454232917918,0.8603951890034365,0.10808222314892682,0.0,2327,2017-08-17 00:00:00+00:00,0.43
tsmom_L10-20-40-80-160_spot_PORT3_1d_long_vt0.8_vd30_b0.1,spot,PORT3,1d,"('tsmom',)","(10, 20, 40, 80, 160)",long,0.8,30,0.1,,12.564291428767328,10.967661786684785,0.5057158989512178,1.4278001621445142,1.3668025305683316,-0.5059450893598103,0.3229567787363544,145,22.759454232917918,0.8603951890034365,0.12526676334795833,0.0,2327,2017-08-17 00:00:00+00:00,0.43
tsmom+sma+emax+donch_L10-20-40-80-160_spot_PORT3_1d_long_vt0.4_vd30_b0.1,spot,PORT3,1d,"('tsmom', 'sma', 'emax', 'donch')","(10, 20, 40, 80, 160)",long,0.4,30,0.1,,4.344689323640245,4.1175719126800665,0.3009361637607244,1.492161422580931,1.4558445536943156,-0.30751816133364673,0.18798391333100842,124,19.46325741297808,0.8762886597938144,0.04343751358557274,0.0,2327,2017-08-17 00:00:00+00:00,0.6
tsmom+sma+emax+donch_L10-20-40-80-160_spot_PORT3_1d_long_vt0.6_vd30_b0.1,spot,PORT3,1d,"('tsmom', 'sma', 'emax', 'donch')","(10, 20, 40, 80, 160)",long,0.6,30,0.1,,8.608557654222665,8.029954350542134,0.426394823419485,1.4942253879876417,1.456761173966819,-0.42841069013609,0.2601169915666616,124,19.46325741297808,0.8762886597938144,0.06216139396688631,0.0,2327,2017-08-17 00:00:00+00:00,0.72
tsmom+sma+emax+donch_L10-20-40-80-160_spot_PORT3_1d_long_vt0.8_vd30_b0.1,spot,PORT3,1d,"('tsmom', 'sma', 'emax', 'donch')","(10, 20, 40, 80, 160)",long,0.8,30,0.1,,12.108442524290803,11.20599072520857,0.4976584430613846,1.4737103537852054,1.4369969579326904,-0.473067045389164,0.30554128324674346,124,19.46325741297808,0.8762886597938144,0.07135918443953174,0.0,2327,2017-08-17 00:00:00+00:00,0.56
tsmom_L10-20-40-80-160_futures_PORT3_1d_long,futures,PORT3,1d,"('tsmom',)","(10, 20, 40, 80, 160)",long,,30,0.0,,7.925955192575222,7.40273781110773,0.6613508286425223,1.4266025076249453,1.3928717981266046,-0.5351575205431064,0.41670354067279947,97,22.494761904761905,0.850253807106599,0.06038666666666666,0.42890505999999995,1575,2019-09-08 00:00:00+00:00,0.33
sma_L10-20-40-80-160_futures_PORT3_1d_long,futures,PORT3,1d,"('sma',)","(10, 20, 40, 80, 160)",long,,30,0.0,,7.451153078510902,6.824836926871982,0.6404244245025033,1.4183390309981083,1.3744415681712276,-0.5420723550481612,0.40712101985296173,136,31.539047619047622,0.7963197969543148,0.07704666666666667,0.42928828199999997,1575,2019-09-08 00:00:00+00:00,0.29
emax_L10-20-40-80-160_futures_PORT3_1d_long,futures,PORT3,1d,"('emax',)","(10, 20, 40, 80, 160)",long,,30,0.0,,8.803768809554812,8.416928518032098,0.6978869557861469,1.4740770899567084,1.4517966380994163,-0.5345564423520004,0.4185306160725682,89,20.639523809523812,0.7931472081218274,0.040319999999999995,0.43817098666666665,1575,2019-09-08 00:00:00+00:00,0.3
donch_L10-20-40-80-160_futures_PORT3_1d_long,futures,PORT3,1d,"('donch',)","(10, 20, 40, 80, 160)",long,,30,0.0,,6.651279062140984,6.513737446931204,0.6030317811919388,1.433946070211551,1.4229243044908597,-0.47541125331542644,0.3791872787772493,48,11.131428571428572,0.7734771573604061,0.0182,0.406923672,1575,2019-09-08 00:00:00+00:00,0.83
tsmom+sma+emax+donch_L10-20-40-80-160_futures_PORT3_1d_long,futures,PORT3,1d,"('tsmom', 'sma', 'emax', 'donch')","(10, 20, 40, 80, 160)",long,,30,0.0,,7.699553591190167,7.304173196107293,0.6514819090507709,1.453572088048815,1.4266133447985847,-0.5207477748376976,0.4001443066251815,80,18.552380952380954,0.8604060913705583,0.04656166666666666,0.4248572768333333,1575,2019-09-08 00:00:00+00:00,0.47
tsmom_L20-40-80_spot_PORT3_1d_long,spot,PORT3,1d,"('tsmom',)","(20, 40, 80)",long,,30,0.0,,42.62892316711296,37.05375937795099,0.8087638918358302,1.573812929124459,1.524519407147066,-0.5443440096674594,0.4375011821179735,185,29.037924366136654,0.8221649484536082,0.1366666666666667,0.0,2327,2017-08-17 00:00:00+00:00,0.65
sma_L20-40-80_spot_PORT3_1d_long,spot,PORT3,1d,"('sma',)","(20, 40, 80)",long,,30,0.0,,46.015692923176715,38.754577694888056,0.8301141055501076,1.6226601742727194,1.5609856476189807,-0.5749635739511926,0.42879090910866646,222,34.845509239363984,0.7426975945017182,0.16773333333333335,0.0,2327,2017-08-17 00:00:00+00:00,0.42
emax_L20-40-80_spot_PORT3_1d_long,spot,PORT3,1d,"('emax',)","(20, 40, 80)",long,,30,0.0,,57.396325801747835,53.667464593345926,0.8934549155436255,1.675952916982071,1.6522363120314696,-0.5490257781788639,0.4383267804895541,88,13.812634293081219,0.7336769759450171,0.066,0.0,2327,2017-08-17 00:00:00+00:00,0.58
donch_L20-40-80_spot_PORT3_1d_long,spot,PORT3,1d,"('donch',)","(20, 40, 80)",long,,30,0.0,,46.274928874432355,44.67188641914765,0.8316943244766213,1.7304715517575293,1.7167299611434539,-0.4656390893689226,0.39470887749438194,51,8.005049419853888,0.7164948453608248,0.03453333333333334,0.0,2327,2017-08-17 00:00:00+00:00,0.49
tsmom+sma+emax+donch_L20-40-80_spot_PORT3_1d_long,spot,PORT3,1d,"('tsmom', 'sma', 'emax', 'donch')","(20, 40, 80)",long,,30,0.0,,49.071731387694776,44.51524502672433,0.8482939239282177,1.6789604084662424,1.6429744247698068,-0.5267497209284941,0.4177860329846698,135,21.189836699613235,0.8634020618556701,0.09543333333333333,0.0,2327,2017-08-17 00:00:00+00:00,0.52
donch_L20_spot_PORT3_1d_long_atr2.5,spot,PORT3,1d,"('donch',)","(20,)",long,,30,0.0,2.5,46.457613484137795,43.497357816090734,0.8328035289362139,1.750870545353282,1.724743543379546,-0.44480430106345825,0.38884169493805837,82,12.87086377309841,0.4647766323024055,0.06440000000000001,0.0,2327,2017-08-17 00:00:00+00:00,0.43
donch_L20_spot_PORT3_1d_long_atr4.0,spot,PORT3,1d,"('donch',)","(20,)",long,,30,0.0,4.0,46.56252268885663,43.806750132509045,0.8334388790856881,1.6612970185503553,1.6386317907959138,-0.48078558915754466,0.4168168595987215,76,11.9290932531156,0.5339347079037801,0.05960000000000001,0.0,2327,2017-08-17 00:00:00+00:00,0.45
donch_L10-20-40-80-160_spot_PORT3_1d_long_atr2.5,spot,PORT3,1d,"('donch',)","(10, 20, 40, 80, 160)",long,,30,0.0,2.5,11.884964297248793,11.229352460996202,0.4936216789062853,1.5073892124664576,1.479694955613116,-0.3523514493980203,0.2947854219639478,117,18.364525139664803,0.5721649484536082,0.052320000000000005,0.0,2327,2017-08-17 00:00:00+00:00,1.24
donch_L10-20-40-80-160_spot_PORT3_1d_long_atr4.0,spot,PORT3,1d,"('donch',)","(10, 20, 40, 80, 160)",long,,30,0.0,4.0,18.014050574147834,17.182668500449477,0.5876903270862401,1.5321472906611358,1.5115178253876849,-0.4266271064598559,0.33908044824991446,91,14.283519553072624,0.6666666666666666,0.044800000000000006,0.0,2327,2017-08-17 00:00:00+00:00,0.61
tsmom+sma+emax+donch_L10-20-40-80-160_futures_PORT3_1d_longshort_vt0.4_vd30_b0.1,futures,PORT3,1d,"('tsmom', 'sma', 'emax', 'donch')","(10, 20, 40, 80, 160)",longshort,0.4,30,0.1,,1.2090191255351201,1.1090338314447208,0.2017703848680661,0.9493904872865578,0.9002860486964308,-0.41997490249258607,0.21842310665877376,201,46.612857142857145,0.8978426395939086,0.04634618330635039,0.2111756653729095,1575,2019-09-08 00:00:00+00:00,0.45
tsmom+sma+emax+donch_L10-20-40-80-160_futures_PORT3_1d_longshort_vt0.6_vd30_b0.1,futures,PORT3,1d,"('tsmom', 'sma', 'emax', 'donch')","(10, 20, 40, 80, 160)",longshort,0.6,30,0.1,,2.347998634652912,2.1419103902578156,0.3234276488087817,1.0472940740751406,1.0004606945384809,-0.49574401895578324,0.3140596004306076,201,46.612857142857145,0.8978426395939086,0.06359538194673,0.30757491689191213,1575,2019-09-08 00:00:00+00:00,0.45
tsmom_L10-20-40-80-160_spot_PORT3_4h_long_vt0.4_vd30_b0.1,spot,PORT3,4h,"('tsmom',)","(10, 20, 40, 80, 160)",long,0.4,30,0.1,,4.416889074976232,3.604400875787631,0.3035800081108948,1.4615414064808991,1.3292870707845306,-0.3362816587566253,0.19414705753271055,379,59.46295103092783,0.8589247311827957,0.16253017675981776,0.0,2328,2017-08-17 04:00:00+00:00,0.67
tsmom_L10-20-40-80-160_spot_PORT3_4h_long_vt0.6_vd30_b0.1,spot,PORT3,4h,"('tsmom',)","(10, 20, 40, 80, 160)",long,0.6,30,0.1,,7.574779794363112,5.655230099901866,0.40100072859297176,1.4115340129033733,1.259561405899901,-0.4566107010736381,0.2632453985035692,379,59.46295103092783,0.8589247311827957,0.2534408782014834,0.0,2328,2017-08-17 04:00:00+00:00,0.47
tsmom_L10-20-40-80-160_spot_PORT3_4h_long_vt0.8_vd30_b0.1,spot,PORT3,4h,"('tsmom',)","(10, 20, 40, 80, 160)",long,0.8,30,0.1,,11.272183793780648,8.12293658991137,0.4820748242037609,1.4216038760670315,1.2709455290059437,-0.5059384691814883,0.3104617099398154,379,59.46295103092783,0.8589247311827957,0.29657261904249194,0.0,2328,2017-08-17 04:00:00+00:00,0.49
tsmom+sma+emax+donch_L10-20-40-80-160_spot_PORT3_4h_long_vt0.4_vd30_b0.1,spot,PORT3,4h,"('tsmom', 'sma', 'emax', 'donch')","(10, 20, 40, 80, 160)",long,0.4,30,0.1,,4.252938974446855,3.976308820030451,0.2973084021364638,1.4896445386137613,1.4433229690543707,-0.3062267057775886,0.18625570568534244,312,48.95103092783505,0.8760573476702509,0.05411276060870285,0.0,2328,2017-08-17 04:00:00+00:00,1.81
tsmom+sma+emax+donch_L10-20-40-80-160_spot_PORT3_4h_long_vt0.6_vd30_b0.1,spot,PORT3,4h,"('tsmom', 'sma', 'emax', 'donch')","(10, 20, 40, 80, 160)",long,0.6,30,0.1,,8.111539124187077,7.4327934501622135,0.4144124284990518,1.4903452096458063,1.4419678904194304,-0.4064132606698907,0.254167975403116,312,48.95103092783505,0.8760573476702509,0.07744156736516125,0.0,2328,2017-08-17 04:00:00+00:00,1.28
tsmom+sma+emax+donch_L10-20-40-80-160_spot_PORT3_4h_long_vt0.8_vd30_b0.1,spot,PORT3,4h,"('tsmom', 'sma', 'emax', 'donch')","(10, 20, 40, 80, 160)",long,0.8,30,0.1,,11.544553036228583,10.470066314769962,0.4871886811459494,1.4910941496061805,1.4429826148876936,-0.4423484270492142,0.29527229697767715,312,48.95103092783505,0.8760573476702509,0.08956932280560786,0.0,2328,2017-08-17 04:00:00+00:00,1.96
tsmom_L10-20-40-80-160_futures_PORT3_4h_long,futures,PORT3,4h,"('tsmom',)","(10, 20, 40, 80, 160)",long,,30,0.0,,7.1853917808339105,6.1037607572410035,0.691554169439166,1.4542192654991344,1.3700411561649093,-0.5344340589189867,0.4231804216654071,250,62.5,0.8457677389915583,0.1417733333333333,0.4207496473333333,1461,2020-01-01 00:00:00+00:00,0.34
sma_L10-20-40-80-160_futures_PORT3_4h_long,futures,PORT3,4h,"('sma',)","(10, 20, 40, 80, 160)",long,,30,0.0,,7.817175186155909,6.570133149600723,0.723293820250797,1.513897423668992,1.4216938035950608,-0.463594059188141,0.41664750164276776,264,66.0,0.7862194843714351,0.15255333333333332,0.42075936599999997,1461,2020-01-01 00:00:00+00:00,0.32
emax_L10-20-40-80-160_futures_PORT3_4h_long,futures,PORT3,4h,"('emax',)","(10, 20, 40, 80, 160)",long,,30,0.0,,9.031668927301348,8.686929055359357,0.7798026923475989,1.5571900640599126,1.5367444536282946,-0.5324882873485475,0.4298075009353373,81,20.25,0.783025325119781,0.034999999999999996,0.42781066666666656,1461,2020-01-01 00:00:00+00:00,0.29
donch_L10-20-40-80-160_futures_PORT3_4h_long,futures,PORT3,4h,"('donch',)","(10, 20, 40, 80, 160)",long,,30,0.0,,7.412547417853222,7.236683902948418,0.7031710346433251,1.5334569656861128,1.5201614060501223,-0.43639499522634817,0.39929539575220785,48,12.0,0.7671686059776409,0.021186666666666663,0.38927252533333334,1461,2020-01-01 00:00:00+00:00,1.18
tsmom+sma+emax+donch_L10-20-40-80-160_futures_PORT3_4h_long,futures,PORT3,4h,"('tsmom', 'sma', 'emax', 'donch')","(10, 20, 40, 80, 160)",long,,30,0.0,,8.000796513966614,7.268878572049735,0.7321976871030704,1.5392306669523348,1.4875432972743161,-0.4914984435994546,0.41220940424860053,182,45.5,0.8550079853981292,0.084875,0.4144855313333333,1461,2020-01-01 00:00:00+00:00,0.88
tsmom_L20-40-80_spot_PORT3_4h_long,spot,PORT3,4h,"('tsmom',)","(20, 40, 80)",long,,30,0.0,,42.77240999733348,30.651843937727598,0.8093888957202218,1.5918948105734445,1.4729316303069675,-0.5584398126051676,0.4308619567825499,448,70.28865979381443,0.822078853046595,0.3241333333333334,0.0,2328,2017-08-17 04:00:00+00:00,1.12
sma_L20-40-80_spot_PORT3_4h_long,spot,PORT3,4h,"('sma',)","(20, 40, 80)",long,,30,0.0,,49.662955563630284,34.671482109996674,0.8513757811182501,1.6423423523881342,1.5132727678238413,-0.4826936695877143,0.43138226864746837,462,72.48518041237114,0.740573476702509,0.3509333333333334,0.0,2328,2017-08-17 04:00:00+00:00,0.47
emax_L20-40-80_spot_PORT3_4h_long,spot,PORT3,4h,"('emax',)","(20, 40, 80)",long,,30,0.0,,60.60692896757571,56.74916395278642,0.9090747786806572,1.6918098211797623,1.668442246149944,-0.5555379139014198,0.43953064952059356,91,14.277384020618555,0.7364874551971327,0.06466666666666668,0.0,2328,2017-08-17 04:00:00+00:00,0.45
donch_L20-40-80_spot_PORT3_4h_long,spot,PORT3,4h,"('donch',)","(20, 40, 80)",long,,30,0.0,,54.63794387942975,52.521869008318646,0.878789134333416,1.7795429200684518,1.7639149585244176,-0.4126061017551452,0.3992516923444396,55,8.629188144329897,0.6882437275985663,0.0388,0.0,2328,2017-08-17 04:00:00+00:00,0.83
tsmom+sma+emax+donch_L20-40-80_spot_PORT3_4h_long,spot,PORT3,4h,"('tsmom', 'sma', 'emax', 'donch')","(20, 40, 80)",long,,30,0.0,,52.60651493549266,43.31962444319113,0.8678555390298872,1.7017335424433593,1.6298766024657683,-0.49886203275739227,0.41866478805736623,337,52.87338917525773,0.8551971326164874,0.19030000000000002,0.0,2328,2017-08-17 04:00:00+00:00,1.62
donch_L20_spot_PORT3_4h_long_atr2.5,spot,PORT3,4h,"('donch',)","(20,)",long,,30,0.0,2.5,2.6836606661230213,2.076553174398496,0.2270401801767401,0.9782138248273095,0.8571314492127533,-0.2849103011159887,0.23750644975658747,225,35.30122422680412,0.2410035842293907,0.18000000000000002,0.0,2328,2017-08-17 04:00:00+00:00,0.55
donch_L20_spot_PORT3_4h_long_atr4.0,spot,PORT3,4h,"('donch',)","(20,)",long,,30,0.0,4.0,8.654373756042009,7.558928919619397,0.4273147500487855,1.3434052289879477,1.2779432042762038,-0.2844342194807755,0.2973589309573473,151,23.691043814432987,0.34487455197132616,0.12040000000000001,0.0,2328,2017-08-17 04:00:00+00:00,1.67
donch_L10-20-40-80-160_spot_PORT3_4h_long_atr2.5,spot,PORT3,4h,"('donch',)","(10, 20, 40, 80, 160)",long,,30,0.0,2.5,1.2223422472345056,0.9278554321494192,0.1334972284804674,0.7913033280289224,0.664261908069762,-0.23236644790546224,0.17812682706910896,279,43.77351804123711,0.30709677419354836,0.14208000000000004,0.0,2328,2017-08-17 04:00:00+00:00,1.32
donch_L10-20-40-80-160_spot_PORT3_4h_long_atr4.0,spot,PORT3,4h,"('donch',)","(10, 20, 40, 80, 160)",long,,30,0.0,4.0,3.7581017605703373,3.3214821266332066,0.27732299636554747,1.232612189484967,1.1613407034058099,-0.23321229184777148,0.21757909625045413,199,31.221971649484534,0.43017921146953403,0.09623999999999999,0.0,2328,2017-08-17 04:00:00+00:00,1.91
tsmom+sma+emax+donch_L10-20-40-80-160_futures_PORT3_4h_longshort_vt0.4_vd30_b0.1,futures,PORT3,4h,"('tsmom', 'sma', 'emax', 'donch')","(10, 20, 40, 80, 160)",longshort,0.4,30,0.1,,1.57515342139,1.4208697540684527,0.26681294981157166,1.1423920704640143,1.0747290005551886,-0.36067367412074736,0.2298640997334005,364,91.0,0.8886607346566279,0.061806195701230145,0.20837867665120213,1461,2020-01-01 00:00:00+00:00,0.89
tsmom+sma+emax+donch_L10-20-40-80-160_futures_PORT3_4h_longshort_vt0.6_vd30_b0.1,futures,PORT3,4h,"('tsmom', 'sma', 'emax', 'donch')","(10, 20, 40, 80, 160)",longshort,0.6,30,0.1,,2.6978334942824924,2.383981557971166,0.3867655272818247,1.1663870977785578,1.0977465698680218,-0.4554264083941,0.32497166056031634,364,91.0,0.8886607346566279,0.0887455334268398,0.29910190047558416,1461,2020-01-01 00:00:00+00:00,1.24
tsmom+sma+emax+donch_L20-40-80_spot_PORT3_1d_long_vt0.6_vd30_b0.1,spot,PORT3,1d,"('tsmom', 'sma', 'emax', 'donch')","(20, 40, 80)",long,0.6,30,0.1,,12.879274387003598,12.077470505247955,0.511151093875754,1.6122095141481148,1.5787756160746946,-0.4448850887516944,0.2802646375053381,135,21.189836699613235,0.8634020618556701,0.05952276941992747,0.0,2327,2017-08-17 00:00:00+00:00,1.11
tsmom+sma+emax+donch_L20-40-80_futures_PORT3_1d_long,futures,PORT3,1d,"('tsmom', 'sma', 'emax', 'donch')","(20, 40, 80)",long,,30,0.0,,13.20226814634412,12.631225477044778,0.8502790858831617,1.6008556637335134,1.5794764149308278,-0.5347512327595372,0.44660399343317153,94,21.79904761904762,0.8616751269035533,0.04104722222222222,0.48238984111111105,1575,2019-09-08 00:00:00+00:00,0.37
tsmom+sma+emax+donch_L20-40-80_futures_PORT3_1d_longshort,futures,PORT3,1d,"('tsmom', 'sma', 'emax', 'donch')","(20, 40, 80)",longshort,,30,0.0,,3.6759002087955226,3.308551885992018,0.4300293057789122,0.930638370642198,0.8960476035783135,-0.7113722945336158,0.5483161758010788,164,38.032380952380954,0.9486040609137056,0.08174444444444443,0.5897595747222222,1575,2019-09-08 00:00:00+00:00,0.58
tsmom+sma+emax+donch_L20-40-80_futures_PORT3_1d_longshort_vt0.6_vd30_b0.1,futures,PORT3,1d,"('tsmom', 'sma', 'emax', 'donch')","(20, 40, 80)",longshort,0.6,30,0.1,,2.539766167782131,2.3239553212418262,0.3406327297034415,1.0126930387121453,0.9708840618224858,-0.5516262097104161,0.3490886070654563,164,38.032380952380954,0.9486040609137056,0.06290151786738252,0.34881917158513653,1575,2019-09-08 00:00:00+00:00,0.37
tsmom+sma+emax+donch_L20-40-80_spot_PORT3_4h_long_vt0.6_vd30_b0.1,spot,PORT3,4h,"('tsmom', 'sma', 'emax', 'donch')","(20, 40, 80)",long,0.6,30,0.1,,14.102277406982756,12.888747189909035,0.5311282336168079,1.691621469982715,1.6428634535453994,-0.4176490451466546,0.2738747686346155,337,52.87338917525773,0.8551971326164874,0.08377636333813147,0.0,2328,2017-08-17 04:00:00+00:00,1.64
tsmom+sma+emax+donch_L20-40-80_futures_PORT3_4h_long,futures,PORT3,4h,"('tsmom', 'sma', 'emax', 'donch')","(20, 40, 80)",long,,30,0.0,,16.3016033685315,15.003785404835536,1.0396558780181535,1.7773832825081326,1.7347868986628199,-0.5005809480190517,0.4608942130635628,201,50.25,0.8684690851015286,0.07803055555555555,0.45289417527777776,1461,2020-01-01 00:00:00+00:00,0.9
tsmom+sma+emax+donch_L20-40-80_futures_PORT3_4h_longshort,futures,PORT3,4h,"('tsmom', 'sma', 'emax', 'donch')","(20, 40, 80)",longshort,,30,0.0,,6.433843963218329,5.360279217314868,0.6513084735905619,1.1800019569084794,1.1095440270046664,-0.6794358558914667,0.5552224542882013,342,85.5,0.9413643623089208,0.1560611111111111,0.5606013052777777,1461,2020-01-01 00:00:00+00:00,0.63
tsmom+sma+emax+donch_L20-40-80_futures_PORT3_4h_longshort_vt0.6_vd30_b0.1,futures,PORT3,4h,"('tsmom', 'sma', 'emax', 'donch')","(20, 40, 80)",longshort,0.6,30,0.1,,3.2186591666659075,2.788818316946779,0.43321531865037977,1.1937912502169514,1.117289677316561,-0.5234336670312567,0.35331356137116343,342,85.5,0.9413643623089208,0.10749312376234994,0.32166575304933653,1461,2020-01-01 00:00:00+00:00,0.87
tsmom+sma+emax+donch_L20-40-80_spot_PORT3_1h_long,spot,PORT3,1h,"('tsmom', 'sma', 'emax', 'donch')","(20, 40, 80)",long,,30,0.0,,43.30863102536017,30.074165286711185,0.8127912787932556,1.6435202694252602,1.5080109986038575,-0.5261925342045322,0.4140961460427937,656,102.92268041237112,0.8549763373010182,0.35483333333333333,0.0,2328,2017-08-17 04:00:00+00:00,3.43
tsmom+sma+emax+donch_L20-40-80_futures_PORT3_1h_long,futures,PORT3,1h,"('tsmom', 'sma', 'emax', 'donch')","(20, 40, 80)",long,,30,0.0,,15.237405637302466,13.060316070800155,1.0074178938118532,1.7621909768717228,1.6822904260259677,-0.5147599398208842,0.4540267818000714,390,97.5,0.8686116814966918,0.1439861111111111,0.45172860305555557,1461,2020-01-01 00:00:00+00:00,2.47
tsmom+sma+emax+donch_L20-40-80_spot_PORT3_4h_long_b0.15,spot,PORT3,4h,"('tsmom', 'sma', 'emax', 'donch')","(20, 40, 80)",long,,30,0.15,,53.99764634717282,48.63153430696264,0.8753797579816514,1.7366931527925167,1.6970176232578604,-0.48898917545267373,0.410685671548042,337,52.87338917525773,0.8551971326164874,0.10270000000000001,0.0,2328,2017-08-17 04:00:00+00:00,1.28
