ad,interval,ciftler,hedge,z_win,z_in,z_exit,ret,sharpe,mdd,trades,alfa,beta,alfa_t,maliyet,fonlama,maruz,win,ret2,sharpe2,hedge_win
t2_cift_1h_ETHBTC_bir_z_win48_z_in1.5_z_exit0.0,1h,"[""ETHBTC""]",bir,48,1.5,0.0,-0.9461789370662563,-2.995198505503043,-0.9488913262819135,1940,-0.5658984044142656,0.000468447381654773,-6.6869263214959735,1.3573,-0.02954344,0.7058018609742748,0.4860824742268041,-0.9861691709924434,-4.558074839170551,
t2_cift_1h_ETHBTC_bir_z_win48_z_in2.0_z_exit0.0,1h,"[""ETHBTC""]",bir,48,2.0,0.0,-0.9196270939599728,-2.772053526232678,-0.9250540788373548,1526,-0.49043365817159135,0.0023705996843680793,-6.217752569432122,1.0675,-0.02850145,0.6038359788359788,0.48099606815203144,-0.9723967276112391,-4.072456865522702,
t2_cift_1h_ETHBTC_bir_z_win48_z_in2.5_z_exit0.0,1h,"[""ETHBTC""]",bir,48,2.5,0.0,-0.8912341417484536,-2.7058580589280505,-0.9008402979945219,1044,-0.4306669986005912,0.00040946472013655153,-6.04181550525377,0.7308,-0.024714215,0.4548440065681445,0.4703065134099617,-0.9476709703873869,-3.679394782796946,
t2_cift_1h_ETHBTC_bir_z_win168_z_in1.5_z_exit0.0,1h,"[""ETHBTC""]",bir,168,1.5,0.0,-0.8385150333698272,-1.73243594977053,-0.8474735994051716,602,-0.3576005375744881,0.011628847332768942,-4.018546386380124,0.42069999999999996,-0.033727845000000006,0.7256659368728334,0.48006644518272423,-0.8940204857375255,-2.177548332224508,
t2_cift_1h_ETHBTC_bir_z_win168_z_in2.0_z_exit0.0,1h,"[""ETHBTC""]",bir,168,2.0,0.0,-0.7799676223930859,-1.4993313803228852,-0.7983840496344359,474,-0.30059843890804716,0.014212807641626241,-3.542759443730038,0.33109999999999995,-0.032572750000000004,0.6233579638752053,0.48523206751054854,-0.8420415566113972,-1.8645374018832668,
t2_cift_1h_ETHBTC_bir_z_win168_z_in2.5_z_exit0.0,1h,"[""ETHBTC""]",bir,168,2.5,0.0,-0.7473672329443202,-1.465976732211774,-0.7698987016842462,358,-0.27017544072033006,0.0096840302175327,-3.413557559380115,0.2506,-0.031620155,0.5162835249042146,0.4776536312849162,-0.8034258496464131,-1.7603669427995459,
t2_cift_1h_ETHBTC_bir_z_win500_z_in1.5_z_exit0.0,1h,"[""ETHBTC""]",bir,500,1.5,0.0,-0.6470924957094716,-0.9064060232478153,-0.6862295469200717,214,-0.1934549158421607,0.005822731387575873,-2.094658024831216,0.1498,-0.02143305,0.7172733077905492,0.4719626168224299,-0.6962415313417442,-1.0565089847081859,
t2_cift_1h_ETHBTC_bir_z_win500_z_in2.0_z_exit0.0,1h,"[""ETHBTC""]",bir,500,2.0,0.0,-0.6572826829814031,-1.0063532555640031,-0.7101875660052799,168,-0.19533316446342883,0.0002557128580974077,-2.247974313619161,0.1176,-0.023027139999999998,0.6282840722495895,0.48214285714285715,-0.6953571488823688,-1.1322568522307392,
t2_cift_1h_ETHBTC_bir_z_win500_z_in2.5_z_exit0.0,1h,"[""ETHBTC""]",bir,500,2.5,0.0,-0.6295007178015576,-1.0089472935554764,-0.6957904464001758,124,-0.17625520377323736,-0.0049908607736539245,-2.17997458201469,0.0868,-0.027674419999999995,0.5263638022258712,0.4838709677419355,-0.6603280606285317,-1.1088275860411563,
t2_cift_1h_ETHBTC_oyn_hedge_win96_z_win48_z_in1.5_z_exit0.0,1h,"[""ETHBTC""]",oyn,48,1.5,0.0,-0.9537735952360045,-3.684877681880093,-0.9552985958209294,1944,-0.5628291887701052,-0.032550079336305986,-7.807594871739212,1.2166399562895651,-0.029205422922292466,0.7083105272760445,0.4881687242798354,-0.9863232484912229,-5.314482880384285,96.0
t2_cift_1h_ETHBTC_oyn_hedge_win96_z_win48_z_in2.0_z_exit0.0,1h,"[""ETHBTC""]",oyn,48,2.0,0.0,-0.9340932700027081,-3.44185631016589,-0.9375945495406257,1496,-0.4966244534256855,-0.029801477636535,-7.2693750166485165,0.9359411712613382,-0.02695726359380491,0.6033342455756249,0.4919786096256685,-0.9741741599044479,-4.7455626713546755,96.0
t2_cift_1h_ETHBTC_oyn_hedge_win96_z_win48_z_in2.5_z_exit0.0,1h,"[""ETHBTC""]",oyn,48,2.5,0.0,-0.8850216619357058,-3.0216564554335843,-0.8953583473809217,1060,-0.39248123007247276,-0.025693621782691405,-6.337374342508842,0.6620693038914289,-0.025021174223618103,0.46768381682174787,0.480188679245283,-0.94073765835556,-4.022725790882702,96.0
t2_cift_1h_ETHBTC_oyn_hedge_win336_z_win168_z_in1.5_z_exit0.0,1h,"[""ETHBTC""]",oyn,168,1.5,0.0,-0.8365276795361669,-2.1447342585102875,-0.8467583077653442,590,-0.32752357178843766,-0.018164405478500893,-4.5151959533858035,0.370796279308204,-0.021755175120644434,0.7316411238825032,0.4830508474576271,-0.8872153133404825,-2.627093613335411,336.0
t2_cift_1h_ETHBTC_oyn_hedge_win336_z_win168_z_in2.0_z_exit0.0,1h,"[""ETHBTC""]",oyn,168,2.0,0.0,-0.7855377944363123,-1.8945728836369014,-0.8029449561347894,450,-0.28095834970313305,-0.012448266574344356,-4.029197296137671,0.2826870004126475,-0.019124098267502332,0.6450921364714468,0.4577777777777778,-0.83839851813049,-2.275845345536796,336.0
t2_cift_1h_ETHBTC_oyn_hedge_win336_z_win168_z_in2.5_z_exit0.0,1h,"[""ETHBTC""]",oyn,168,2.5,0.0,-0.7227552370201666,-1.76670695669511,-0.741979025297956,342,-0.23474361660131857,-0.010169223312434198,-3.760025348994013,0.21633621733311736,-0.012979043357197573,0.5107644590403211,0.49122807017543857,-0.7767414854181692,-2.0905719362824806,336.0
t2_cift_1h_ETHBTC_oyn_hedge_win1000_z_win500_z_in1.5_z_exit0.0,1h,"[""ETHBTC""]",oyn,500,1.5,0.0,-0.6045807968478101,-0.9857607435367222,-0.640871406962745,190,-0.16450506335330975,-0.0050898502262436635,-2.123742128436439,0.12076967327480334,-0.016319276581853278,0.711845466155811,0.5,-0.6496023666983055,-1.1305603347209838,1000.0
t2_cift_1h_ETHBTC_oyn_hedge_win1000_z_win500_z_in2.0_z_exit0.0,1h,"[""ETHBTC""]",oyn,500,2.0,0.0,-0.48220911817139533,-0.7158673128438023,-0.5604656951200435,158,-0.1165313823802791,-0.0011824014157697034,-1.5783025648027151,0.10047045362476198,-0.016805332149184407,0.6053867907316183,0.5316455696202531,-0.5317531227607424,-0.8412115467427753,1000.0
t2_cift_1h_ETHBTC_oyn_hedge_win1000_z_win500_z_in2.5_z_exit0.0,1h,"[""ETHBTC""]",oyn,500,2.5,0.0,-0.4705766222901565,-0.7423392070955491,-0.5323450914809459,120,-0.11458656190519745,-0.00037117390103930657,-1.6495888906030824,0.07646256323987666,-0.016890773644021983,0.5044243751140303,0.5,-0.5095786320872602,-0.8444774650888653,1000.0
t2_cift_1h_ETHBTC_ols_z_win48_z_in1.5_z_exit0.0,1h,"[""ETHBTC""]",ols,48,1.5,0.0,-0.9577527151716339,-3.568451150155689,-0.9593794995450808,3006,-0.5929941630427027,-0.020419387951936152,-7.690792731272428,1.8000261518211085,-0.03992164415195553,0.6259578544061303,0.5036593479707252,-0.9930289242985386,-5.76593678773808,
t2_cift_1h_ETHBTC_ols_z_win48_z_in2.0_z_exit0.0,1h,"[""ETHBTC""]",ols,48,2.0,0.0,-0.9281846668491384,-3.083406329020328,-0.9306798485617398,2214,-0.4853294552318892,-0.023032028348519817,-6.562366404144663,1.3270149119762635,-0.04134702311279416,0.5025314723590586,0.4995483288166215,-0.9809750691917762,-4.748920578258778,
t2_cift_1h_ETHBTC_ols_z_win48_z_in2.5_z_exit0.0,1h,"[""ETHBTC""]",ols,48,2.5,0.0,-0.8698104950953226,-2.658054998678358,-0.874733176188984,1484,-0.37681842436826185,-0.016521287661920507,-5.666638699301503,0.8863592619769763,-0.033749604584839346,0.3568007662835249,0.49056603773584906,-0.946393792328094,-3.873987785024073,
t2_cift_1h_ETHBTC_ols_z_win168_z_in1.5_z_exit0.0,1h,"[""ETHBTC""]",ols,168,1.5,0.0,-0.9513020745244982,-3.230388103878023,-0.9543091830135804,952,-0.5710611672589464,-0.013499755618669767,-7.0270343068033725,0.5693745797911197,-0.0609884408582748,0.6696542601715015,0.49054621848739494,-0.9724580753708694,-3.8956952026444185,
t2_cift_1h_ETHBTC_ols_z_win168_z_in2.0_z_exit0.0,1h,"[""ETHBTC""]",ols,168,2.0,0.0,-0.9369987557531492,-3.143315556128049,-0.9402943280723114,702,-0.5243659215995026,-0.01108788286516741,-6.8538499592183895,0.4187149267848001,-0.05915747999983687,0.5685322021528918,0.49715099715099714,-0.9585709500288193,-3.659101435780772,
t2_cift_1h_ETHBTC_ols_z_win168_z_in2.5_z_exit0.0,1h,"[""ETHBTC""]",ols,168,2.5,0.0,-0.9164743394084087,-3.0898290075038033,-0.9212334364963098,540,-0.47393775220944184,-0.008118737371380544,-6.764405634107042,0.32255801404425,-0.049756309211994726,0.46839080459770116,0.4962962962962963,-0.9395265893902757,-3.5223094606817944,
t2_cift_1h_ETHBTC_ols_z_win500_z_in1.5_z_exit0.0,1h,"[""ETHBTC""]",ols,500,1.5,0.0,-0.8585496302188182,-1.933060953133443,-0.8658178931537364,340,-0.366131418916916,-0.005073944543216198,-4.24488241527019,0.2020785349324502,-0.06494397609854011,0.680623973727422,0.49117647058823527,-0.8844582451024895,-2.1499493048667384,
t2_cift_1h_ETHBTC_ols_z_win500_z_in2.0_z_exit0.0,1h,"[""ETHBTC""]",ols,500,2.0,0.0,-0.7892729708316857,-1.5825275732778734,-0.7989170269274788,258,-0.2979278194153605,0.003682135719193145,-3.5810235977095415,0.15324224598515201,-0.05940948938302126,0.5615079365079365,0.4844961240310077,-0.8192371870027061,-1.7515691381998992,
t2_cift_1h_ETHBTC_ols_z_win500_z_in2.5_z_exit0.0,1h,"[""ETHBTC""]",ols,500,2.5,0.0,-0.6861272197475927,-1.2439981751497597,-0.7011739509561432,210,-0.21810154349445598,0.001562887943310457,-2.7977559844193967,0.12561879237816664,-0.057289368500855524,0.4677750410509031,0.49047619047619045,-0.723206957347038,-1.391570928818476,
t2_cift_1h_SOLBTC_bir_z_win48_z_in1.5_z_exit0.0,1h,"[""SOLBTC""]",bir,48,1.5,0.0,-0.9776294788345022,-1.6122278216659804,-0.9811144128535199,1675,-0.6934736630201774,0.0193248790936139,-3.717526118874321,1.1724999999999999,-0.15342142999999997,0.5991379310344828,0.4961194029850746,-0.9930832890073903,-2.2026530508420246,
t2_cift_1h_SOLBTC_bir_z_win48_z_in2.0_z_exit0.0,1h,"[""SOLBTC""]",bir,48,2.0,0.0,-0.9527968961251366,-1.3066187842334596,-0.9611116015917495,1313,-0.5499303185308981,0.01921074604051738,-3.0384441901576533,0.9191,-0.154698915,0.51078726509761,0.5003808073115004,-0.9811929980625119,-1.779379604724123,
t2_cift_1h_SOLBTC_bir_z_win48_z_in2.5_z_exit0.0,1h,"[""SOLBTC""]",bir,48,2.5,0.0,-0.9240987870080544,-1.2107124720997882,-0.9291904451118019,903,-0.45975678241140694,0.011121815628696819,-2.7784476322291005,0.6321,-0.13533769,0.3876573617952928,0.4994462901439646,-0.9596891385424338,-1.5651550052253,
t2_cift_1h_SOLBTC_bir_z_win168_z_in1.5_z_exit0.0,1h,"[""SOLBTC""]",bir,168,1.5,0.0,-0.942853881801795,-1.0610897070275447,-0.9501563723711015,512,-0.5157394312794044,0.03683583447934837,-2.584043070525552,0.3577,-0.20886138499999998,0.6158547710271848,0.5078125,-0.9600552336747737,-1.2286580412305796,
t2_cift_1h_SOLBTC_bir_z_win168_z_in2.0_z_exit0.0,1h,"[""SOLBTC""]",bir,168,2.0,0.0,-0.9168812996223422,-1.0224564370604583,-0.9298545114137464,412,-0.46485556796922095,0.04382925650288731,-2.5674034516455837,0.28769999999999996,-0.20398612500000005,0.5313811348294107,0.5024271844660194,-0.9376846650474651,-1.1696982461496346,
t2_cift_1h_SOLBTC_bir_z_win168_z_in2.5_z_exit0.0,1h,"[""SOLBTC""]",bir,168,2.5,0.0,-0.8814081531730114,-0.9316142920155775,-0.9025550368191624,308,-0.4016924042686167,0.04170273251185029,-2.3686873738755327,0.2156,-0.20898298999999998,0.4264276591862799,0.4772727272727273,-0.9044361143818442,-1.0486808430399681,
t2_cift_1h_SOLBTC_bir_z_win500_z_in1.5_z_exit0.0,1h,"[""SOLBTC""]",bir,500,1.5,0.0,-0.9357172157601592,-1.0503046069116406,-0.9531952810549222,180,-0.4843583728304059,0.026288824134251237,-2.5014817123216724,0.126,-0.27691256,0.6063674511950374,0.4666666666666667,-0.943336115911778,-1.1110488902304048,
t2_cift_1h_SOLBTC_bir_z_win500_z_in2.0_z_exit0.0,1h,"[""SOLBTC""]",bir,500,2.0,0.0,-0.905212249860198,-0.9270543865491714,-0.9350097303306301,148,-0.4226182562860749,0.033195074089704076,-2.2776478581953286,0.1036,-0.27531118499999996,0.524037584382412,0.46621621621621623,-0.9145573484922025,-0.9788545087068228,
t2_cift_1h_SOLBTC_bir_z_win500_z_in2.5_z_exit0.0,1h,"[""SOLBTC""]",bir,500,2.5,0.0,-0.9137970677966043,-1.0348992728853275,-0.9334064578395386,108,-0.44490531198437844,0.029808856779587705,-2.505428680535505,0.0756,-0.27127260499999994,0.4595648604269294,0.4444444444444444,-0.9200784211781265,-1.0749638043917358,
t2_cift_1h_SOLBTC_oyn_hedge_win96_z_win48_z_in1.5_z_exit0.0,1h,"[""SOLBTC""]",oyn,48,1.5,0.0,-0.9336391441906278,-2.310345376988308,-0.9365563378283656,1737,-0.5179043485638725,0.001457515712508743,-5.169835110882997,0.9341006466701316,-0.05050855386605085,0.5894225506294472,0.49971214738054115,-0.9739447045289985,-3.1970565544330505,96.0
t2_cift_1h_SOLBTC_oyn_hedge_win96_z_win48_z_in2.0_z_exit0.0,1h,"[""SOLBTC""]",oyn,48,2.0,0.0,-0.918448923480033,-2.2908446857626505,-0.9215540263892656,1318,-0.48584671607632535,0.006584235874300198,-5.192065946647165,0.7083812018214689,-0.04858128507009879,0.5035577449370553,0.4939301972685888,-0.9598681986558831,-3.004524446653796,96.0
t2_cift_1h_SOLBTC_oyn_hedge_win96_z_win48_z_in2.5_z_exit0.0,1h,"[""SOLBTC""]",oyn,48,2.5,0.0,-0.8860944539529632,-2.1934489672930546,-0.8878173968646025,908,-0.4231812166317876,0.006680500505454137,-4.984728550514816,0.48796118174516223,-0.04282120270363163,0.3837347199416165,0.4922907488986784,-0.9301059991766031,-2.731260007846904,96.0
t2_cift_1h_SOLBTC_oyn_hedge_win336_z_win168_z_in1.5_z_exit0.0,1h,"[""SOLBTC""]",oyn,168,1.5,0.0,-0.7648866504765323,-1.1729445612841667,-0.8076292699409785,550,-0.2814849151648944,0.01543694408428684,-2.7964265489300293,0.29658019729405555,-0.10761484550776924,0.6173599708082467,0.5236363636363637,-0.8252747480163818,-1.4461548797929737,336.0
t2_cift_1h_SOLBTC_oyn_hedge_win336_z_win168_z_in2.0_z_exit0.0,1h,"[""SOLBTC""]",oyn,168,2.0,0.0,-0.6412309893969619,-0.8437608966796357,-0.7227732671198719,448,-0.2005633757402335,0.016554742007826577,-2.0831968256879745,0.24080667287006616,-0.10138088936280677,0.5306969531107462,0.5178571428571429,-0.7180738290763803,-1.073978900088961,336.0
t2_cift_1h_SOLBTC_oyn_hedge_win336_z_win168_z_in2.5_z_exit0.0,1h,"[""SOLBTC""]",oyn,168,2.5,0.0,-0.5517596707593726,-0.7258489014185856,-0.6294551669782662,334,-0.15544378870210318,0.012318332205035849,-1.7835064798868667,0.1793350333784487,-0.0943518535899217,0.42161558109833974,0.5209580838323353,-0.6253971285472026,-0.9150473371179837,336.0
t2_cift_1h_SOLBTC_oyn_hedge_win1000_z_win500_z_in1.5_z_exit0.0,1h,"[""SOLBTC""]",oyn,500,1.5,0.0,-0.6181616794487288,-0.721978998877283,-0.6525290487856538,208,-0.18816902879622055,0.01942862418844059,-1.8314043229472994,0.11246167034476462,-0.1465271563492032,0.5668217478562306,0.5288461538461539,-0.6588132469601502,-0.8222847161075836,1000.0
t2_cift_1h_SOLBTC_oyn_hedge_win1000_z_win500_z_in2.0_z_exit0.0,1h,"[""SOLBTC""]",oyn,500,2.0,0.0,-0.6168962971464927,-0.7488717620737375,-0.6305945408649929,152,-0.19380277197804485,0.023519031990728943,-1.9480873675826142,0.08152257576786212,-0.1462791806397143,0.5097153804050356,0.5263157894736842,-0.6469120466221834,-0.8241750234373031,1000.0
t2_cift_1h_SOLBTC_oyn_hedge_win1000_z_win500_z_in2.5_z_exit0.0,1h,"[""SOLBTC""]",oyn,500,2.5,0.0,-0.534884195375728,-0.6219569318469452,-0.6009051752840356,114,-0.1571787552304339,0.022992958615310907,-1.6741129013074405,0.06077851108152967,-0.1432174429668995,0.4002463054187192,0.5087719298245614,-0.5623403263686778,-0.6811447081312932,1000.0
t2_cift_1h_SOLBTC_ols_z_win48_z_in1.5_z_exit0.0,1h,"[""SOLBTC""]",ols,48,1.5,0.0,-0.9788243728827019,-2.4522218656376693,-0.9804978579918507,2515,-0.6882660075907261,-0.03182984214046391,-5.212912140399028,1.3810284708750906,-0.04114651461859299,0.5255883962780514,0.5037773359840955,-0.9946855592748769,-3.4212893948543934,
t2_cift_1h_SOLBTC_ols_z_win48_z_in2.0_z_exit0.0,1h,"[""SOLBTC""]",ols,48,2.0,0.0,-0.9482904376236753,-1.860572912326148,-0.951451053987757,1805,-0.5008084287520209,-0.040973408541834,-3.817011802762467,0.9964530481551988,-0.043312179752740806,0.4209313993796752,0.5080332409972299,-0.9809253237654463,-2.552374262471932,
t2_cift_1h_SOLBTC_ols_z_win48_z_in2.5_z_exit0.0,1h,"[""SOLBTC""]",ols,48,2.5,0.0,-0.8646117086736543,-1.3403608976185317,-0.8743161526205093,1224,-0.325814333298065,-0.03216763180240396,-2.6971638243553215,0.676544762393948,-0.03250325072513964,0.3103220215289181,0.5081699346405228,-0.9311967295957628,-1.8495045921959739,
t2_cift_1h_SOLBTC_ols_z_win168_z_in1.5_z_exit0.0,1h,"[""SOLBTC""]",ols,168,1.5,0.0,-0.9552223862540616,-1.7124381777330544,-0.9605435095975741,876,-0.5916845859331027,0.02330725749067393,-4.007054332111225,0.4830437431657883,-0.05009360891323553,0.5582694763729247,0.502283105022831,-0.972390125043321,-2.0174981963939786,
t2_cift_1h_SOLBTC_ols_z_win168_z_in2.0_z_exit0.0,1h,"[""SOLBTC""]",ols,168,2.0,0.0,-0.9117849949990305,-1.447459212130982,-0.9247841917819267,662,-0.45900184987841,0.017896917194964456,-3.3837383092222657,0.36454411557080163,-0.05640021966165959,0.47329410691479656,0.5,-0.9387511742800161,-1.6968417200005814,
t2_cift_1h_SOLBTC_ols_z_win168_z_in2.5_z_exit0.0,1h,"[""SOLBTC""]",ols,168,2.5,0.0,-0.8205160557926303,-1.1241226121641388,-0.8400239283394829,494,-0.3050751215594557,-0.0005838454625236828,-2.50176549231162,0.27073690577759585,-0.05595396702406093,0.3702791461412151,0.48380566801619435,-0.8631199050899172,-1.3288213520846046,
t2_cift_1h_SOLBTC_ols_z_win500_z_in1.5_z_exit0.0,1h,"[""SOLBTC""]",ols,500,1.5,0.0,-0.9446506783100973,-1.4808794232319005,-0.9480950523967331,308,-0.5388110759397644,0.01977583331440342,-3.452056095503403,0.16946695289713318,-0.14565639818316972,0.5600255427841635,0.4967532467532468,-0.9532893184696442,-1.5825154035688167,
t2_cift_1h_SOLBTC_ols_z_win500_z_in2.0_z_exit0.0,1h,"[""SOLBTC""]",ols,500,2.0,0.0,-0.904029881265463,-1.2458950325095697,-0.9132156504509666,236,-0.4207593783568353,0.00705666324910358,-2.8339090919885312,0.13066377886245156,-0.1312347599830331,0.47470808246670315,0.5,-0.9157965288302675,-1.3280131526388559,
t2_cift_1h_SOLBTC_ols_z_win500_z_in2.5_z_exit0.0,1h,"[""SOLBTC""]",ols,500,2.5,0.0,-0.8612309655301089,-1.1052189359573208,-0.873043321482707,182,-0.35425522895418277,0.007935502420358696,-2.530781263841723,0.10077048792634599,-0.11719735546284199,0.3858556832694764,0.4835164835164835,-0.8745309407247035,-1.1723608884725778,
t2_cift_1h_SOLETH_bir_z_win48_z_in1.5_z_exit0.0,1h,"[""SOLETH""]",bir,48,1.5,0.0,-0.9843563501769688,-1.9860146018002565,-0.9856476096355077,1645,-0.7582800487470158,0.0020777874310683704,-4.443685498959333,1.1507999999999998,-0.16570024500000002,0.6060709724502827,0.5003039513677812,-0.9950570165152323,-2.6239203428450115,
t2_cift_1h_SOLETH_bir_z_win48_z_in2.0_z_exit0.0,1h,"[""SOLETH""]",bir,48,2.0,0.0,-0.9523015385391075,-1.5185247724108266,-0.9576092787284285,1309,-0.5532647000733544,0.009309777095138775,-3.4545079804248084,0.9156,-0.16011439000000002,0.5197500456121146,0.4965622612681436,-0.9809252493681333,-2.0533951694774744,
t2_cift_1h_SOLETH_bir_z_win48_z_in2.5_z_exit0.0,1h,"[""SOLETH""]",bir,48,2.5,0.0,-0.9179853594091197,-1.382029491849692,-0.9283205360689724,898,-0.4528305304840943,0.005736470546631278,-3.1283745112806343,0.6278999999999999,-0.138838125,0.3838715562853494,0.4977728285077951,-0.9562614238171608,-1.7842328653316544,
t2_cift_1h_SOLETH_bir_z_win168_z_in1.5_z_exit0.0,1h,"[""SOLETH""]",bir,168,1.5,0.0,-0.9272213421766369,-1.120868357260413,-0.9386626788948336,546,-0.4875985275274455,0.03792019213614896,-2.7535784686057228,0.38149999999999995,-0.23194009000000002,0.618933588761175,0.4816849816849817,-0.9503267000690914,-1.3213297108299826,
t2_cift_1h_SOLETH_bir_z_win168_z_in2.0_z_exit0.0,1h,"[""SOLETH""]",bir,168,2.0,0.0,-0.8831113211861594,-0.9449377526311832,-0.9020386102420632,428,-0.39305351404708655,0.03153532327889048,-2.3269671651155157,0.29889999999999994,-0.22137178,0.5293970078452838,0.4719626168224299,-0.9133397153306035,-1.1087033197520197,
t2_cift_1h_SOLETH_bir_z_win168_z_in2.5_z_exit0.0,1h,"[""SOLETH""]",bir,168,2.5,0.0,-0.8181626346066422,-0.8102996146134996,-0.8538897909647113,296,-0.30887715386892584,0.024965277096946747,-1.9957775681518433,0.20650000000000002,-0.194765705,0.39545703338806787,0.46283783783783783,-0.8521243116103204,-0.9329878426936139,
t2_cift_1h_SOLETH_bir_z_win500_z_in1.5_z_exit0.0,1h,"[""SOLETH""]",bir,500,1.5,0.0,-0.9075326784868734,-0.9695628926052513,-0.9171356429857416,174,-0.4224867562888569,0.02588877137507828,-2.329466848140348,0.12179999999999999,-0.28928024999999996,0.616698595146871,0.4827586206896552,-0.9181418115181819,-1.0321921729323214,
t2_cift_1h_SOLETH_bir_z_win500_z_in2.0_z_exit0.0,1h,"[""SOLETH""]",bir,500,2.0,0.0,-0.8930012037213135,-0.9487358031136971,-0.9104979034438097,134,-0.41041690555076454,0.035370489508264234,-2.3550186991931326,0.0938,-0.28859206000000004,0.5522258711913884,0.5074626865671642,-0.9026007593687723,-0.9988239925926083,
t2_cift_1h_SOLETH_bir_z_win500_z_in2.5_z_exit0.0,1h,"[""SOLETH""]",bir,500,2.5,0.0,-0.870125912375544,-0.9170281354212432,-0.9040834433722793,94,-0.37714598052337883,0.03332272468962351,-2.2825643415371855,0.0658,-0.25025352000000006,0.4353904397007845,0.44680851063829785,-0.8783995664154551,-0.9544804790716213,
t2_cift_1h_SOLETH_oyn_hedge_win96_z_win48_z_in1.5_z_exit0.0,1h,"[""SOLETH""]",oyn,48,1.5,0.0,-0.9322907857007523,-2.045076310088257,-0.9357199541488773,1696,-0.508072143081241,0.0013121035839969686,-4.5750013195073675,0.9811333946226247,-0.11345705894258917,0.6035166940339354,0.5011792452830188,-0.9746393238910334,-2.8862727009653444,96.0
t2_cift_1h_SOLETH_oyn_hedge_win96_z_win48_z_in2.0_z_exit0.0,1h,"[""SOLETH""]",oyn,48,2.0,0.0,-0.9130647649310513,-1.9774190893167145,-0.9168861961334872,1324,-0.45654493829014614,-0.0032497983637970527,-4.374954058409471,0.7641200963495595,-0.11392181366779705,0.51078726509761,0.4954682779456193,-0.9595359087490711,-2.667839170756005,96.0
t2_cift_1h_SOLETH_oyn_hedge_win96_z_win48_z_in2.5_z_exit0.0,1h,"[""SOLETH""]",oyn,48,2.5,0.0,-0.8576134209114045,-1.7766229668890887,-0.8683499019775481,926,-0.37351586593386343,0.005127856602803093,-4.026948729511329,0.5314778479762994,-0.1060974104311446,0.3912151067323481,0.48488120950323976,-0.9163560789191736,-2.3108313957883198,96.0
t2_cift_1h_SOLETH_oyn_hedge_win336_z_win168_z_in1.5_z_exit0.0,1h,"[""SOLETH""]",oyn,168,1.5,0.0,-0.8291157901263466,-1.1835229412819173,-0.8543715621367437,519,-0.33530036411284947,0.016141742513703927,-2.797670155811532,0.29921557044549674,-0.19300988118003765,0.6303366174055829,0.5067437379576107,-0.8733413478427936,-1.415951619761191,336.0
t2_cift_1h_SOLETH_oyn_hedge_win336_z_win168_z_in2.0_z_exit0.0,1h,"[""SOLETH""]",oyn,168,2.0,0.0,-0.7885183906281681,-1.0892185234415805,-0.815616351513514,424,-0.29837015327291283,0.018093687262092546,-2.6157043633183634,0.24362604162547455,-0.18425618075924538,0.5595010034665208,0.5023584905660378,-0.8342776024443461,-1.2870814725680892,336.0
t2_cift_1h_SOLETH_oyn_hedge_win336_z_win168_z_in2.5_z_exit0.0,1h,"[""SOLETH""]",oyn,168,2.5,0.0,-0.7427035204607934,-1.0289457181841795,-0.7612772792699378,318,-0.2673509931031439,0.0211763222108301,-2.53143406433108,0.18250628781058975,-0.1766461518842512,0.44040777230432404,0.5377358490566038,-0.785665026952012,-1.1888668897176844,336.0
t2_cift_1h_SOLETH_oyn_hedge_win1000_z_win500_z_in1.5_z_exit0.0,1h,"[""SOLETH""]",oyn,500,1.5,0.0,-0.6532247461568093,-0.6437907858197767,-0.7058867861754946,186,-0.19236422404773865,0.015529870180555502,-1.5844862240471096,0.10571107279582334,-0.19660494801903117,0.5845420543696406,0.532258064516129,-0.6880485974549544,-0.723938982807122,1000.0
t2_cift_1h_SOLETH_oyn_hedge_win1000_z_win500_z_in2.0_z_exit0.0,1h,"[""SOLETH""]",oyn,500,2.0,0.0,-0.6740403931693923,-0.742937048133392,-0.7142281089710019,140,-0.2082979045786062,0.015335813919188895,-1.8123525940817042,0.08034783924575221,-0.19947965929342992,0.5231481481481481,0.5285714285714286,-0.6992335734306265,-0.807211345728221,1000.0
t2_cift_1h_SOLETH_oyn_hedge_win1000_z_win500_z_in2.5_z_exit0.0,1h,"[""SOLETH""]",oyn,500,2.5,0.0,-0.6233787681622215,-0.698822693761445,-0.6817209059601365,104,-0.18944602801544347,0.02005404494315309,-1.778674233411103,0.059761183996644256,-0.18934423184520943,0.41411238825031926,0.5096153846153846,-0.6452443485301937,-0.7506137903049348,1000.0
t2_cift_1h_SOLETH_ols_z_win48_z_in1.5_z_exit0.0,1h,"[""SOLETH""]",ols,48,1.5,0.0,-0.9636256468584167,-1.9508143125872988,-0.9662907813016032,2483,-0.5564269124659831,-0.04830712656717414,-3.9868893924237736,1.4147971265725876,-0.07889506051262327,0.5385878489326765,0.49697946033024565,-0.9911718394694223,-2.8851858071666108,
t2_cift_1h_SOLETH_ols_z_win48_z_in2.0_z_exit0.0,1h,"[""SOLETH""]",ols,48,2.0,0.0,-0.9083907563841932,-1.5287648891228744,-0.9202373842662976,1835,-0.38956714982201085,-0.04050979180657417,-3.0657041572368637,1.0445464604108439,-0.0730188400346956,0.4345010034665207,0.500817438692098,-0.9677927270550921,-2.277378159930608,
t2_cift_1h_SOLETH_ols_z_win48_z_in2.5_z_exit0.0,1h,"[""SOLETH""]",ols,48,2.5,0.0,-0.7756623037942763,-1.0625336502139042,-0.7973661703290691,1271,-0.23493280026707208,-0.027491248641489954,-2.09704350496998,0.7255431478821976,-0.05091774262116157,0.3240968801313629,0.5066876475216365,-0.8914565150160477,-1.651803818892915,
t2_cift_1h_SOLETH_ols_z_win168_z_in1.5_z_exit0.0,1h,"[""SOLETH""]",ols,168,1.5,0.0,-0.9524713871597519,-1.6386919587389888,-0.9577619647060491,841,-0.5674955964027888,0.014300708099073248,-3.7661978747378977,0.48042823435475446,-0.11581619611835131,0.5607553366174056,0.5065398335315101,-0.9706169600995224,-1.9373585887669558,
t2_cift_1h_SOLETH_ols_z_win168_z_in2.0_z_exit0.0,1h,"[""SOLETH""]",ols,168,2.0,0.0,-0.9076150598376616,-1.3442850970105333,-0.9149079020499155,650,-0.44275782210035575,0.015424996002962332,-3.1258000286436367,0.3684638139493016,-0.10264536651210071,0.4796569968983762,0.5092307692307693,-0.9361095883234554,-1.5859380549793807,
t2_cift_1h_SOLETH_ols_z_win168_z_in2.5_z_exit0.0,1h,"[""SOLETH""]",ols,168,2.5,0.0,-0.8112359735694811,-1.014324985176275,-0.8264138993581227,480,-0.29820376384106095,0.0060273421285121295,-2.316513253866038,0.27026184826297,-0.06896853426576402,0.36973180076628354,0.48541666666666666,-0.8559793962040495,-1.2072146449529138,
t2_cift_1h_SOLETH_ols_z_win500_z_in1.5_z_exit0.0,1h,"[""SOLETH""]",ols,500,1.5,0.0,-0.7965743552712772,-0.6272127149693009,-0.8179192894769252,340,-0.3153886308079356,0.062418750421052056,-1.8261857348383534,0.18831360253645812,-0.246332209121917,0.5597746761539865,0.5058823529411764,-0.8315104980010772,-0.726862687688358,
t2_cift_1h_SOLETH_ols_z_win500_z_in2.0_z_exit0.0,1h,"[""SOLETH""]",ols,500,2.0,0.0,-0.6878222943014876,-0.44372146427891224,-0.7644051823779892,232,-0.2394465442754641,0.06474650630734426,-1.4502750928140298,0.12834863007144892,-0.228339266447107,0.44371465061120235,0.4956896551724138,-0.7254475162851031,-0.5146510129238614,
t2_cift_1h_SOLETH_ols_z_win500_z_in2.5_z_exit0.0,1h,"[""SOLETH""]",ols,500,2.5,0.0,-0.6196234381452788,-0.37211654162855234,-0.7303967104268081,166,-0.20378004821374793,0.06253175412294959,-1.2953334703437391,0.09128213103928516,-0.22067449796249985,0.3499133369823025,0.4819277108433735,-0.6528448270718228,-0.4251904900311219,
t2_cift_4h_ETHBTC_bir_z_win30_z_in1.5_z_exit0.0,4h,"[""ETHBTC""]",bir,30,1.5,0.0,-0.8140179915928303,-1.6242757694886198,-0.8223908335793715,712,-0.33317789151244176,0.014280193219708536,-3.8171555537824133,0.49839999999999995,-0.031521824999999996,0.6978653530377669,0.4691011235955056,-0.8870835214045074,-2.154977031375447,
t2_cift_4h_ETHBTC_bir_z_win30_z_in2.0_z_exit0.0,4h,"[""ETHBTC""]",bir,30,2.0,0.0,-0.7763344127809316,-1.5384038149137167,-0.7899651189282534,538,-0.30213647054686327,0.017384440074417907,-3.6849876786961704,0.37659999999999993,-0.030659565,0.5811895639481847,0.45724907063197023,-0.8465964772683003,-1.9619766427759544,
t2_cift_4h_ETHBTC_bir_z_win30_z_in2.5_z_exit0.0,4h,"[""ETHBTC""]",bir,30,2.5,0.0,-0.6853207898608744,-1.3789152384630523,-0.7222054101333668,384,-0.23122551841003694,0.011233806307019143,-3.2627768661760337,0.2688,-0.024015685,0.43258529465426016,0.4713541666666667,-0.7595764289694308,-1.7273501072090403,
t2_cift_4h_ETHBTC_bir_z_win90_z_in1.5_z_exit0.0,4h,"[""ETHBTC""]",bir,90,1.5,0.0,-0.7052703946874292,-1.0775522800474988,-0.7245428583919988,270,-0.2304790862452584,0.006869929129495703,-2.489551131058534,0.189,-0.025901615,0.7285166940339354,0.4740740740740741,-0.7560722682977412,-1.2662346585202366,
t2_cift_4h_ETHBTC_bir_z_win90_z_in2.0_z_exit0.0,4h,"[""ETHBTC""]",bir,90,2.0,0.0,-0.6643623055503256,-1.0029727050270794,-0.7021977462648351,214,-0.20584664459326701,0.006463106648252904,-2.321610451538164,0.1498,-0.02772215,0.6361977741288086,0.4766355140186916,-0.7111122529033613,-1.158675711871921,
t2_cift_4h_ETHBTC_bir_z_win90_z_in2.5_z_exit0.0,4h,"[""ETHBTC""]",bir,90,2.5,0.0,-0.620066638631448,-0.9574506931726003,-0.701901724675589,152,-0.17522804206697065,-0.0009076859020728777,-2.1228931062655243,0.1064,-0.03068608,0.49762817004196314,0.4934210526315789,-0.6584619373031524,-1.0764036934909258,
t2_cift_4h_ETHBTC_bir_z_win180_z_in1.5_z_exit0.0,4h,"[""ETHBTC""]",bir,180,1.5,0.0,-0.5353969826734724,-0.6527426703180756,-0.64889252221932,144,-0.13078694520966955,-0.001494361036958039,-1.4370413967948374,0.1001,-0.018074239999999995,0.6849115124977194,0.4652777777777778,-0.579687851118365,-0.7537605418487906,
t2_cift_4h_ETHBTC_bir_z_win180_z_in2.0_z_exit0.0,4h,"[""ETHBTC""]",bir,180,2.0,0.0,-0.39410682313941914,-0.43674435079365925,-0.5199579597146009,116,-0.07778232704718999,-0.003959287008494313,-0.9204069182800909,0.08049999999999999,-0.015717949999999994,0.5966064586754242,0.46551724137931033,-0.4410068384021263,-0.5236879520792446,
t2_cift_4h_ETHBTC_bir_z_win180_z_in2.5_z_exit0.0,4h,"[""ETHBTC""]",bir,180,2.5,0.0,-0.32889412630668624,-0.38071584620874627,-0.4609467334402776,88,-0.06466234354038862,-0.000363010331484689,-0.8437127469580782,0.0616,-0.011724074999999999,0.4767378215654078,0.4659090909090909,-0.36904022578949736,-0.4542797189506973,
t2_cift_4h_ETHBTC_oyn_hedge_win60_z_win30_z_in1.5_z_exit0.0,4h,"[""ETHBTC""]",oyn,30,1.5,0.0,-0.8312822760649085,-2.097824339900019,-0.8466204128672781,686,-0.32928630615443494,-0.011056787464465137,-4.511831300250443,0.4278516710708391,-0.0236702764017949,0.7122787812442984,0.478134110787172,-0.8900601579381885,-2.6502712315446204,60.0
t2_cift_4h_ETHBTC_oyn_hedge_win60_z_win30_z_in2.0_z_exit0.0,4h,"[""ETHBTC""]",oyn,30,2.0,0.0,-0.7574514569189403,-1.790831058953074,-0.7842635313310092,536,-0.26219602563862504,-0.007971533311807135,-3.8628710914393074,0.33434901518207194,-0.019201972374388164,0.5875752599890531,0.46455223880597013,-0.826445187763204,-2.2498463235188826,60.0
t2_cift_4h_ETHBTC_oyn_hedge_win60_z_win30_z_in2.5_z_exit0.0,4h,"[""ETHBTC""]",oyn,30,2.5,0.0,-0.6765462143943013,-1.642547580234987,-0.7160738465872875,350,-0.21251964646709554,-0.0036269330846453213,-3.593957817459498,0.21932472010541204,-0.010838072855615805,0.41935778142674696,0.46,-0.7403098031288307,-1.9883316293966842,60.0
t2_cift_4h_ETHBTC_oyn_hedge_win180_z_win90_z_in1.5_z_exit0.0,4h,"[""ETHBTC""]",oyn,90,1.5,0.0,-0.6163880524950872,-1.0178662656362714,-0.6386909909231365,262,-0.17158827955008335,-0.004104481469099473,-2.2099147406144555,0.16381424932526084,-0.019191611799184702,0.7126436781609196,0.48854961832061067,-0.6744130888248632,-1.211590436122325,180.0
t2_cift_4h_ETHBTC_oyn_hedge_win180_z_win90_z_in2.0_z_exit0.0,4h,"[""ETHBTC""]",oyn,90,2.0,0.0,-0.5419240049144144,-0.8578699231152255,-0.5853139134939005,206,-0.13954324785584693,-0.002277950793171705,-1.8782810042792575,0.12972417789413754,-0.01430860718536756,0.6097427476737821,0.5,-0.5977188338632826,-1.0181433379852256,180.0
t2_cift_4h_ETHBTC_oyn_hedge_win180_z_win90_z_in2.5_z_exit0.0,4h,"[""ETHBTC""]",oyn,90,2.5,0.0,-0.5230874298258908,-0.8845131252066439,-0.5785656612695593,144,-0.13696449928670587,0.0008202632189496947,-1.986529367772755,0.09066257145470691,-0.012101056885311165,0.46469622331691296,0.5069444444444444,-0.5644676056506444,-1.0063765043949833,180.0
t2_cift_4h_ETHBTC_oyn_hedge_win360_z_win180_z_in1.5_z_exit0.0,4h,"[""ETHBTC""]",oyn,180,1.5,0.0,-0.6229978272055159,-1.0596032282263579,-0.6677415700905924,112,-0.15807526254045087,-0.019394454233132404,-2.0799621274146194,0.07070349511330737,-0.01139123992671862,0.6847290640394089,0.5,-0.6487529191844814,-1.144588168790505,360.0
t2_cift_4h_ETHBTC_oyn_hedge_win360_z_win180_z_in2.0_z_exit0.0,4h,"[""ETHBTC""]",oyn,180,2.0,0.0,-0.5661511198325677,-0.9520456477533304,-0.6330608926362427,94,-0.1347658721666429,-0.01653309097979423,-1.867333520907162,0.05991231298339485,-0.014318026467602277,0.5859332238642584,0.48936170212765956,-0.5914084306991293,-1.0273628889272144,360.0
t2_cift_4h_ETHBTC_oyn_hedge_win360_z_win180_z_in2.5_z_exit0.0,4h,"[""ETHBTC""]",oyn,180,2.5,0.0,-0.42726030997788067,-0.6620616029735004,-0.551929419714819,78,-0.08103141079829404,-0.016463445357090146,-1.2017086029598503,0.049887975489069564,-0.012649097734328221,0.4551176792556103,0.5512820512820513,-0.45517168704667954,-0.7290039647028751,360.0
t2_cift_4h_ETHBTC_ols_z_win30_z_in1.5_z_exit0.0,4h,"[""ETHBTC""]",ols,30,1.5,0.0,-0.9090601172199507,-2.613744760459114,-0.9158687750666162,978,-0.42600687903389856,-0.03200986443671888,-5.423660482164816,0.5853929502440776,-0.06634536794903936,0.6228790366721402,0.4775051124744376,-0.9493902706840016,-3.3049538161529193,
t2_cift_4h_ETHBTC_ols_z_win30_z_in2.0_z_exit0.0,4h,"[""ETHBTC""]",ols,30,2.0,0.0,-0.8627625115440081,-2.3630494933237567,-0.8749144260945246,706,-0.3530488222117834,-0.026249012877224455,-4.897117747827163,0.4220015234421778,-0.0630690793372314,0.49206349206349204,0.48158640226628896,-0.9100487894675597,-2.9000859918894974,
t2_cift_4h_ETHBTC_ols_z_win30_z_in2.5_z_exit0.0,4h,"[""ETHBTC""]",ols,30,2.5,0.0,-0.7877291702666136,-2.186375947269625,-0.804575898051601,458,-0.28450152844399706,-0.013440056758194438,-4.639732485204872,0.2726573891872635,-0.04608113822072274,0.35467980295566504,0.4759825327510917,-0.838434430398415,-2.591934709155936,
t2_cift_4h_ETHBTC_ols_z_win90_z_in1.5_z_exit0.0,4h,"[""ETHBTC""]",ols,90,1.5,0.0,-0.8684656893374592,-1.8947671561059034,-0.8751937719060872,404,-0.3808929355332913,-0.002921091161411243,-4.189476101414921,0.23978448654024423,-0.06221347713081783,0.6647509578544061,0.49504950495049505,-0.896532535590224,-2.1406403329136925,
t2_cift_4h_ETHBTC_ols_z_win90_z_in2.0_z_exit0.0,4h,"[""ETHBTC""]",ols,90,2.0,0.0,-0.7993664818146231,-1.7004020186888273,-0.8092977800345185,314,-0.29800644789976144,-0.005795842469665532,-3.7109270212964556,0.1871812574119656,-0.05634138592509306,0.5444261995986134,0.49044585987261147,-0.8336463954469461,-1.915242821207571,
t2_cift_4h_ETHBTC_ols_z_win90_z_in2.5_z_exit0.0,4h,"[""ETHBTC""]",ols,90,2.5,0.0,-0.6934642424738275,-1.4551243741869833,-0.709811608405888,232,-0.23203110390822895,0.006771325502257365,-3.36028155287728,0.13892211102271557,-0.023462003095034427,0.4260171501550812,0.47844827586206895,-0.7332783470586604,-1.6398327697553092,
t2_cift_4h_ETHBTC_ols_z_win180_z_in1.5_z_exit0.0,4h,"[""ETHBTC""]",ols,180,1.5,0.0,-0.7550497768280947,-1.5486612710094716,-0.7718786558945198,200,-0.2535468103682064,-0.010931321048694575,-3.2953621246002145,0.1204107566376609,-0.041539313362535205,0.6373836891078271,0.47,-0.7828576710772202,-1.6925862503068643,
t2_cift_4h_ETHBTC_ols_z_win180_z_in2.0_z_exit0.0,4h,"[""ETHBTC""]",ols,180,2.0,0.0,-0.6204048633913549,-1.153459174220277,-0.6464107717768326,174,-0.18128547131647832,0.00015496690848845472,-2.5752294843711074,0.10449532554096988,-0.033249621314132866,0.535303776683087,0.4885057471264368,-0.6580995335883076,-1.289023833966942,
t2_cift_4h_ETHBTC_ols_z_win180_z_in2.5_z_exit0.0,4h,"[""ETHBTC""]",ols,180,2.5,0.0,-0.4117978965131336,-0.6722247027911744,-0.4938941602727367,136,-0.10371887484514279,0.006859765119412768,-1.6239226687068418,0.08161234835388385,-0.02952361750109906,0.42328042328042326,0.47794117647058826,-0.457952191086202,-0.787624043283653,
t2_cift_4h_SOLBTC_bir_z_win30_z_in1.5_z_exit0.0,4h,"[""SOLBTC""]",bir,30,1.5,0.0,-0.9366257708711627,-1.0791098319053347,-0.9460337618224377,608,-0.537603707434063,0.06793630360120173,-2.8392878290694035,0.42489999999999994,-0.20866719,0.5985221674876847,0.4901315789473684,-0.95858353033244,-1.285911925502872,
t2_cift_4h_SOLBTC_bir_z_win30_z_in2.0_z_exit0.0,4h,"[""SOLBTC""]",bir,30,2.0,0.0,-0.9003774802532811,-0.9556694898213971,-0.9357917094244395,476,-0.4532208677481512,0.06306817073136563,-2.55816796029014,0.3325,-0.21069701500000004,0.5046524356869184,0.49789915966386555,-0.9285871922867123,-1.1278599694997131,
t2_cift_4h_SOLBTC_bir_z_win30_z_in2.5_z_exit0.0,4h,"[""SOLBTC""]",bir,30,2.5,0.0,-0.8523912113770773,-0.9617913680295197,-0.8828747566105455,300,-0.36641841811026576,0.03618754881019176,-2.4289201470912483,0.21000000000000002,-0.20039275499999998,0.33898923554095967,0.48,-0.8803842951270398,-1.0897442706856293,
t2_cift_4h_SOLBTC_bir_z_win90_z_in1.5_z_exit0.0,4h,"[""SOLBTC""]",bir,90,1.5,0.0,-0.9221334318115536,-0.9571881842227953,-0.9440532428115286,220,-0.45204664554864343,0.03180779205963785,-2.326836632448304,0.154,-0.23413281999999996,0.5840175150519978,0.5181818181818182,-0.9332633918786433,-1.0304132729133348,
t2_cift_4h_SOLBTC_bir_z_win90_z_in2.0_z_exit0.0,4h,"[""SOLBTC""]",bir,90,2.0,0.0,-0.9380982671566107,-1.1337310387675914,-0.9510888594182919,162,-0.4921246980398985,0.019595312793065398,-2.6519001714654142,0.11339999999999999,-0.23814108499999997,0.49835796387520526,0.46296296296296297,-0.9447488674094641,-1.1904148900693008,
t2_cift_4h_SOLBTC_bir_z_win90_z_in2.5_z_exit0.0,4h,"[""SOLBTC""]",bir,90,2.5,0.0,-0.9208151116423597,-1.070049852699317,-0.932565074963271,126,-0.4476598267030259,0.01816517940814782,-2.505106307215588,0.0882,-0.237724155,0.43258529465426016,0.4523809523809524,-0.927504128593766,-1.1161304892201953,
t2_cift_4h_SOLBTC_bir_z_win180_z_in1.5_z_exit0.0,4h,"[""SOLBTC""]",bir,180,1.5,0.0,-0.889122928087925,-0.7393068974313519,-0.9306298360957637,124,-0.36339453312470765,0.024072825966383694,-1.7864975012710294,0.0861,-0.299829735,0.5973362525086663,0.5,-0.8982759264957216,-0.778137319167415,
t2_cift_4h_SOLBTC_bir_z_win180_z_in2.0_z_exit0.0,4h,"[""SOLBTC""]",bir,180,2.0,0.0,-0.9007833879921074,-0.8567389242681697,-0.9303748749166736,92,-0.37964638849836807,0.009780698231124868,-1.9695320512992798,0.06369999999999999,-0.2812555,0.5195219850392264,0.5217391304347826,-0.9069049621087867,-0.8872616995731798,
t2_cift_4h_SOLBTC_bir_z_win180_z_in2.5_z_exit0.0,4h,"[""SOLBTC""]",bir,180,2.5,0.0,-0.822118277174394,-0.646144219244307,-0.8758342951353795,68,-0.27662436753988334,0.012636400973627195,-1.5215185027383102,0.0469,-0.27524216,0.4101441342820653,0.5294117647058824,-0.8302727082349313,-0.6700633963592743,
t2_cift_4h_SOLBTC_oyn_hedge_win60_z_win30_z_in1.5_z_exit0.0,4h,"[""SOLBTC""]",oyn,30,1.5,0.0,-0.8281161655531788,-1.435911448859721,-0.8418086067419313,626,-0.3326301072952853,0.006044641335852228,-3.271762262772203,0.33760685349915015,-0.04868547458186371,0.5795475278233899,0.48722044728434505,-0.8774193688476981,-1.7426910834498304,60.0
t2_cift_4h_SOLBTC_oyn_hedge_win60_z_win30_z_in2.0_z_exit0.0,4h,"[""SOLBTC""]",oyn,30,2.0,0.0,-0.7490888501185682,-1.2376833861638796,-0.7723748900791468,482,-0.26051681716186614,0.005005245431366617,-2.8234352460435375,0.2587976776490454,-0.029528608540948742,0.48558657179346837,0.491701244813278,-0.8063653276549403,-1.4972497200371404,60.0
t2_cift_4h_SOLBTC_oyn_hedge_win60_z_win30_z_in2.5_z_exit0.0,4h,"[""SOLBTC""]",oyn,30,2.5,0.0,-0.7368458090863217,-1.4034590733809817,-0.7563853841962311,312,-0.2557327406475167,0.004484950399138066,-3.195356283033033,0.16656284167628455,-0.022085424461052792,0.33762087210363073,0.4967948717948718,-0.7772718594506138,-1.597108529982206,60.0
t2_cift_4h_SOLBTC_oyn_hedge_win180_z_win90_z_in1.5_z_exit0.0,4h,"[""SOLBTC""]",oyn,90,1.5,0.0,-0.6715919672543351,-0.861894372575317,-0.7321151415954685,238,-0.2113190489228333,0.013030317709401497,-2.07122466678815,0.12757572602020822,-0.1121703305365917,0.563309615033753,0.5042016806722689,-0.710973828336227,-0.9768703150868504,180.0
t2_cift_4h_SOLBTC_oyn_hedge_win180_z_win90_z_in2.0_z_exit0.0,4h,"[""SOLBTC""]",oyn,90,2.0,0.0,-0.5559499017032004,-0.6305111077492855,-0.6664569579727857,182,-0.15634451462450688,0.01586174107518983,-1.5946566147841381,0.09777597268472697,-0.10590933049545781,0.4826673964604999,0.521978021978022,-0.5973641448002218,-0.7219353450507662,180.0
t2_cift_4h_SOLBTC_oyn_hedge_win180_z_win90_z_in2.5_z_exit0.0,4h,"[""SOLBTC""]",oyn,90,2.5,0.0,-0.45821179820430025,-0.4901566186949654,-0.5672380904999287,136,-0.11814012569701207,0.014824522023657668,-1.2796597193080517,0.07315756844213561,-0.10486624276098341,0.3762999452654625,0.5367647058823529,-0.49648735523749365,-0.5628882478424369,180.0
t2_cift_4h_SOLBTC_oyn_hedge_win360_z_win180_z_in1.5_z_exit0.0,4h,"[""SOLBTC""]",oyn,180,1.5,0.0,-0.5827557355514719,-0.6126219289138493,-0.6542631831476975,132,-0.16761759739693405,0.018762088172870117,-1.5713166991621763,0.07085164577017422,-0.15123771427746216,0.6008027732165663,0.5227272727272727,-0.6113272909241401,-0.6732478315992165,360.0
t2_cift_4h_SOLBTC_oyn_hedge_win360_z_win180_z_in2.0_z_exit0.0,4h,"[""SOLBTC""]",oyn,180,2.0,0.0,-0.5457675813904801,-0.5851229564482037,-0.6127492324753556,102,-0.15995085251540267,0.024264648428610758,-1.5866337289817527,0.05407892572463774,-0.14720135495178738,0.531837255975187,0.4803921568627451,-0.5697020538721335,-0.63404094317804,360.0
t2_cift_4h_SOLBTC_oyn_hedge_win360_z_win180_z_in2.5_z_exit0.0,4h,"[""SOLBTC""]",oyn,180,2.5,0.0,-0.4765608104157292,-0.5205630541257649,-0.5480442860581392,74,-0.12734489610915228,0.017020397421850866,-1.3748364362311354,0.03892112389952932,-0.15162287662183183,0.4284802043422733,0.5,-0.49656255045609077,-0.5588652160955856,360.0
t2_cift_4h_SOLBTC_ols_z_win30_z_in1.5_z_exit0.0,4h,"[""SOLBTC""]",ols,30,1.5,0.0,-0.9366452028243003,-1.5727243475486987,-0.9445415352309223,848,-0.4742199797593679,-0.02176471989867147,-3.337104100571018,0.4693394670840422,-0.05376444268200044,0.5186097427476738,0.48702830188679247,-0.9603964346819553,-1.8785300823203497,
t2_cift_4h_SOLBTC_ols_z_win30_z_in2.0_z_exit0.0,4h,"[""SOLBTC""]",ols,30,2.0,0.0,-0.9035491074045371,-1.5113807188057689,-0.9106616573538066,634,-0.42253513511818147,-0.003392570879604437,-3.3403411228120263,0.349631275360801,-0.035945923644933535,0.42127349023900745,0.48738170347003157,-0.9320271488744605,-1.7664217009598937,
t2_cift_4h_SOLBTC_ols_z_win30_z_in2.5_z_exit0.0,4h,"[""SOLBTC""]",ols,30,2.5,0.0,-0.8174514247615198,-1.3598157861123101,-0.8364292387118489,398,-0.29736837722696846,-0.013365240208564656,-2.8871052627447904,0.2184614534888964,-0.037729602717246305,0.2864440795475278,0.46984924623115576,-0.8533166984548196,-1.5545459546823743,
t2_cift_4h_SOLBTC_ols_z_win90_z_in1.5_z_exit0.0,4h,"[""SOLBTC""]",ols,90,1.5,0.0,-0.9146000493071945,-1.2434112392315757,-0.9251457224783144,370,-0.47181630634146515,0.036026168308998865,-3.050834633548051,0.2041295065069304,-0.07218860173829081,0.5306513409961686,0.527027027027027,-0.9303883791476111,-1.3653337475270304,
t2_cift_4h_SOLBTC_ols_z_win90_z_in2.0_z_exit0.0,4h,"[""SOLBTC""]",ols,90,2.0,0.0,-0.8950785795318904,-1.2004106400813699,-0.9099948220606991,282,-0.4358600840554023,0.035434216140822164,-2.9645084635477805,0.15590021979813679,-0.0891215380568515,0.4501915708812261,0.5177304964539007,-0.9102385442576217,-1.2981234471316678,
t2_cift_4h_SOLBTC_ols_z_win90_z_in2.5_z_exit0.0,4h,"[""SOLBTC""]",ols,90,2.5,0.0,-0.8217840547596729,-1.018023877571098,-0.8388709043209575,200,-0.32686901259108103,0.02305105807127277,-2.4757954398264985,0.11057187851441133,-0.08170283159711839,0.3356139390622149,0.46,-0.8404640921268934,-1.0952654914013147,
t2_cift_4h_SOLBTC_ols_z_win180_z_in1.5_z_exit0.0,4h,"[""SOLBTC""]",ols,180,1.5,0.0,-0.9161799686041291,-1.206198729098357,-0.9247536271806891,200,-0.4254461970495589,-0.004552897036926576,-2.6577763431396124,0.11090376722293581,-0.22712144502956347,0.566411238825032,0.475,-0.9249858762014909,-1.2702726594183906,
t2_cift_4h_SOLBTC_ols_z_win180_z_in2.0_z_exit0.0,4h,"[""SOLBTC""]",ols,180,2.0,0.0,-0.8875853971343655,-1.1795401527229927,-0.905550982759038,154,-0.4029179519277852,0.01693073787152265,-2.7668152151605736,0.08503274950258208,-0.20422284216379977,0.4824849480021894,0.474025974025974,-0.8967572766697514,-1.233497077296507,
t2_cift_4h_SOLBTC_ols_z_win180_z_in2.5_z_exit0.0,4h,"[""SOLBTC""]",ols,180,2.5,0.0,-0.8551547860136312,-1.1407832126780053,-0.8818881540612523,114,-0.3590108093307628,0.015716010879649474,-2.6816359651800283,0.06188565778438892,-0.18937023339644027,0.3775770844736362,0.5350877192982456,-0.8638520246025183,-1.1834074272540125,
t2_cift_4h_SOLETH_bir_z_win30_z_in1.5_z_exit0.0,4h,"[""SOLETH""]",bir,30,1.5,0.0,-0.9603304362248627,-1.4819368136319893,-0.9645080883013731,608,-0.5962026026225221,0.0233964343642905,-3.465629488566103,0.4249,-0.22179283500000002,0.6008027732165663,0.48355263157894735,-0.9740793020952632,-1.7118103132239029,
t2_cift_4h_SOLETH_bir_z_win30_z_in2.0_z_exit0.0,4h,"[""SOLETH""]",bir,30,2.0,0.0,-0.9185082963647333,-1.2148348472464183,-0.923718651131158,458,-0.4728627782491817,0.032527401654702685,-2.9500767339430847,0.3206,-0.20587652500000003,0.48814085020981574,0.4737991266375546,-0.9408891384289249,-1.3992190531162942,
t2_cift_4h_SOLETH_bir_z_win30_z_in2.5_z_exit0.0,4h,"[""SOLETH""]",bir,30,2.5,0.0,-0.8693658560716205,-1.112376639060737,-0.8865596145920218,292,-0.3851202490272855,0.026307648663716477,-2.6984057438147264,0.2044,-0.18270229,0.3251231527093596,0.476027397260274,-0.8935622345770037,-1.2435582036263537,
t2_cift_4h_SOLETH_bir_z_win90_z_in1.5_z_exit0.0,4h,"[""SOLETH""]",bir,90,1.5,0.0,-0.9356440652308304,-1.114571050548777,-0.9479271256044557,214,-0.4966090919674686,0.030620969902506203,-2.680331944343393,0.1491,-0.2623025,0.6111111111111112,0.5093457943925234,-0.9445581386730733,-1.1899404360044155,
t2_cift_4h_SOLETH_bir_z_win90_z_in2.0_z_exit0.0,4h,"[""SOLETH""]",bir,90,2.0,0.0,-0.9220893577862617,-1.0656015123869484,-0.9413373724031631,170,-0.4592626626407671,0.02701998930023947,-2.5528551510663964,0.119,-0.26193917499999997,0.5320197044334976,0.5058823529411764,-0.9308320543602586,-1.1273891336814148,
t2_cift_4h_SOLETH_bir_z_win90_z_in2.5_z_exit0.0,4h,"[""SOLETH""]",bir,90,2.5,0.0,-0.858364073980421,-0.8669766987143045,-0.9126762320714509,120,-0.35655148582878193,0.030846021363450334,-2.1520719475392736,0.08399999999999999,-0.23284517999999998,0.40804597701149425,0.5,-0.8697891504818691,-0.9137777103702738,
t2_cift_4h_SOLETH_bir_z_win180_z_in1.5_z_exit0.0,4h,"[""SOLETH""]",bir,180,1.5,0.0,-0.8359237300717077,-0.664976134903347,-0.8774861553741784,118,-0.3101860703368539,0.030646971197367985,-1.6761756602835967,0.08259999999999999,-0.31243591000000004,0.6140302864440795,0.4915254237288136,-0.8489379808569623,-0.7062075027887513,
t2_cift_4h_SOLETH_bir_z_win180_z_in2.0_z_exit0.0,4h,"[""SOLETH""]",bir,180,2.0,0.0,-0.8124487846791073,-0.6612308877444457,-0.8899094321087746,84,-0.30220379702599093,0.03860221843205264,-1.7341267736503088,0.0588,-0.287578825,0.5197044334975369,0.4523809523809524,-0.823170292004308,-0.6923629212847505,
t2_cift_4h_SOLETH_bir_z_win180_z_in2.5_z_exit0.0,4h,"[""SOLETH""]",bir,180,2.5,0.0,-0.6011361156633488,-0.33354284331941,-0.8319144240320642,70,-0.15346948591961812,0.02974860370057646,-0.9593714214377778,0.049,-0.25237750999999997,0.42109104178069695,0.44285714285714284,-0.6202329082636693,-0.3616214959419366,
t2_cift_4h_SOLETH_oyn_hedge_win60_z_win30_z_in1.5_z_exit0.0,4h,"[""SOLETH""]",oyn,30,1.5,0.0,-0.8402944628971841,-1.2848687145399744,-0.8638139314829293,606,-0.34363200672675426,0.009698626457866157,-2.9632315191592946,0.35058896683191504,-0.14597582092782443,0.5997993066958585,0.49504950495049505,-0.8875644546259921,-1.5653249187721585,60.0
t2_cift_4h_SOLETH_oyn_hedge_win60_z_win30_z_in2.0_z_exit0.0,4h,"[""SOLETH""]",oyn,30,2.0,0.0,-0.7744905189063424,-1.128041031902335,-0.8094909075033172,460,-0.2814340503448698,0.010978489824295964,-2.6359244848888834,0.26602202965890553,-0.14154312042339345,0.4964422550629447,0.4891304347826087,-0.8272360727262824,-1.357849288594446,60.0
t2_cift_4h_SOLETH_oyn_hedge_win60_z_win30_z_in2.5_z_exit0.0,4h,"[""SOLETH""]",oyn,30,2.5,0.0,-0.7086678287328471,-1.0838847972690742,-0.7739162678953058,298,-0.2335067221563686,0.007695084260637969,-2.513818509640184,0.17175504329040947,-0.10940486383252139,0.35559204524721766,0.49328859060402686,-0.7547252681617084,-1.2545310463095902,60.0
t2_cift_4h_SOLETH_oyn_hedge_win180_z_win90_z_in1.5_z_exit0.0,4h,"[""SOLETH""]",oyn,90,1.5,0.0,-0.4526744055308327,-0.3115405586327282,-0.5766576737000813,252,-0.10636348432471113,0.019513330180809182,-0.8820568713012886,0.1445712766435981,-0.1873732382188584,0.5681444991789819,0.5555555555555556,-0.5264297762280379,-0.4203302027286058,180.0
t2_cift_4h_SOLETH_oyn_hedge_win180_z_win90_z_in2.0_z_exit0.0,4h,"[""SOLETH""]",oyn,90,2.0,0.0,-0.3644339036177663,-0.24757957343777376,-0.47425996622832123,186,-0.08879632116761621,0.02453825601032127,-0.8119127169751409,0.10695218076165167,-0.18684616442841984,0.46925743477467613,0.521505376344086,-0.4289804665958771,-0.33600101038924807,180.0
t2_cift_4h_SOLETH_oyn_hedge_win180_z_win90_z_in2.5_z_exit0.0,4h,"[""SOLETH""]",oyn,90,2.5,0.0,-0.1841705982604519,-0.06588807074763359,-0.4468769785082978,142,-0.038867622309657165,0.020812583929470413,-0.3832728321917952,0.08182044662823804,-0.1852772476198124,0.36070060207991245,0.5140845070422535,-0.24833039622985298,-0.1385834551156773,180.0
t2_cift_4h_SOLETH_oyn_hedge_win360_z_win180_z_in1.5_z_exit0.0,4h,"[""SOLETH""]",oyn,180,1.5,0.0,-0.48827503475718936,-0.3632944023646963,-0.5180337253415406,132,-0.1288540038665431,0.027191661525333023,-1.073356443664314,0.07553493559705553,-0.1939458554537581,0.5894909688013136,0.5151515151515151,-0.5255808937823336,-0.42032418488781903,360.0
t2_cift_4h_SOLETH_oyn_hedge_win360_z_win180_z_in2.0_z_exit0.0,4h,"[""SOLETH""]",oyn,180,2.0,0.0,-0.3534914887977656,-0.2080632150030379,-0.4568372099663103,108,-0.08628881039562485,0.028350292982474157,-0.7486096153872703,0.06145988705149891,-0.19115611373936964,0.5092136471446816,0.5185185185185185,-0.3920664504581063,-0.25623815487664414,360.0
t2_cift_4h_SOLETH_oyn_hedge_win360_z_win180_z_in2.5_z_exit0.0,4h,"[""SOLETH""]",oyn,180,2.5,0.0,-0.37657190825587183,-0.2776799452294625,-0.4672644326872094,74,-0.10129337196805213,0.030698766460382977,-0.955609479154262,0.042340119726008194,-0.1687512723319716,0.3939062214924284,0.4864864864864865,-0.4024351066236227,-0.31378040782180844,360.0
t2_cift_4h_SOLETH_ols_z_win30_z_in1.5_z_exit0.0,4h,"[""SOLETH""]",ols,30,1.5,0.0,-0.8992577662442747,-1.3494675289196782,-0.9062739872344624,864,-0.41374426700720307,0.0021879089019234215,-3.0283372620244156,0.49382372399774976,-0.11407902949183957,0.5113118044152527,0.5011574074074074,-0.9385457603211924,-1.682875717549294,
t2_cift_4h_SOLETH_ols_z_win30_z_in2.0_z_exit0.0,4h,"[""SOLETH""]",ols,30,2.0,0.0,-0.8047222606715578,-1.1022495097595346,-0.8176800872315312,630,-0.3022522386828124,0.009860786740483674,-2.555417912171351,0.3610511682753752,-0.09633899253429143,0.41488779419813904,0.5031746031746032,-0.863972334134742,-1.3816561481603562,
t2_cift_4h_SOLETH_ols_z_win30_z_in2.5_z_exit0.0,4h,"[""SOLETH""]",ols,30,2.5,0.0,-0.5903878821760771,-0.7287516870033766,-0.6714873248741917,386,-0.14359385905833327,-0.010129996839271906,-1.5045959179453654,0.2210305055618756,-0.0762289492294272,0.25752599890530925,0.5,-0.6716936974484963,-0.9403722909555307,
t2_cift_4h_SOLETH_ols_z_win90_z_in1.5_z_exit0.0,4h,"[""SOLETH""]",ols,90,1.5,0.0,-0.8413739752778013,-0.8406981261574913,-0.8671677475100312,354,-0.40030003783995116,0.08474830542018749,-2.523611073435236,0.20300458004031485,-0.21258561747606866,0.5467068053274949,0.5028248587570622,-0.8705586548913604,-0.9557864385526322,
t2_cift_4h_SOLETH_ols_z_win90_z_in2.0_z_exit0.0,4h,"[""SOLETH""]",ols,90,2.0,0.0,-0.8226586006622998,-0.8375449461814914,-0.834701343803931,270,-0.37898177347301115,0.08006671063507687,-2.51184862214995,0.1571775593070223,-0.21240693882541148,0.4442619959861339,0.48148148148148145,-0.8484873715330856,-0.9314968222651829,
t2_cift_4h_SOLETH_ols_z_win90_z_in2.5_z_exit0.0,4h,"[""SOLETH""]",ols,90,2.5,0.0,-0.723971940984568,-0.6342271262244182,-0.7599790767828397,182,-0.2889011453689547,0.07284950981541603,-2.0253547108824015,0.10431326622185022,-0.1915397171329103,0.33150884875022807,0.4835164835164835,-0.7513403236361604,-0.7001753333676904,
t2_cift_4h_SOLETH_ols_z_win180_z_in1.5_z_exit0.0,4h,"[""SOLETH""]",ols,180,1.5,0.0,-0.8472864497765809,-0.85986037606926,-0.8574344033100376,184,-0.3683947406529962,0.05034353384084108,-2.2896427828027885,0.10247268530413293,-0.23440944025139146,0.5540959678890713,0.483695652173913,-0.8621878959180997,-0.9179433773536468,
t2_cift_4h_SOLETH_ols_z_win180_z_in2.0_z_exit0.0,4h,"[""SOLETH""]",ols,180,2.0,0.0,-0.7461662182266695,-0.647882366636992,-0.7658308187007589,146,-0.28570593173954884,0.05908667506972171,-1.914868053988881,0.0794022225601464,-0.213527248727165,0.465061120233534,0.4931506849315068,-0.765591153666105,-0.6959490402431058,
t2_cift_4h_SOLETH_ols_z_win180_z_in2.5_z_exit0.0,4h,"[""SOLETH""]",ols,180,2.5,0.0,-0.6251523036319944,-0.4749721066675712,-0.6801144557513024,110,-0.23939957204201812,0.07970904621925688,-1.7537322718457884,0.05879715598059264,-0.18815206672866416,0.364349571246123,0.5272727272727272,-0.646577099235548,-0.5133794961523286,
