ad,alfa_t,i2022,i2023,i2024
carry_saf_tam_4h_f3,18.37537104653523,0,24,6
carry_saf_tam_4h_f7,12.852202643297632,16,10,0
trendvol_yarim_4h_L10_h0.3_n30_b0.1_f7,4.660875858990125,25,13,0
trendvol_yarim_4h_L20_h0.3_n30_b0.1_f7,4.474945764483578,18,9,0
trendvol_yarim_4h_L10_h0.4_n30_b0.1_f7,3.9494309554675744,33,17,5
carry_saf_tam_4h_hep,3.936377539082352,0,0,0
trendvol_yarim_4h_L20_h0.4_n30_b0.1_f7,3.814666426980977,21,11,1
trendvol_yarim_4h_L10_h0.5_n30_b0.1_f7,3.656243897275668,37,25,12
trendvol_nakit_4h_L10_h0.3_n30_b0.1,3.5462774707838305,43,32,30
trend_yarim_4h_L15_b0.15_f7,3.486983733466314,35,22,17
trendvol_tam_4h_L10_h0.3_n30_b0.1_f7,3.459925568719453,31,72,37
trend_yarim_4h_L15_b0.0_f7,3.4131032784711417,68,89,39
trendvol_nakit_4h_L10_h0.5_n30_b0.1,3.382566674086121,67,34,39
trendvol_nakit_4h_L10_h0.4_n30_b0.1,3.339502195804263,58,34,37
trendvol_nakit_4h_L20_h0.3_n30_b0.1,3.324031428727785,30,18,11
trendvol_yarim_4h_L20_h0.5_n30_b0.1_f7,3.2967687457747834,24,16,8
trend_yarim_4h_L10_b0.0_f7,3.2776407650511663,108,103,61
trendvol_tam_4h_L20_h0.3_n30_b0.1_f7,3.254534649875584,20,70,34
trend_yarim_4h_L10_b0.15_f7,3.2456300858957894,47,30,22
trendvol_nakit_4h_L20_h0.4_n30_b0.1,3.24059289701178,38,18,11
trend_yarim_4h_L10_b0.0_f3,3.1691218430895125,174,120,82
trend_yarim_4h_L10_b0.15_f3,3.158838706421364,78,49,37
trendvol_yarim_4h_L20_h0.4_n30_b0.1,3.1532723523272206,0,3,1
trendvol_nakit_4h_L20_h0.5_n30_b0.1,3.020560114523364,45,19,12
trend_yarim_4h_L10_b0.0_hep,3.009176537656889,24,87,61
trendvol_tam_4h_L10_h0.4_n30_b0.1_f7,2.987023514437089,59,89,66
trend_yarim_4h_L10_b0.15_hep,2.9665023783038964,3,21,22
trendvol_tam_4h_L20_h0.4_n30_b0.1_f7,2.8456385700481968,30,53,50
trendvol_yarim_4h_L20_h0.8_n30_b0.1,2.8336325315371007,0,12,17
trendvol_tam_4h_L10_h0.5_n30_b0.1_f7,2.8232281041024208,73,94,79
trendvol_yarim_4h_L20_h0.6_n30_b0.1,2.719591629710502,2,14,11
trendvol_tam_4h_L20_h0.4_n30_b0.1,2.589886472022317,10,46,50
trendvol_tam_4h_L20_h0.5_n30_b0.1_f7,2.4572677126308906,36,52,58
vol_yarim_1d_h0.4_n40_f7,2.0289228919520714,9,9,4
vol_yarim_1d_h0.4_n40_hep,1.5274272506834512,1,4,4
vol_yarim_1d_h0.4_n20_hep,1.386350362576993,1,8,2
vol_yarim_1d_h0.6_n20_hep,0.8137206187700322,6,5,6
vol_nakit_1d_h0.4_n10_b0.1,0.4570514250883691,0,0,0
vol_nakit_1d_h0.4_n10_b0.0,0.3429639937503521,0,0,0
