ad,ret,sharpe,mdd,trades,alfa,beta,alfa_t,maruz,maliyet,fonlama,ret2,sharpe2,alfa2,alfa_20_23,beta_20_23,alfa_24,beta_24,alfa_20p,alfa_t_20p,sharpe_20p,vol_20p,r2020,r2021,r2022,r2023,r2024,islem_yil_20p,ort_maruz,fonlama_20p,maliyet_20p,sure,interval,sinyal,sabit,bicim,fon_n,fon_giris,fon_cikis,hedef_vol,vol_gun,bant,lookbacks
t2_bindirme_altut_nakit_1d,59.67868249021393,1.1455782932649345,-0.8546280200924699,3,0.04143987399303588,0.8470765155172622,0.820328124880961,0.9996288047512992,0.0012000000000000001,0.0,59.606005266037585,1.1453479185761706,0.04127585030054167,-0.027132001013322877,0.9356146784748492,-6.806695198285543e-16,0.9999999999999998,-0.019669093408767584,-0.4253851000826328,1.4167252778244623,0.762136499743701,1.6538987105314913,11.48784727005336,-0.7951789043675177,2.9433150409701656,0.9026598064563776,0.19991789819376027,0.9591315453384418,0.0,0.0004,2.2,1d,sabit,1.0,nakit,,,,,,,
t2_bindirme_carry_saf_tam_4h_hep,0.30278121036476,1.2861343858099008,-0.10075407593448682,6,0.056191390732303455,-0.0058035538868332305,3.936377539082352,0.6788257880720877,0.0009500000000000001,-0.26779953,0.30154468890612773,1.2817735096215555,0.056012123916948764,0.05894423256921767,-0.0067226568522465915,0.06524469250109757,-0.0008749680988473382,0.06040266693552979,3.9811979169085054,1.5633124938796124,0.03418691724445452,0.07958960750435473,0.17069785425168793,-0.06072550653437181,0.028686377722555,0.06682353934014351,1.1995073891625616,0.9525481968010703,-0.26779952999999995,0.0009500000000000001,1.3,4h,sabit,0.0,tam,0,0.0,0.0,,,,
t2_bindirme_carry_saf_tam_4h_f3,0.36386907176164973,6.59393663054987,-0.01013586106230513,74,0.058595032075888225,-0.00023326919918924938,18.37537104653523,0.4490617452158296,0.022800000000000004,-0.32907234166666666,0.3331084363558725,5.806724874182634,0.05428876655391035,0.06362947041431961,-0.0002162365925778878,0.05733626837701643,-0.0007574645820745122,0.0623487805398699,18.48731112644125,8.242847309043151,0.007525406975975159,0.06900297328826999,0.17571348539962095,0.0011363420633410115,0.024019605617491946,0.05850011301079516,14.79392446633826,0.5479839445356686,-0.32907234166666666,0.022800000000000004,1.4,4h,sabit,0.0,tam,3,0.0001,0.0,,,,
t2_bindirme_carry_saf_tam_4h_f7,0.4211205636253361,4.646568883909413,-0.014095486837210958,52,0.06668229360082868,-0.0005406792791778606,12.852202643297632,0.6627237257694928,0.015516666666666668,-0.3621691166666666,0.3992286427517746,4.387851496734228,0.06379605628196655,0.07243779009106327,-0.0005669038258367836,0.06524469250109757,-0.0008749680988473382,0.07098428527819661,12.899487118328658,5.7228060839766695,0.012283179840620415,0.07279134363759576,0.182682007518306,0.014663932024614468,0.03474419723518185,0.06682353934014351,10.395730706075533,0.8365261813537676,-0.3621691166666666,0.015516666666666668,1.0,4h,sabit,0.0,tam,7,5e-05,-5e-05,,,,
t2_bindirme_vol_nakit_1d_h0.4_n10_b0.0,9.592465047679827,1.0523141649813483,-0.5968127535059737,3,0.020313750244320337,0.4062828454582817,0.34296399375035214,0.995916852264291,0.11568668394305787,0.0,8.435983520620313,1.0097936876712073,0.004655884430323106,0.026830401875475175,0.4198416217458026,0.02238828075228097,0.656002127212591,0.03334219837652002,0.44751800665883545,1.4050495642533571,0.3946062028672098,1.16368960712186,1.5615195091599574,-0.490233879381203,1.3726782145048553,0.6179573129668872,0.19991789819376027,0.5920708992403554,0.0,0.08398581582788169,0.6,1d,vol,,nakit,,,,0.4,10,0.0,
t2_bindirme_vol_nakit_1d_h0.4_n10_b0.1,10.287556906775096,1.0743174720328041,-0.5978423127027546,3,0.026491736817601697,0.40930969616735174,0.45705142508836916,0.995916852264291,0.07751079118578878,0.0,9.44618187259787,1.0458825687678555,0.016006723120219873,0.031971163239931356,0.423982698900589,0.017024558546148604,0.6591690294109234,0.03634449842395919,0.49981202815817705,1.4199632767989858,0.39588673490855975,1.1877970692437478,1.6596461045505944,-0.49797185086436724,1.3868176787516822,0.6122083017120357,0.19991789819376027,0.5938510859888401,0.0,0.054805483771415406,0.7,1d,vol,,nakit,,,,0.4,10,0.1,
t2_bindirme_vol_nakit_1d_h0.4_n20_b0.0,8.07280483445174,1.0259681900632651,-0.6188782136272903,3,0.007056190036491595,0.3911604077014015,0.12976876605545182,0.9922048997772829,0.05701295463811626,0.0,7.570129152479909,1.003991554152995,-0.0006617131694682379,-0.0189017135198836,0.40969726683616775,0.022220237688797117,0.6392208881422854,-0.0034546805037627974,-0.0517944872431259,1.330335264914871,0.3795384089707724,0.9801874827392341,1.5722049839414476,-0.5411663232443167,1.323487488055585,0.603969324850526,0.19991789819376027,0.5690707679249583,0.0,0.041817752269237764,1.0,1d,vol,,nakit,,,,0.4,20,0.0,
t2_bindirme_vol_nakit_1d_h0.4_n20_b0.1,9.472158558913831,1.0724133872747508,-0.6184484744585546,3,0.02149518932647719,0.39839672978803264,0.40224345469697276,0.9922048997772829,0.031111106968999137,0.0,9.151095757916947,1.0605261929791985,0.01727644436044691,-0.007629816865578784,0.4197132958600653,0.05367653484013904,0.6462660346058999,0.01177446516217513,0.18275185464539592,1.3811837976306636,0.38475335169523966,1.0130497707077875,1.711466145331539,-0.5463031841700134,1.3907889702471947,0.6628441194345169,0.19991789819376027,0.5741980471448955,0.0,0.0217082628176832,0.8,1d,vol,,nakit,,,,0.4,20,0.1,
t2_bindirme_vol_nakit_1d_h0.4_n40_b0.0,9.566490722501234,1.1160738010512878,-0.6015881624896597,3,0.03868142419907384,0.37374113226952543,0.7265136993805864,0.9847809948032665,0.029309469614463273,0.0,9.261687366904487,1.10434314105876,0.03473238735741745,-0.00436576436921529,0.3987058819663606,0.11645670020475596,0.6312238457611219,0.027168546894302006,0.4262847710374564,1.417241579935374,0.36909440972450824,1.013596807366862,1.4440296314108125,-0.5220786071844679,1.3541554231827089,0.7558544838040608,0.19991789819376027,0.5482310985390986,0.0,0.02193670917791892,0.5,1d,vol,,nakit,,,,0.4,40,0.0,
t2_bindirme_vol_nakit_1d_h0.4_n40_b0.1,10.6720166044541,1.1393060565802386,-0.6064741443995996,3,0.04436593574010346,0.3851119404522554,0.8515636746696977,0.9847809948032665,0.013679405554756866,0.0,10.513530758742457,1.1339361066865346,0.04252760165175207,-0.011936716122813376,0.4114727390057638,0.11275431105781746,0.6386968702797562,0.020207943403061278,0.32543587122286677,1.4076299045680178,0.3767393384659028,1.005651768593689,1.4470283587453938,-0.5302458882756627,1.4507981323146342,0.758014414299996,0.19991789819376027,0.5517120785824399,0.0,0.009837255813457653,0.5,1d,vol,,nakit,,,,0.4,40,0.1,
t2_bindirme_vol_nakit_1d_h0.4_n80_b0.0,7.65588540091251,1.0550450616336096,-0.5765333882599051,3,0.01495675978482889,0.3668518762414612,0.29949069123908256,0.9699331848552338,0.01491494145358736,0.0,7.527947801284919,1.0489223192196748,0.01295154414344387,-0.040463125248878636,0.3945667962119577,0.04482872681905786,0.6194508754520682,-0.01629800956460502,-0.2803111988102206,1.3134257167914516,0.36073127828378737,0.8741442970363289,1.3021880960980496,-0.5024591657525463,1.2104340847774089,0.6249732471328833,0.19991789819376027,0.5257114821304104,0.0,0.011167116557054244,0.5,1d,vol,,nakit,,,,0.4,80,0.0,
t2_bindirme_vol_nakit_1d_h0.4_n80_b0.1,7.916116467813547,1.0590393563827658,-0.560993403153756,3,0.014968005086328943,0.37279505771240684,0.30292439607136173,0.9699331848552338,0.0057513413502464725,0.0,7.865197182015612,1.056726491173591,0.014207765336687732,-0.038753854332255956,0.40063600559705814,0.07095057374442705,0.6221143631249252,-0.009796657872242731,-0.17180302216173277,1.337315306249586,0.3640926012849521,0.8680644031613698,1.2655702229774324,-0.48843283126971937,1.2608859878990808,0.6706001053614277,0.19991789819376027,0.5257765670628021,0.0,0.004070631343915026,0.7,1d,vol,,nakit,,,,0.4,80,0.1,
t2_bindirme_vol_nakit_1d_h0.6_n10_b0.0,16.410161284681053,1.034154416934185,-0.7280848798966093,3,0.0036980014649112725,0.5582064306237138,0.05422326357219331,0.995916852264291,0.09513657641457005,0.0,14.831326520939458,1.0079588694620858,-0.009160047596042623,0.006246187417916565,0.5845378787465844,-0.014658839349087118,0.8606747607424489,0.010707576333930576,0.12517498018030723,1.3782169277221936,0.5290732337348643,1.4741805046391647,3.0642126177331983,-0.631381385401708,1.9350377457798968,0.7467830357507916,0.19991789819376027,0.7636824237598158,0.0,0.06773449199415496,0.5,1d,vol,,nakit,,,,0.6,10,0.0,
t2_bindirme_vol_nakit_1d_h0.6_n10_b0.1,16.859844909429388,1.0427963341883073,-0.7230043160475792,3,0.006366151760914791,0.558303454688324,0.09543469482128274,0.995916852264291,0.06476620797135291,0.0,15.740491424699947,1.024907017401943,-0.0023854688777740127,0.016188448630183587,0.5836614734061413,-0.019710236181186554,0.8603174957050315,0.017657351354849558,0.21081471691497733,1.394912827477611,0.5270439109941655,1.4790432053171174,3.2156367711522424,-0.6281761931848177,1.9157071385742,0.7377268371574415,0.19991789819376027,0.7612017012938874,0.0,0.04493294302160437,0.5,1d,vol,,nakit,,,,0.6,10,0.1,
t2_bindirme_vol_nakit_1d_h0.6_n20_b0.0,14.882497256425593,1.0205329869738224,-0.7552970684372516,3,-0.004650409641683877,0.5485835598204244,-0.07113688775352564,0.9922048997772829,0.04990044490758311,0.0,14.109933147424252,1.0065036763638133,-0.011384712110236861,-0.04647629185280256,0.579639751617675,-0.016357802063970157,0.8577466370515845,-0.031714316079201735,-0.40111745192358694,1.308902715307262,0.5205059657987945,1.358170892434818,2.983849861156892,-0.6778443206039849,1.8918192187730454,0.7429003928076594,0.19991789819376027,0.7522845861921151,0.0,0.03535575505101209,0.6,1d,vol,,nakit,,,,0.6,20,0.0,
t2_bindirme_vol_nakit_1d_h0.6_n20_b0.1,16.81621849645358,1.0542307242666715,-0.7567467014223513,3,0.009298810634430044,0.5497411558420944,0.14694207979956742,0.9922048997772829,0.026405771417404196,0.0,16.352777936841672,1.0468082947929436,0.005754405430146787,-0.033098583527576934,0.5821393386825735,-0.01674072232404132,0.8462140161674372,-0.02153782098781561,-0.2814158915744724,1.3335534240279203,0.5192953934024716,1.403009509230022,3.1739321772232545,-0.682278465019815,1.931876234380379,0.7325834288202377,0.19991789819376027,0.7484721313943552,0.0,0.01876439002625018,0.5,1d,vol,,nakit,,,,0.6,20,0.1,
t2_bindirme_vol_nakit_1d_h0.6_n40_b0.0,18.092656190964163,1.084893533942136,-0.7490487719329162,3,0.030508417711475933,0.5323964610404239,0.449539616080053,0.9847809948032665,0.0273313013374024,0.0,17.579013390719513,1.0770807656967882,0.026837473494435243,-0.04024602411716427,0.5694884120118288,0.10035617861418558,0.8597360632169511,-0.0029328171878120427,-0.03737738380598978,1.3630357866481475,0.5134319564387962,1.4198814301019218,2.66076467769029,-0.6692873225040965,1.9613736604274599,0.9623290324070437,0.19991789819376027,0.7403437050262089,0.0,0.019283602889859294,0.5,1d,vol,,nakit,,,,0.6,40,0.0,
t2_bindirme_vol_nakit_1d_h0.6_n40_b0.1,20.638987206595445,1.1171861913070846,-0.7495790649976317,3,0.04447827348238289,0.5369584718375714,0.6636268805305117,0.9847809948032665,0.013284375359527348,0.0,20.354645072335696,1.1134313039033692,0.042708903869368174,-0.027684989018219724,0.5735338086665877,0.09471651614521903,0.8677615671355845,0.006100673619915043,0.07865641723322579,1.3835474953771674,0.5161478800623038,1.4994664617525002,2.6845241762608736,-0.6703131961669064,2.0538589055272243,0.959578822769128,0.19991789819376027,0.7416431900828047,0.0,0.009309394693040644,0.5,1d,vol,,nakit,,,,0.6,40,0.1,
t2_bindirme_vol_nakit_1d_h0.6_n80_b0.0,14.486348446607005,1.0300142537084969,-0.7386782727626167,3,0.0029968863593861765,0.529452115369338,0.04538824535910974,0.9699331848552338,0.014986500205446047,0.0,14.256634718266849,1.0256994812340667,0.0009886235893166427,-0.07343237274957713,0.5694160474452157,0.015179870169870248,0.86460705014071,-0.04639696694705193,-0.6247111933167673,1.286372284966039,0.510705354406953,1.4063321367264354,2.333079277139647,-0.6653196728122336,1.8476538679967436,0.8072295881851657,0.19991789819376027,0.7234229021555624,0.0,0.010553007686518512,0.6,1d,vol,,nakit,,,,0.6,80,0.0,
t2_bindirme_vol_nakit_1d_h0.6_n80_b0.1,14.607005237050481,1.0289619318006844,-0.7378535484477466,3,-0.00032045385258458144,0.5361228161124029,-0.00499643339005242,0.9699331848552338,0.006138529214057461,0.0,14.512327175350604,1.0272298887858593,-0.0011253681155706866,-0.07506444979379573,0.5804259836219317,0.004665297992412185,0.8511800184313181,-0.050577537584685785,-0.7214013190996246,1.2885350963541669,0.5140284296772437,1.4215094046565673,2.3778011910308816,-0.6677254236674074,1.9101145596070657,0.7766497643717556,0.19991789819376027,0.718594442138158,0.0,0.004204256189424332,0.5,1d,vol,,nakit,,,,0.6,80,0.1,
t2_bindirme_vol_nakit_1d_h0.8_n10_b0.0,21.497882058794943,1.0272392974086682,-0.7893869061107355,3,-0.012157117316438074,0.6611337219111242,-0.17895100257137314,0.995916852264291,0.06334305350999514,0.0,20.119127082993167,1.012224423116279,-0.020690990628909507,-0.024583482836931934,0.7004198103953221,-0.010276330079677612,0.9520562389832692,-0.013824149554790964,-0.16311981794603064,1.3626656910872397,0.6138376477980872,1.4271473985622496,4.658340711363315,-0.7064102300816792,2.4217786584348744,0.8388151721737325,0.19991789819376027,0.856929035220629,0.0,0.04432922720957222,0.5,1d,vol,,nakit,,,,0.8,10,0.0,
t2_bindirme_vol_nakit_1d_h0.8_n10_b0.1,21.98413509066063,1.0359392553687037,-0.7913927555656187,3,-0.008770769177910715,0.6575518108344471,-0.1333649094784237,0.995916852264291,0.042125686791962436,0.0,21.037228684633707,1.0258674051708427,-0.014443142768948968,-0.027237437618487542,0.6968157015097283,-9.000180317368295e-05,0.950249334313185,-0.013845120364114966,-0.16929612194714758,1.3664222440096998,0.6092325552918363,1.4185326876044395,4.580174252812334,-0.7089962965861912,2.461798937339135,0.8562655967719612,0.19991789819376027,0.8487700072268096,0.0,0.02890458591706359,0.5,1d,vol,,nakit,,,,0.8,10,0.1,
t2_bindirme_vol_nakit_1d_h0.8_n20_b0.0,23.265616246431275,1.048307838998584,-0.812309572854066,3,-0.0005994989084504047,0.6579753477461959,-0.00893350910939917,0.9922048997772829,0.03346130428837128,0.0,22.468793420693824,1.0403424165224482,-0.0050943441792925355,-0.05503063606244942,0.7013589806347319,-0.0007101277510965722,0.9602558724116337,-0.03601426632637106,-0.45081694999982075,1.333995171046013,0.6119353916965744,1.3997902775057098,4.769009604890332,-0.7417183443759489,2.452328914911784,0.8649617205647415,0.19991789819376027,0.8521430252883695,0.0,0.023580954559840998,0.8,1d,vol,,nakit,,,,0.8,20,0.0,
t2_bindirme_vol_nakit_1d_h0.8_n20_b0.1,23.904685950060866,1.0627444590282566,-0.8068703314305004,3,0.004378061447402865,0.6504914694423074,0.0696245001494175,0.9922048997772829,0.018319929179501572,0.0,23.454511675054977,1.0583297665865898,0.0019365858830940688,-0.052538241611729666,0.694831711538901,-0.0054506120816058485,0.9274178883054908,-0.03579807731723598,-0.48675154144658606,1.3409773198138055,0.6006102367029743,1.3102683418420589,5.000464090858738,-0.7381662094054662,2.4029925088956117,0.8270101849750979,0.19991789819376027,0.8262478005901793,0.0,0.012760259722384874,0.5,1d,vol,,nakit,,,,0.8,20,0.1,
t2_bindirme_vol_nakit_1d_h0.8_n40_b0.0,26.542522418947488,1.085153311614487,-0.8150909602724711,3,0.02636363193049841,0.6432223083404919,0.3650938723897543,0.9847809948032665,0.018490510286834124,0.0,26.04013697983271,1.0807198871936194,0.02389526382467072,-0.05006851835882587,0.6924596239022613,0.026779236513943223,0.9604697964948902,-0.026245947352021133,-0.3259287156429902,1.3473073262927178,0.6063385322084811,1.541590211305627,4.463633430913605,-0.7456459687174966,2.4616868042918085,0.9177139234894895,0.19991789819376027,0.8450449485397962,0.0,0.012561973523745173,0.5,1d,vol,,nakit,,,,0.8,40,0.0,
t2_bindirme_vol_nakit_1d_h0.8_n40_b0.1,28.580715821065354,1.1035320352628015,-0.8100923123261868,3,0.035069455558069784,0.6435038546760528,0.4961387753626593,0.9847809948032665,0.008472739902284053,0.0,28.333404226080507,1.1015174022651704,0.03395820569701719,-0.04270904916729679,0.6947389127926195,0.031178831941539465,0.9587028934455921,-0.01960727323491268,-0.25161197926080814,1.3624199445984104,0.6060389749510271,1.4846956240062021,4.610717632951751,-0.7411240845020429,2.5300521000258005,0.924934513775276,0.19991789819376027,0.8397720972881508,0.0,0.0058432596074831575,0.6,1d,vol,,nakit,,,,0.8,40,0.1,
t2_bindirme_vol_nakit_1d_h0.8_n80_b0.0,19.01593042629452,1.0074165555329593,-0.8171035149680417,3,-0.017837631711970867,0.6457521722822701,-0.2480617650806549,0.9699331848552338,0.010508389940982403,0.0,18.80793663004129,1.0049116259100686,-0.01923703232298287,-0.10670615361415389,0.69900511531636,-0.0024004906681974222,0.964977056379516,-0.07743753024713276,-0.9984789841955185,1.2689128781529089,0.6092472069257215,1.6124124164670839,3.725311217454835,-0.7517337071194834,2.2516442225853686,0.866462962218093,0.19991789819376027,0.833801897329035,0.0,0.006934687136951195,0.6,1d,vol,,nakit,,,,0.8,80,0.0,
t2_bindirme_vol_nakit_1d_h0.8_n80_b0.1,20.39181765588121,1.0355473652084146,-0.7978072168184791,3,-0.005074414201539327,0.6324660653365504,-0.07552782397813886,0.9699331848552338,0.00472985152987804,0.0,20.292484759432565,1.0344126659944528,-0.0056898973495645155,-0.08475824851255184,0.6867487924778187,-0.017662075819115178,0.9270901930738552,-0.06375988084435781,-0.9051979232311195,1.2964563131809408,0.5931946443878685,1.5678589169098784,3.751801843293233,-0.7310569291135893,2.2339774976290867,0.8052495759788036,0.19991789819376027,0.8004172737708725,0.0,0.002893515361827221,0.6,1d,vol,,nakit,,,,0.8,80,0.1,
t2_bindirme_vol_tam_1d_h0.4_n20_hep,7.998555748379683,1.1030336531467606,-0.64196719488126,81,0.05164488392575307,0.4226531433528029,0.7485306182062902,0.6778025241276912,0.013334808033709393,0.08720460769459216,7.879234823856629,1.0972701810657233,0.04913873038776155,-0.007596090902275353,0.4115602588057816,0.03451815552375892,0.6450639049896295,0.00861131414939156,0.12837138055699865,1.3403675936800674,0.38236289203763585,0.9824345538535815,1.7831898362723946,-0.574153074669145,1.3504228478827938,0.6294146945431913,16.19334975369458,0.6660666574481869,0.08720460769459218,0.013334808033709393,0.7,1d,vol,,tam,0,0.0,0.0,0.4,20,0.1,
t2_bindirme_vol_yarim_1d_h0.4_n20_hep,2.697251581575153,1.2026139206294622,-0.4072548954964229,22,0.05149540895582692,0.20772537150061388,1.386350362576993,0.6778025241276912,0.0070729470844113915,-0.09029921865270393,2.671170475336103,1.1964781786655323,0.05016149193675802,0.022545799389480873,0.20160234844223598,0.0497488144998373,0.3220900879874685,0.03200676663539043,0.8719714456641311,1.4615927777208106,0.19132780116196463,0.47526620811371245,0.8366641196942222,-0.3589914362006439,0.582923071585711,0.3447925842175765,4.398193760262726,0.6658498541652765,-0.0902992186527039,0.007072947084411392,0.9,1d,vol,,yarim,0,0.0,0.0,0.4,20,0.1,
t2_bindirme_vol_tam_1d_h0.4_n40_hep,8.084419697193807,1.1214945099555484,-0.6266298261762755,39,0.053444724155005584,0.4204927668604624,0.8361604023249098,0.6778025241276912,0.006530429255659812,0.06794610919239273,8.025250002394072,1.1186288948864267,0.052226396178993696,-0.01909150116631166,0.410036244038462,0.09204309051644988,0.637454481234579,0.010762434556690976,0.17585529708868475,1.3628370419443245,0.37574624532812684,0.9454746308188247,1.5261083911508928,-0.5541065893261499,1.4102972286235587,0.7199586754106384,7.79679802955665,0.6512281669229555,0.06794610919239272,0.006530429255659812,0.6,1d,vol,,tam,0,0.0,0.0,0.4,40,0.1,
t2_bindirme_vol_yarim_1d_h0.4_n40_hep,2.7063360021920935,1.2260407017925854,-0.3949087286223306,17,0.05239649782298303,0.20664512568961596,1.5274272506834512,0.6778025241276912,0.003664851263353725,-0.09992846790380364,2.692760537221656,1.2227872283265349,0.05170766233743512,0.016799654443687383,0.200840272335151,0.07851128199618276,0.3182853761099432,0.03308357626231532,0.9885697019392508,1.4901196882742485,0.1875228886266362,0.46176475683964435,0.7488469455248303,-0.34444239298746715,0.6017647868481109,0.3807211576079752,3.3986042692939242,0.6768280499121877,-0.09992846790380362,0.0036648512633537245,0.6,1d,vol,,yarim,0,0.0,0.0,0.4,40,0.1,
t2_bindirme_vol_tam_1d_h0.6_n20_hep,12.436830158745982,1.0413952141421985,-0.7706817215898424,45,0.020190737785145917,0.5841781949479318,0.2426561584468387,0.6778025241276912,0.01169540661384693,0.2013119020917371,12.280557439845527,1.0376697771754144,0.01801075588343766,-0.04922222166473217,0.574910590388672,-0.06065703096136973,0.8449327681150455,-0.04254605397170313,-0.5430179203306367,1.2653576853689206,0.5168164659134983,1.3365491759033414,3.032844358424284,-0.6987091926514635,1.858424330781184,0.6557614117231447,8.996305418719212,0.7745030382610907,0.2013119020917371,0.01169540661384693,0.6,1d,vol,,tam,0,0.0,0.0,0.6,20,0.1,
t2_bindirme_vol_yarim_1d_h0.6_n20_hep,3.8855308169349856,1.1179677338366256,-0.5128606255020642,28,0.03579506763949371,0.28848658067316335,0.8137206187700322,0.6778025241276912,0.006118154228148804,-0.033245571454131456,3.8557125337373,1.1140460148850675,0.034650968192537955,0.0017684186491303175,0.28327594238879167,0.0021612212572732483,0.42202451955017645,0.006456659433279539,0.15318084189395184,1.3585443170591474,0.2579199998012453,0.6229755856197177,1.2529485323077436,-0.44787385878974195,0.7613155327010412,0.3739566874691338,5.597701149425287,0.5788940525857049,-0.033245571454131456,0.0061181542281488034,0.6,1d,vol,,yarim,0,0.0,0.0,0.6,20,0.1,
t2_bindirme_vol_tam_1d_h0.6_n40_hep,13.80656958197902,1.0739168295017925,-0.7606021155368369,27,0.03554341361106179,0.5867122684356452,0.445123443102049,0.6778025241276912,0.0063333223642365434,0.18444030834095151,13.713292966135306,1.0719095645515315,0.03436939589593367,-0.05662443526731157,0.5751162338725226,0.04530724629920925,0.8664320326271772,-0.026494263611823797,-0.3570600699995295,1.304931889105396,0.5157513735066942,1.3486059993697435,2.577702582385222,-0.6826828616617725,1.981817858573038,0.8623672912174278,5.397783251231527,0.7724320062596151,0.18444030834095151,0.006333322364236544,0.6,1d,vol,,tam,0,0.0,0.0,0.6,40,0.1,
t2_bindirme_vol_yarim_1d_h0.6_n40_hep,4.1313143361731814,1.153684425819696,-0.5021783010023895,19,0.04346776981883617,0.2897537964886152,1.0425941166400354,0.6778025241276912,0.003455485722155436,-0.041681368329524224,4.113619104884822,1.151470612001297,0.04282301673155433,-0.0019375415504267377,0.2833789779142685,0.055143359887561215,0.4327741518062423,0.014478667930550993,0.36769512357628403,1.4020210406367188,0.25671757583346705,0.6258009568584688,1.1215124470070643,-0.43366600698026625,0.7999220902661539,0.4594504496771017,3.798440065681445,0.5819058173676845,-0.04168136832952423,0.0034554857221554365,0.6,1d,vol,,yarim,0,0.0,0.0,0.6,40,0.1,
t2_bindirme_trend_nakit_4h_L10_b0.0,83.61538825365739,1.6795383349052284,-0.5194119282284767,614,0.34980385435990313,0.3696544917900176,3.4670511030654834,0.885110863371733,0.37473333333333336,0.0,57.17701107550201,1.5539195577771383,0.2990123950927208,0.41137054408081036,0.4091996977408371,-0.012300690042607622,0.5185843876248853,0.3297819265997383,2.5357219925461516,1.845291126560243,0.445264075348403,1.3806196108704598,6.043010195646502,-0.38620901510571937,1.5564183823376045,0.41442643405581236,89.36330049261083,0.5008819146671531,0.0,0.2895333333333333,2.3,4h,trend,,nakit,,,,,,0.0,"(10, 20, 40)"
t2_bindirme_trend_tam_4h_L10_b0.0_hep,30.33393875251125,1.4523505759846715,-0.5401253785220594,666,0.33173473544206605,0.40176244994598204,2.60735269574355,0.6788257880720877,0.1695333333333333,0.29958389333333335,25.449667637972638,1.3895396622135638,0.29984916156178915,0.38540384064540295,0.4031743983374294,-0.015417156929527888,0.5184902488861034,0.30881143330665123,2.3332701731060896,1.7658722797393775,0.4460165826941692,1.2946310985770175,5.472327642921342,-0.4162570698761322,1.5637677293906296,0.40974780299861324,133.14532019704433,0.8184181718664477,0.29958389333333335,0.1695333333333333,2.7,4h,trend,,tam,0,0.0,0.0,,,0.0,"(10, 20, 40)"
t2_bindirme_trend_tam_4h_L10_b0.0_f3,31.08554347588783,1.46343547080815,-0.5148359696443164,831,0.33041956860619914,0.40703099924706054,2.6515824960793224,0.6429058029355298,0.2145777777777778,0.2274542211111111,24.89069674703298,1.3836591956011883,0.2901034710123189,0.3846743810912673,0.40934609109886405,-0.021340086530710796,0.5184995045059125,0.30683519673588494,2.3708166014907595,1.7793875951665163,0.44504900894924665,1.2726008828541855,5.434028915081358,-0.38412477072342344,1.5424098626021316,0.4014094280522782,166.13177339901478,0.6228714346530438,0.22745422111111113,0.21457777777777778,1.6,4h,trend,,tam,3,0.0001,0.0,,,0.0,"(10, 20, 40)"
t2_bindirme_trend_tam_4h_L10_b0.0_f7,32.193263163947854,1.4763218767208433,-0.5071999420944103,753,0.3370604010959849,0.4067221496975474,2.704307304666873,0.6741809624078776,0.18878888888888887,0.22134004694444442,26.484612675845362,1.406166157080601,0.30160266641440026,0.3920515313143388,0.4089804888479656,-0.015417156929527888,0.5184902488861034,0.31393240090035524,2.425026846795651,1.7951004908020345,0.4448993986175934,1.277409086157253,5.453439564593169,-0.3744250235236948,1.560925673760416,0.40974780299861324,150.53817733990147,0.7514317135964647,0.22134004694444442,0.1887888888888889,1.5,4h,trend,,tam,7,5e-05,-5e-05,,,0.0,"(10, 20, 40)"
t2_bindirme_trend_yarim_4h_L10_b0.0_hep,6.3493224238240185,1.553711640909645,-0.3309537601225959,305,0.19718336119641588,0.19780797351452611,3.009176537656889,0.6788257880720877,0.08524166666666666,0.015892181666666644,5.748958275698945,1.4907902295266875,0.18112795213029298,0.22613462130358183,0.1981192425650047,0.026406109343143525,0.25805812258461075,0.188051032543671,2.7533711128061293,1.8894899524587565,0.22427423774232355,0.6009201630394538,1.9563085485893157,-0.2510720330857438,0.6598245571816694,0.24918212267320428,60.97495894909688,0.7023201362281821,0.015892181666666665,0.08524166666666666,2.6,4h,trend,,yarim,0,0.0,0.0,,,0.0,"(10, 20, 40)"
t2_bindirme_trend_yarim_4h_L10_b0.0_f3,6.591487843816104,1.5899327852133642,-0.29094815220672543,580,0.19744684747651636,0.2031132575461031,3.1691218430895125,0.6429058029355298,0.1216861111111111,-0.05494094402777777,5.721759473035644,1.499019129425063,0.17455323427468017,0.22759193878135844,0.2043253642513844,0.020116732692450102,0.25811950749618007,0.1877498653401476,2.9011807142450965,1.9336826193579297,0.2222640234098873,0.5877833567423008,1.9402012309463523,-0.20631168039753756,0.6504467985486497,0.24138704650714948,115.95238095238095,0.4476436274807921,-0.05494094402777778,0.1216861111111111,2.3,4h,trend,,yarim,3,0.0001,0.0,,,0.0,"(10, 20, 40)"
t2_bindirme_trend_yarim_4h_L10_b0.0_f7,6.858098364422083,1.616658110893206,-0.28026413329391564,437,0.2043024917390086,0.2027168080623778,3.2776407650511663,0.6741809624078776,0.10149444444444443,-0.06687525194444444,6.099785613899271,1.540867852307367,0.18523013193691004,0.2351731243689862,0.20386378268908187,0.026406109343143525,0.25805812258461075,0.1950851489797491,3.0127756311967886,1.9662960085520167,0.22206524743118108,0.5906434090922594,1.9512202882090994,-0.19427109325880776,0.663138529833492,0.24918212267320428,87.36412151067323,0.6185522208031786,-0.06687525194444445,0.10149444444444444,1.9,4h,trend,,yarim,7,5e-05,-5e-05,,,0.0,"(10, 20, 40)"
t2_bindirme_trend_nakit_4h_L10_b0.15,80.25759933881307,1.686328873913831,-0.5091823546085588,292,0.34725232681895,0.36364788994496033,3.493901624705439,0.8529666790536355,0.21559999999999999,0.0,64.50609508721045,1.6126647003992585,0.3180348320818941,0.4113062255834402,0.4042723907728454,-0.020508717800201425,0.5121326226161371,0.3280356303263012,2.558490966102137,1.8520209984467613,0.4394926708013696,1.2978070413982303,5.972309826422828,-0.37511060564354715,1.5901761019869642,0.3977632292175377,43.782019704433495,0.4910237306004116,0.0,0.1668666666666667,2.0,4h,trend,,nakit,,,,,,0.15,"(10, 20, 40)"
t2_bindirme_trend_tam_4h_L10_b0.15_hep,28.230103368878808,1.4407981960176477,-0.5373827060303847,424,0.32126834523624115,0.396958164528154,2.5607620755315073,0.6788257880720877,0.0981722222222222,0.28819695805555556,25.498702818896184,1.4038474837219757,0.30280369218218955,0.3766678503569316,0.39836804840937934,-0.03322241999106545,0.5121759809715501,0.29820562920203847,2.285178598576493,1.7517878886297393,0.44028245559526613,1.2092552039273508,5.3436213277393145,-0.4130348377471825,1.574985586849365,0.3799399941901942,84.76518883415434,0.8114369843297045,0.28819695805555556,0.09817222222222222,2.3,4h,trend,,tam,0,0.0,0.0,,,0.15,"(10, 20, 40)"
t2_bindirme_trend_tam_4h_L10_b0.15_f3,29.400608899528464,1.4577936501221886,-0.5072312675906667,496,0.3230262939187246,0.4020981500124891,2.6284874218199703,0.630953118226296,0.12829444444444443,0.2162326511111111,25.741490747601112,1.409329812494326,0.29894122277389057,0.3796634023213015,0.4043869547007361,-0.03764911771783674,0.5121804915035959,0.299512125268979,2.3467780504804705,1.7725086713378726,0.4393294128405202,1.1898652681016189,5.316138248662805,-0.3750105000435684,1.5598018271384282,0.373834155642339,99.15927750410509,0.612664457013116,0.2162326511111111,0.12829444444444443,2.3,4h,trend,,tam,3,0.0001,0.0,,,0.15,"(10, 20, 40)"
t2_bindirme_trend_tam_4h_L10_b0.15_f7,30.1284771795673,1.4669935086551316,-0.5018796865320982,470,0.3277222841403675,0.4017992175413291,2.6661696314313814,0.6731900662661795,0.11274444444444445,0.20996479944444443,26.811210192597212,1.424432045001384,0.3065682822050057,0.38482726669834916,0.40403388249498623,-0.03322241999106545,0.5121759809715501,0.3045396593916499,2.3855836074582513,1.7837259346408303,0.4391835646845486,1.1927006231829527,5.328294657319291,-0.36841493685223103,1.573948815133889,0.3799399941901942,93.96141215106732,0.742481603113787,0.2099647994444444,0.11274444444444444,1.7,4h,trend,,tam,7,5e-05,-5e-05,,,0.15,"(10, 20, 40)"
t2_bindirme_trend_yarim_4h_L10_b0.15_hep,6.072526299364561,1.542817528297967,-0.32940965219535756,96,0.19179283602435943,0.19544001114601595,2.9665023783038964,0.6788257880720877,0.049561111111111104,0.010198714027777774,5.730675135901921,1.5056210738758373,0.18244972347869232,0.22154733727082032,0.1957507922217946,0.017523145950035148,0.254943444773449,0.18257704436676772,2.7095389367097105,1.8762001911638604,0.22144239821896045,0.5699936695531722,1.9233335110290017,-0.24933805342146442,0.6616093690495841,0.23544978793005433,19.192118226600986,0.7072373755802874,0.010198714027777778,0.04956111111111111,2.3,4h,trend,,yarim,0,0.0,0.0,,,0.15,"(10, 20, 40)"
t2_bindirme_trend_yarim_4h_L10_b0.15_f3,6.3842927422407545,1.587312036679582,-0.28462523677958207,256,0.19415385310404398,0.2006752978538977,3.158838706421364,0.630953118226296,0.07536944444444446,-0.060129716388888886,5.8482508908644855,1.5300331980635122,0.17997872197433856,0.22551716691335846,0.2018746211843012,0.012369790963237896,0.25499278346701276,0.1845145348972791,2.8903471256837485,1.9304847713359055,0.21945171945784886,0.5579487724349943,1.91051862149713,-0.1996819187916986,0.6554852121646539,0.22912921867373748,51.17898193760263,0.4483911593585923,-0.06012971638888889,0.07536944444444445,2.3,4h,trend,,yarim,3,0.0001,0.0,,,0.15,"(10, 20, 40)"
t2_bindirme_trend_yarim_4h_L10_b0.15_f7,6.585420609367637,1.6086973374261433,-0.2764833895587083,173,0.19956672526822836,0.2002825050109794,3.2456300858957894,0.6731900662661795,0.06311111111111112,-0.07263459597222222,6.121571334816532,1.5607642427138382,0.18771791954291847,0.23146290177727782,0.20141688280608228,0.017523145950035148,0.254943444773449,0.1903148490656846,2.9796917761740738,1.9565807671028228,0.21924804355560662,0.5600552037271846,1.9190191935480994,-0.19064687316018092,0.6658647154638833,0.23544978793005433,34.585796387520524,0.6220010034665208,-0.07263459597222222,0.06311111111111112,2.7,4h,trend,,yarim,7,5e-05,-5e-05,,,0.15,"(10, 20, 40)"
t2_bindirme_trend_nakit_4h_L20_b0.0,73.55556865722656,1.6079819248727782,-0.49886203275739227,370,0.3226153425933085,0.3860304951660702,3.1899343963379385,0.874334200421157,0.23293333333333333,0.0,58.066122035017756,1.5318753483504555,0.29100684286816697,0.4015002687961987,0.4319549772680842,-0.07299280333854143,0.5899431847427241,0.31123692072811104,2.4401526128233177,1.820715885458691,0.4592432427334003,1.3198131272178064,7.0586906725107745,-0.34990888958703614,1.285849197353854,0.3907930546677585,48.18021346469622,0.518423906983345,0.0,0.18330000000000002,1.8,4h,trend,,nakit,,,,,,0.0,"(20, 40, 80)"
t2_bindirme_trend_tam_4h_L20_b0.0_hep,28.990833700109807,1.4060651874344252,-0.5271461419892187,473,0.3028715755536521,0.42829829100808375,2.4128990482551433,0.6788257880720877,0.10773888888888888,0.33344341583333337,25.928642970981585,1.3673404953499897,0.28258655246334186,0.36080456628291985,0.4250291838117856,-0.09309163556731749,0.5897373985139273,0.2752036854026065,2.1157348342125695,1.7094476066959639,0.45959816195228437,1.2134281596417007,6.162759265862676,-0.38592736000760597,1.2607732611539717,0.36259258135119676,94.5611658456486,0.8144372478663665,0.3334434158333333,0.10773888888888888,2.4,4h,trend,,tam,0,0.0,0.0,,,0.0,"(20, 40, 80)"
t2_bindirme_trend_tam_4h_L20_b0.0_f3,30.148094604068902,1.4213773868911435,-0.4970697927270651,589,0.3044296213436648,0.4334252550281623,2.4772856852672,0.6427200099089614,0.14029444444444444,0.2610650763888889,26.07168269909111,1.3708139294929689,0.2780612911475775,0.3636989288431679,0.43103348836348887,-0.09816930729838641,0.589736551955792,0.27629898678264275,2.1736509074007366,1.728112453297163,0.4588046992092861,1.1967864688307759,6.131178063313359,-0.3486835661072478,1.2518247927447463,0.35567550749459187,117.75164203612479,0.5912977153398609,0.2610650763888889,0.14029444444444444,1.9,4h,trend,,tam,3,0.0001,0.0,,,0.0,"(20, 40, 80)"
t2_bindirme_trend_tam_4h_L20_b0.0_f7,31.081967630782202,1.4322385932124961,-0.48983143981926613,555,0.3102590781902721,0.4331068763615881,2.5237057763246895,0.6713940670093516,0.12198888888888888,0.25166087583333335,27.398516598975007,1.3882990395314,0.28733118729607915,0.3702090170267625,0.4306559589376622,-0.09309163556731749,0.5897373985139273,0.28253423568641384,2.2216583359725064,1.7413527122999581,0.4586766293853137,1.1971273543915535,6.155204121902706,-0.33922649372943214,1.266549034293801,0.36259258135119676,110.95443349753694,0.7339572057005006,0.2516608758333333,0.12198888888888888,1.8,4h,trend,,tam,7,5e-05,-5e-05,,,0.0,"(20, 40, 80)"
t2_bindirme_trend_yarim_4h_L20_b0.0_hep,6.257924798190598,1.5037281967692187,-0.32550394537736904,203,0.1827238979343457,0.21124959358737325,2.816247353564171,0.6788257880720877,0.05434444444444444,0.03282194291666665,5.874100817237913,1.4648389703431268,0.17247714674149953,0.21379449217046992,0.20924140954003811,-0.012491451771657534,0.29374936279710856,0.17119846511173217,2.5401451846402225,1.8285220256726866,0.2313057595261578,0.5691525305997656,2.1512587871788056,-0.235403148702639,0.5572459036893198,0.23274602707715952,40.58333333333333,0.6934751870096697,0.032821942916666666,0.054344444444444445,2.4,4h,trend,,yarim,0,0.0,0.0,,,0.0,"(20, 40, 80)"
t2_bindirme_trend_yarim_4h_L20_b0.0_f3,6.574585621007494,1.544563343480542,-0.2800647506131697,429,0.1850066039642979,0.21650030897402828,3.003439400272542,0.6427200099089614,0.0821527777777778,-0.03768310875,5.977193769835631,1.4851357336636906,0.16955220126808268,0.21780337683351944,0.2153816463925375,-0.018223187433497517,0.2938105003918529,0.17305097118093288,2.7153800854042904,1.8783297526849903,0.2294906271982162,0.5567371510147221,2.1460552813621576,-0.18716321272028358,0.5523014982786221,0.22573868664566055,85.76477832512315,0.409410539439275,-0.03768310875,0.08215277777777778,2.5,4h,trend,,yarim,3,0.0001,0.0,,,0.0,"(20, 40, 80)"
t2_bindirme_trend_yarim_4h_L20_b0.0_f7,6.821680984543017,1.5679592420991664,-0.2700263731976197,306,0.19137249802165707,0.21616234794055006,3.1022323142747896,0.6713940670093516,0.06808055555555556,-0.053675585,6.306938986814521,1.518808518194113,0.17857834940411182,0.22486770251802204,0.2149888837542741,-0.012491451771657534,0.29374936279710856,0.17985893428485206,2.817577206905909,1.90687187887118,0.22941224171814018,0.559217656073538,2.1569884876336793,-0.17567843231915858,0.5636882160388188,0.23274602707715952,61.17487684729064,0.5993013744450526,-0.053675585,0.06808055555555555,1.9,4h,trend,,yarim,7,5e-05,-5e-05,,,0.0,"(20, 40, 80)"
t2_bindirme_trend_nakit_4h_L20_b0.15,77.62446181277082,1.6454010363796,-0.4983002812608789,141,0.3322115382121785,0.3803666192933165,3.34607808349681,0.8417564721912548,0.1119,0.0,69.30394991487773,1.608098609697886,0.3170175369013622,0.405341107789762,0.4253324555143006,-0.05895017718397784,0.5878632054961774,0.3172673409700631,2.5474482061881423,1.8505180958727119,0.4512604972555183,1.3350213283397228,7.44701312588,-0.3542434937231478,1.1798111799704953,0.40863227870795416,20.191707717569784,0.5093842816450243,0.0,0.08913333333333334,2.2,4h,trend,,nakit,,,,,,0.15,"(20, 40, 80)"
t2_bindirme_trend_tam_4h_L20_b0.15_hep,28.66237640108854,1.4204841296111812,-0.5309178128557976,258,0.30316075893386446,0.4227093138817212,2.473255891106609,0.6788257880720877,0.052847222222222226,0.3160745647222222,27.13626911885437,1.4010978764457573,0.29320325827070476,0.3605243872816407,0.41874702450557777,-0.08809108750942223,0.5876907642037523,0.27612377646070135,2.1750752763618073,1.7270235718658138,0.4515949464863756,1.2225111535020918,6.520267969480762,-0.3946120896996069,1.143476154660802,0.3676541868491423,51.57881773399014,0.8067946846682478,0.31607456472222223,0.05284722222222222,2.3,4h,trend,,tam,0,0.0,0.0,,,0.15,"(20, 40, 80)"
t2_bindirme_trend_tam_4h_L20_b0.15_f3,30.234960410677175,1.440939915666128,-0.4978930506132363,305,0.307472236191041,0.42772459783005573,2.5619047621939215,0.6327491174831238,0.07198888888888888,0.2437892475,28.066087570469346,1.414462910449206,0.2939587036014876,0.36673825609896016,0.42461907946142413,-0.09175694329939796,0.5876817925947136,0.2801599361430549,2.258106864513189,1.7519605651950028,0.4508823416225364,1.2103380469652434,6.500919843949062,-0.3538605923330296,1.139755566107183,0.36262817687429605,60.97495894909688,0.5802697196375357,0.24378924749999997,0.07198888888888888,2.7,4h,trend,,tam,3,0.0001,0.0,,,0.15,"(20, 40, 80)"
t2_bindirme_trend_tam_4h_L20_b0.15_f7,30.843472207989837,1.448161337311098,-0.4931955310326135,302,0.3113237451945643,0.4274735624944059,2.5928922618864063,0.6709605499473587,0.06306388888888889,0.23385358638888887,28.89800218113632,1.424991567595187,0.29948068593613936,0.3709645862950733,0.4243210037524307,-0.08809108750942223,0.5876907642037523,0.2842840096141148,2.290232662583716,1.760764653635499,0.4507985907633827,1.2090386486359184,6.51807818296334,-0.34808981935958994,1.1505335667428382,0.3676541868491423,60.3752052545156,0.7241607370917715,0.23385358638888887,0.06306388888888889,1.8,4h,trend,,tam,7,5e-05,-5e-05,,,0.15,"(20, 40, 80)"
t2_bindirme_trend_yarim_4h_L20_b0.15_hep,6.181453693894824,1.5191077064622651,-0.32829898794355616,61,0.1827045057035453,0.2084804660209134,2.8804995540419362,0.6788257880720877,0.02689861111111111,0.02413751736111109,5.990910815031301,1.4994477899740077,0.1776251683972444,0.21335985135040078,0.20612733002824205,-0.009700219157618173,0.2927492520496256,0.1714813138517179,2.6038669027436927,1.847279407360548,0.22732289270289566,0.5714814077024999,2.2197929699615613,-0.24101880029863243,0.5138120665988082,0.23529951119636894,12.194991789819376,0.6979933203592207,0.02413751736111111,0.02689861111111111,2.1,4h,trend,,yarim,0,0.0,0.0,,,0.15,"(20, 40, 80)"
t2_bindirme_trend_yarim_4h_L20_b0.15_f3,6.558054062724139,1.566398697036872,-0.2803757697479462,174,0.18665429928930152,0.21367308980134742,3.1007082918570714,0.6327491174831238,0.046241666666666674,-0.04581468805555556,6.216503823264058,1.5322236396171636,0.17796530929469098,0.21932104816281492,0.21219958697552663,-0.014350174502871514,0.292798993039363,0.17511334260790984,2.8132720544440653,1.904967948054862,0.22559404294332225,0.5612204659033362,2.2170945830223077,-0.1901740778109613,0.5112166085284691,0.22959933022261936,34.785714285714285,0.4104925601573111,-0.045814688055555566,0.04624166666666667,2.1,4h,trend,,yarim,3,0.0001,0.0,,,0.15,"(20, 40, 80)"
t2_bindirme_trend_yarim_4h_L20_b0.15_f7,6.751364906037633,1.5850960547238817,-0.2722806258367718,118,0.19170133771476167,0.2133702101382587,3.179755208856735,0.6709605499473587,0.03852083333333333,-0.06231311875000001,6.458471429835524,1.556707204692748,0.18447156718475935,0.22489843990457506,0.21184746265089208,-0.009700219157618173,0.2927492520496256,0.18051469300972636,2.895183654507834,1.9277807530604414,0.22553716864078557,0.5625671377521118,2.225946132108117,-0.18141246833269997,0.5207053400402359,0.23529951119636894,23.59031198686371,0.6021267915425004,-0.06231311875000001,0.03852083333333333,3.1,4h,trend,,yarim,7,5e-05,-5e-05,,,0.15,"(20, 40, 80)"
t2_bindirme_trend_nakit_4h_L40_b0.0,32.46232160147443,1.3550115165539633,-0.48949892588370403,247,0.23043696525031224,0.3667766507287959,2.1757916766412846,0.845100953796606,0.13790000000000002,0.0,28.152920603272904,1.3097431618802728,0.2117226720507086,0.3407886687670149,0.4453630370930447,-0.12051748273307811,0.6871710664609069,0.2557991202964642,1.9722797806748853,1.6938875152907495,0.47675202908277614,1.1630279575155105,6.251859843873752,-0.296025228327622,1.0606151313996812,0.40990204068620684,32.58661740558292,0.5388245192551369,0.0,0.11249999999999999,1.8,4h,trend,,nakit,,,,,,0.0,"(40, 80, 160)"
t2_bindirme_trend_tam_4h_L40_b0.0_hep,22.39962916330144,1.2847335442653356,-0.5218701696797947,313,0.24320148325124208,0.44879994066407947,1.8953890802865396,0.6788257880720877,0.0665361111111111,0.3596460263888889,20.893952674772585,1.261691006382074,0.23067069390283793,0.29044662031738183,0.43653839427805463,-0.1544237449203957,0.6865374029970881,0.209490224970395,1.5777097744905786,1.5616041823477407,0.47670870137288646,1.0578961579403297,5.212725263794835,-0.33640568823293815,1.0253279987647592,0.3617748672066148,62.57430213464696,0.8184207058728131,0.35964602638888893,0.0665361111111111,2.3,4h,trend,,tam,0,0.0,0.0,,,0.0,"(40, 80, 160)"
t2_bindirme_trend_tam_4h_L40_b0.0_f3,23.805450941976222,1.3058275740030685,-0.49285165787756746,402,0.2482733051295343,0.45436557278485074,1.9765123316281388,0.6344831857310955,0.08978611111111112,0.2793761225,21.67583374755293,1.2746600098332537,0.23139651639930642,0.29790918318955206,0.44304755777671245,-0.15923711999989384,0.6865787434743531,0.2142747924618408,1.651667302614453,1.587300678526484,0.47618409596874706,1.0446967332674792,5.281164126648671,-0.29532995668631035,1.022410943255625,0.3552606605953359,80.36699507389162,0.5692138498651909,0.2793761225,0.08978611111111111,1.9,4h,trend,,tam,3,0.0001,0.0,,,0.0,"(40, 80, 160)"
t2_bindirme_trend_tam_4h_L40_b0.0_f7,24.49096928265138,1.3154410198031,-0.4828489241556492,374,0.2537145725194142,0.45401396282747,2.0185653931551664,0.6735616523193163,0.07779722222222221,0.2667207616666667,22.58352113477326,1.2884697698768328,0.2390820329995606,0.30397401676484115,0.44263687703795085,-0.1544237449203957,0.6865374029970881,0.22010079517397127,1.6953636638895526,1.599012579395849,0.47607531231728284,1.047705087935367,5.288455300144127,-0.2850761066216866,1.0333390529516762,0.3617748672066148,74.76929392446634,0.724928541020495,0.2667207616666667,0.07779722222222221,2.0,4h,trend,,tam,7,5e-05,-5e-05,,,0.0,"(40, 80, 160)"
t2_bindirme_trend_yarim_4h_L40_b0.0_hep,5.451113557672723,1.3759924947115645,-0.3151189306000851,126,0.15197609015028518,0.22161594446202046,2.289826855389043,0.6788257880720877,0.033743055555555554,0.04592324819444444,5.237113557262967,1.352739433202639,0.14561193842539227,0.1772145970219624,0.21513736590897012,-0.0424486145922153,0.342113067505574,0.13735823796823374,1.9948935652985893,1.672795055369006,0.2400103962611538,0.5108898918762843,1.9593575903568587,-0.2085377779304629,0.4711212017970432,0.2391555705191637,25.189655172413794,0.6832099272233372,0.045923248194444447,0.033743055555555554,2.0,4h,trend,,yarim,0,0.0,0.0,,,0.0,"(40, 80, 160)"
t2_bindirme_trend_yarim_4h_L40_b0.0_f3,5.822895847145915,1.4231016255397073,-0.2686347175447792,303,0.15652841204348883,0.22710240607203178,2.4857633232471965,0.6344831857310955,0.05547361111111112,-0.02865374652777778,5.4547582751511765,1.384542913917327,0.14611474334849095,0.1842314267178992,0.22154896527716583,-0.0482193700509839,0.34219279965978217,0.14159892866520338,2.176789986024997,1.730214397623619,0.2382752813398177,0.49979883677709847,1.987379264906775,-0.15804925279724935,0.46797607856553447,0.23208240227744792,60.57512315270936,0.37571712380141503,-0.02865374652777778,0.055473611111111105,1.8,4h,trend,,yarim,3,0.0001,0.0,,,0.0,"(40, 80, 160)"
t2_bindirme_trend_yarim_4h_L40_b0.0_f7,6.034996243998938,1.443917676156953,-0.2583021029828495,198,0.16256208820849624,0.22684373565278285,2.5756489995379845,0.6735616523193163,0.04600694444444444,-0.047848109166666666,5.7186982091790854,1.4120225005002223,0.15391505832244415,0.19083778594225928,0.2212519043764653,-0.0424486145922153,0.342113067505574,0.14804484681839064,2.2701734796817514,1.7555909757242305,0.23832471634180885,0.502901711665789,1.99341461911136,-0.14616625270416495,0.4779757853363171,0.2391555705191637,39.583743842364534,0.5806548886050802,-0.047848109166666666,0.04600694444444444,2.3,4h,trend,,yarim,7,5e-05,-5e-05,,,0.0,"(40, 80, 160)"
t2_bindirme_trend_nakit_4h_L40_b0.15,29.36800740152164,1.3402883991402375,-0.4889497010153274,81,0.2195938619134185,0.36085234844112135,2.1164264861756577,0.8016226929270408,0.05533333333333334,0.0,27.733924045646045,1.3217121039223745,0.21208422153001816,0.3240562944275979,0.4388766016079323,-0.10171068845309979,0.6854891166309748,0.24634896209741802,1.9416507295509382,1.6863994311876982,0.4691552133783091,1.204244252662365,5.699446525490198,-0.3028533921466171,1.0341229095885396,0.436629903317477,10.795566502463053,0.5298761264685907,0.0,0.04526666666666667,1.8,4h,trend,,nakit,,,,,,0.15,"(40, 80, 160)"
t2_bindirme_trend_tam_4h_L40_b0.15_hep,20.573702131486023,1.2708993947834628,-0.5280847323375473,151,0.23040147468356018,0.44309080429748526,1.8335915068448778,0.6788257880720877,0.027355555555555553,0.34533811388888885,19.991870291946952,1.2612263390685332,0.2252458156507774,0.2707770981077583,0.4300863406218158,-0.14158555911904183,0.6848481486941255,0.19650149041406,1.5118789963248742,1.5447530666263596,0.46909973628376617,1.0909657940170296,4.761412313146227,-0.346929100459355,0.98805162361395,0.37930645887202696,30.1876026272578,0.8111633116422389,0.34533811388888885,0.027355555555555553,2.1,4h,trend,,tam,0,0.0,0.0,,,0.15,"(40, 80, 160)"
t2_bindirme_trend_tam_4h_L40_b0.15_f3,22.152840545316696,1.2965191349288643,-0.49498060457920223,179,0.23784337226471788,0.4486341042668713,1.9339005539079135,0.6146033318882764,0.040827777777777775,0.2653929113888889,21.22693580479471,1.282059973486454,0.23018467571676937,0.28104610336330865,0.4365674348465607,-0.1450080291988373,0.6848885103176848,0.20380937752749184,1.6053673901661984,1.5759609095909868,0.46863812971426444,1.0795209895963813,4.830820811345618,-0.30263382239048764,0.991898040743864,0.3746219009787475,35.78530377668309,0.5586090332258914,0.2653929113888889,0.04082777777777778,1.4,4h,trend,,tam,3,0.0001,0.0,,,0.15,"(40, 80, 160)"
t2_bindirme_trend_tam_4h_L40_b0.15_f7,22.5809732249017,1.3031051295812557,-0.48812447859440045,184,0.24155884010778636,0.448336063293203,1.9629494052744403,0.6668111723539977,0.03690555555555555,0.25215013305555556,21.726802031574465,1.290065107709946,0.23461516725356274,0.2851589824832161,0.4362207283514722,-0.14158555911904183,0.6848481486941255,0.20779390564530925,1.6356545881188977,1.583984073904873,0.468553964721226,1.0813845073203714,4.832574312141846,-0.2954200017410663,0.9987478655615594,0.37930645887202696,36.78489326765189,0.7159201483914127,0.25215013305555556,0.03690555555555555,1.9,4h,trend,,tam,7,5e-05,-5e-05,,,0.15,"(40, 80, 160)"
t2_bindirme_trend_yarim_4h_L40_b0.15_hep,5.1571743443675375,1.3627053521950816,-0.31754440673178586,24,0.14525026301897845,0.21877177572978324,2.2333955256031905,0.6788257880720877,0.014152777777777776,0.03876929194444444,5.070673862782803,1.3527298996054162,0.14257548517530572,0.16688300722624827,0.2119192623234236,-0.03578777703569902,0.34130476080472677,0.13051617761586196,1.9351625851873626,1.656602570769251,0.23618194014337598,0.5226542718674407,1.8369044601084679,-0.21487550636743447,0.4558562009521476,0.2470345374853007,4.798029556650246,0.6876824484583104,0.03876929194444444,0.014152777777777776,2.3,4h,trend,,yarim,0,0.0,0.0,,,0.15,"(40, 80, 160)"
t2_bindirme_trend_yarim_4h_L40_b0.15_f3,5.562175710476649,1.4155488042551738,-0.26800656564299186,109,0.15126975231962023,0.22425539934751976,2.4534509534082587,0.6146033318882764,0.029409722222222226,-0.03552677625,5.3720218555320685,1.3946849422840857,0.1457656280911992,0.17556272002114603,0.21832853523424223,-0.04040194004909418,0.3413680072650618,0.13631769553033846,2.141369431468119,1.721007582016956,0.23451097881171395,0.5126100774799858,1.8657611058152739,-0.16229841708041326,0.4557968987726011,0.24134016668751168,21.791050903119867,0.37830307729733015,-0.03552677625,0.02940972222222222,2.7,4h,trend,,yarim,3,0.0001,0.0,,,0.15,"(40, 80, 160)"
t2_bindirme_trend_yarim_4h_L40_b0.15_f7,5.727863899654308,1.4327063146185908,-0.259195871654439,65,0.1562172165458958,0.22401489938193248,2.527912820783356,0.6668111723539977,0.025363888888888887,-0.055159472083333334,5.559371005125037,1.414794736937962,0.1514532875399075,0.18101172556373174,0.2180513543819919,-0.03578777703569902,0.34130476080472677,0.14160629997592147,2.2189067744585005,1.7419229835927041,0.2345647112326696,0.5148561086728076,1.8701061197620477,-0.15240620194033183,0.4640019696436297,0.2470345374853007,12.994663382594416,0.5841581524052788,-0.05515947208333334,0.02536388888888889,3.1,4h,trend,,yarim,7,5e-05,-5e-05,,,0.15,"(40, 80, 160)"
t2_bindirme_trendvol_nakit_4h_L20_h0.4_n30_b0.1,9.802661020668232,1.6286535251487664,-0.3142367095057962,112,0.17960757399637023,0.18269065647799185,3.24059289701178,0.8278830670135018,0.06584260618250735,0.0,9.114477072915335,1.5857857045943713,0.17064476021767966,0.18433627561148436,0.19535894112727123,0.06871355874772493,0.3791129642541802,0.16689474307959798,2.367546239281886,1.7916286112328317,0.23403249215513738,0.9106015971791384,1.038558580277487,-0.20992423213566325,0.6356856144584473,0.4121307115099275,15.19376026272578,0.31184274744633445,0.0,0.05336502912794208,3.0,4h,trend_vol,,nakit,,,,0.4,30,0.1,"(20, 40, 80)"
t2_bindirme_trendvol_tam_4h_L20_h0.4_n30_b0.1,5.903579960644672,1.4450151303834615,-0.35763358093499586,173,0.18237913425991029,0.20317103965090688,2.589886472022317,0.6788257880720877,0.031992350588768446,0.04974250485372882,5.686293457186375,1.4223687992942244,0.1763375451736935,0.18895011732480704,0.18878793071990102,0.07161691830188315,0.37871058858568896,0.1717171139450758,2.335391273220801,1.7569290134518707,0.23554422017408488,0.8883550505999664,1.1453743697220937,-0.25953977333640377,0.6255375744403038,0.4157577686952951,34.585796387520524,0.7492657085150987,0.049742504853728844,0.03199235058876845,1.6,4h,trend_vol,,tam,0,0.0,0.0,0.4,30,0.1,"(20, 40, 80)"
t2_bindirme_trendvol_yarim_4h_L20_h0.4_n30_b0.1,2.1060007218277432,1.5922234315219002,-0.21983102119920583,12,0.11946448795370049,0.09863025761029062,3.1532723523272206,0.6788257880720877,0.01647117529438423,-0.10902851257313559,2.055270381713476,1.5694214659348062,0.1163492798787981,0.1241085558453305,0.09101635492257584,0.06882374421743957,0.18855982375988967,0.11625638073279532,2.9286530880400923,1.9364778834429794,0.12072033163584299,0.43624070718843044,0.6003965511141567,-0.1646675264048426,0.3038620257794671,0.2406686935517277,2.399014778325123,0.7966661094459939,-0.10902851257313557,0.016471175294384226,2.7,4h,trend_vol,,yarim,0,0.0,0.0,0.4,30,0.1,"(20, 40, 80)"
t2_bindirme_trendvol_nakit_4h_L20_h0.6_n30_b0.1,19.62704826990681,1.5799347340296754,-0.4235206821141706,130,0.22501503354697555,0.2496370043533722,3.0554395685745943,0.8383500557413601,0.09319649526118408,0.0,17.791754026696957,1.5350078629123547,0.21233806826482693,0.24371178347393974,0.2693082605487343,-0.001066582512318977,0.49539659074694836,0.20167983567970166,2.168427360262942,1.7356905744448865,0.3145787276886855,1.3026734164343434,1.7888648114769885,-0.2921840187592406,0.8651177932668119,0.4148584142004681,18.192528735632184,0.408856235345867,0.0,0.0736970257896002,2.1,4h,trend_vol,,nakit,,,,0.6,30,0.1,"(20, 40, 80)"
t2_bindirme_trendvol_tam_4h_L20_h0.6_n30_b0.1,9.479293370575265,1.3545631565183687,-0.46057303062374266,204,0.20415808467444208,0.2791442097561565,2.225245382609955,0.6788257880720877,0.0438427094883779,0.16474635059966436,9.029885120005227,1.331417888198726,0.1958794794753044,0.22807339618668246,0.2626527377279697,-0.017341796444364063,0.4951531012060892,0.18655567032244033,1.9515669020542348,1.6466805547758439,0.31532603989181185,1.2107916224199387,1.78712232194344,-0.3371002711856901,0.84364377141815,0.39156455493548803,40.78325123152709,0.7690339694021412,0.16474635059966436,0.043842709488377894,2.1,4h,trend_vol,,tam,0,0.0,0.0,0.6,30,0.1,"(20, 40, 80)"
t2_bindirme_trendvol_yarim_4h_L20_h0.6_n30_b0.1,2.9435857621234525,1.4782686650645207,-0.28299490007299466,42,0.1308297665012603,0.13658812299372686,2.719591629710502,0.6788257880720877,0.022396354744188947,-0.05152658970016781,2.856257845865657,1.4548479758503232,0.12659242477900623,0.1441318168909469,0.1279391628049073,0.025072669983380945,0.2465938142713623,0.12418488280321589,2.470858972160061,1.797474541868397,0.15964081556641105,0.5616795981979363,0.8458540526997893,-0.20813751071515219,0.3951963059272965,0.23827470198836087,8.39655172413793,0.7482035486064105,-0.051526589700167824,0.022396354744188947,3.2,4h,trend_vol,,yarim,0,0.0,0.0,0.6,30,0.1,"(20, 40, 80)"
t2_bindirme_trendvol_nakit_4h_L20_h0.8_n30_b0.1,34.6499106524016,1.631236990296429,-0.4637604484934549,139,0.27095903423542006,0.29613194435168616,3.264704248580383,0.8400842313885792,0.10313999945317985,0.0,31.15734581030309,1.5883311410791887,0.2569398425052856,0.30714772804400325,0.32218506456108154,-0.018733970851561695,0.5513855033245643,0.24893842566750665,2.388909905415513,1.8042613083902577,0.36322962980243245,1.391677573617991,3.063964221740693,-0.32563678047449895,1.0273618838576644,0.43640957218594334,19.791871921182267,0.45750451967124417,0.0,0.0820256683293702,1.8,4h,trend_vol,,nakit,,,,0.8,30,0.1,"(20, 40, 80)"
t2_bindirme_trendvol_tam_4h_L20_h0.8_n30_b0.1,14.714673068454946,1.3947962328443417,-0.4980562683399815,252,0.24366080827941053,0.33030724056095556,2.3728904158483948,0.6788257880720877,0.04870108430324372,0.22951412664199383,13.968029712642084,1.3725325487871873,0.23446820189561762,0.2800588184281101,0.315290039543193,-0.043543889288386886,0.5511510126270371,0.2229646788250497,2.0891367444854825,1.6957122956480788,0.3636378820603144,1.2782946443343826,2.893035487152431,-0.36728880459375934,0.9992424599675929,0.40067099643089765,50.37931034482759,0.7827562052143803,0.22951412664199383,0.04870108430324372,2.2,4h,trend_vol,,tam,0,0.0,0.0,0.8,30,0.1,"(20, 40, 80)"
t2_bindirme_trendvol_yarim_4h_L20_h0.8_n30_b0.1,3.9488989702383295,1.5089902882134467,-0.3065977929535071,49,0.1513359306769801,0.1621306815225295,2.8336325315371007,0.6788257880720877,0.02482554215162186,-0.019142701679003084,3.8275831842550962,1.4864129602266911,0.14663991963527206,0.17101844799395208,0.15422598668974602,0.012446007700405312,0.27448131494136463,0.14319648324530593,2.5730508677584694,1.8349397043329758,0.1833315939151758,0.5887645360651073,1.2123642144135944,-0.22519159525203192,0.4572107095476996,0.24702692209896182,9.795977011494253,0.7239135565653424,-0.01914270167900308,0.02482554215162186,2.3,4h,trend_vol,,yarim,0,0.0,0.0,0.8,30,0.1,"(20, 40, 80)"
