ad,kind,universe,interval,params,getiri,cagr,sharpe,maxdd,islem,maruz,yillik_ciro,fonlama,maliyet,getiri_2x,sharpe_2x,gun,baslangic
carry_BTCUSDT_4h_n0_giris0.0_cikis0.0_son_negFalse,carry,BTCUSDT,4h,"{""n"": 0, ""giris"": 0.0, ""cikis"": 0.0, ""son_neg"": false}",0.34247853482336765,0.04729929662334409,6.703345497967124,-0.014118071791318632,2,0.6282703748835209,0.15689432989690721,-0.29945569,0.0009500000000000001,0.341202089258811,6.647209877632095,2328,2017-08-17 04:00:00+00:00
carry_BTCUSDT_4h_n1_giris0.0_cikis0.0_son_negFalse,carry,BTCUSDT,4h,"{""n"": 1, ""giris"": 0.0, ""cikis"": 0.0, ""son_neg"": false}",0.09614054070656142,0.01450848293590723,1.4970856837503297,-0.09140975068561252,232,0.5530069529066016,36.24259020618557,-0.311199145,0.21945000000000003,-0.12011753710166317,-1.3416123453252544,2328,2017-08-17 04:00:00+00:00
carry_BTCUSDT_4h_n1_giris0.0_cikis0.0_son_negTrue,carry,BTCUSDT,4h,"{""n"": 1, ""giris"": 0.0, ""cikis"": 0.0, ""son_neg"": true}",-0.12774187542023108,-0.021217474584437346,-1.7213455854780186,-0.25395328766627767,474,0.5234750197118486,74.21101804123712,-0.30959935000000005,0.4493500000000001,-0.44381843866840764,-4.268935527901025,2328,2017-08-17 04:00:00+00:00
carry_BTCUSDT_4h_n1_giris0.0001_cikis0.0_son_negFalse,carry,BTCUSDT,4h,"{""n"": 1, ""giris"": 0.0001, ""cikis"": 0.0, ""son_neg"": false}",0.2743184312705764,0.03877115412808552,5.719243066777647,-0.011290026392784647,22,0.27489068883950973,3.2947809278350513,-0.25853699,0.019950000000000002,0.24911382786649727,4.755880720413021,2328,2017-08-17 04:00:00+00:00
carry_BTCUSDT_4h_n1_giris0.0001_cikis0.0_son_negTrue,carry,BTCUSDT,4h,"{""n"": 1, ""giris"": 0.0001, ""cikis"": 0.0, ""son_neg"": true}",0.2658019741741402,0.037678715282155384,5.8865090023444075,-0.009570826689482503,24,0.2526700594939431,3.6085695876288657,-0.25264903,0.02185,0.2384069465084495,4.8071280112831545,2328,2017-08-17 04:00:00+00:00
carry_BTCUSDT_4h_n1_giris0.0001_cikis5e-05_son_negFalse,carry,BTCUSDT,4h,"{""n"": 1, ""giris"": 0.0001, ""cikis"": 5e-05, ""son_neg"": false}",0.2679899593320749,0.03795996670014801,5.88303197705538,-0.009570826689482503,26,0.26213174682818435,3.9223582474226806,-0.256117375,0.023750000000000007,0.23818935399085728,4.719077700250208,2328,2017-08-17 04:00:00+00:00
carry_BTCUSDT_4h_n1_giris0.0001_cikis5e-05_son_negTrue,carry,BTCUSDT,4h,"{""n"": 1, ""giris"": 0.0001, ""cikis"": 5e-05, ""son_neg"": true}",0.26305771826132274,0.037325378836600365,5.807831128965291,-0.009570826689482503,26,0.24922944591785534,3.9223582474226806,-0.25198543500000004,0.023750000000000007,0.233373031637373,4.655900396034857,2328,2017-08-17 04:00:00+00:00
carry_BTCUSDT_4h_n1_giris0.0002_cikis0.0_son_negFalse,carry,BTCUSDT,4h,"{""n"": 1, ""giris"": 0.0002, ""cikis"": 0.0, ""son_neg"": false}",0.26059784305261635,0.037008107275925406,5.489621393392525,-0.010928068218907572,20,0.24765249802881514,2.980992268041237,-0.246948335,0.018050000000000004,0.23801779353902153,4.598202891873085,2328,2017-08-17 04:00:00+00:00
carry_BTCUSDT_4h_n1_giris0.0002_cikis0.0_son_negTrue,carry,BTCUSDT,4h,"{""n"": 1, ""giris"": 0.0002, ""cikis"": 0.0, ""son_neg"": true}",0.252016939844649,0.03589725156781465,5.641645998480482,-0.009570826689482614,22,0.22557522758225218,3.2947809278350513,-0.24098616500000003,0.019950000000000002,0.22725296832041564,4.638193948062262,2328,2017-08-17 04:00:00+00:00
carry_BTCUSDT_4h_n1_giris0.0002_cikis0.0001_son_negFalse,carry,BTCUSDT,4h,"{""n"": 1, ""giris"": 0.0002, ""cikis"": 0.0001, ""son_neg"": false}",0.2362049818510319,0.03383336652495128,5.319891414193642,-0.009570826689482614,26,0.19561321769048814,3.9223582474226806,-0.23144194499999998,0.023750000000000007,0.20715108592836717,4.202604431267698,2328,2017-08-17 04:00:00+00:00
carry_BTCUSDT_4h_n1_giris0.0002_cikis0.0001_son_negTrue,carry,BTCUSDT,4h,"{""n"": 1, ""giris"": 0.0002, ""cikis"": 0.0001, ""son_neg"": true}",0.2362049818510319,0.03383336652495128,5.319891414193642,-0.009570826689482614,26,0.19561321769048814,3.9223582474226806,-0.23144194499999998,0.023750000000000007,0.20715108592836717,4.202604431267698,2328,2017-08-17 04:00:00+00:00
carry_BTCUSDT_4h_n1_giris0.0003_cikis0.0001_son_negFalse,carry,BTCUSDT,4h,"{""n"": 1, ""giris"": 0.0003, ""cikis"": 0.0001, ""son_neg"": false}",0.2282045854749326,0.03278060766424362,5.275003147974554,-0.009570826689482392,20,0.1708121281628557,2.980992268041237,-0.219253645,0.018050000000000004,0.20620516256288313,4.413100379440088,2328,2017-08-17 04:00:00+00:00
carry_BTCUSDT_4h_n1_giris0.0003_cikis0.0001_son_negTrue,carry,BTCUSDT,4h,"{""n"": 1, ""giris"": 0.0003, ""cikis"": 0.0001, ""son_neg"": true}",0.2282045854749326,0.03278060766424362,5.275003147974554,-0.009570826689482392,20,0.1708121281628557,2.980992268041237,-0.219253645,0.018050000000000004,0.20620516256288313,4.413100379440088,2328,2017-08-17 04:00:00+00:00
carry_BTCUSDT_4h_n3_giris0.0_cikis0.0_son_negFalse,carry,BTCUSDT,4h,"{""n"": 3, ""giris"": 0.0, ""cikis"": 0.0, ""son_neg"": false}",0.24449024295003374,0.03491757303153098,4.185565136249147,-0.01609223949492855,94,0.5633287936348649,14.59117268041237,-0.30746946,0.08835000000000001,0.1391146016229141,1.8632535035197435,2328,2017-08-17 04:00:00+00:00
carry_BTCUSDT_4h_n3_giris0.0_cikis0.0_son_negTrue,carry,BTCUSDT,4h,"{""n"": 3, ""giris"": 0.0, ""cikis"": 0.0, ""son_neg"": true}",-0.11715867675200387,-0.01936344301869186,-1.552887276407231,-0.2549434620808817,462,0.5173105870546915,72.32828608247422,-0.308439985,0.43795000000000006,-0.4306059376969946,-4.036339465777651,2328,2017-08-17 04:00:00+00:00
carry_BTCUSDT_4h_n3_giris0.0001_cikis0.0_son_negFalse,carry,BTCUSDT,4h,"{""n"": 3, ""giris"": 0.0001, ""cikis"": 0.0, ""son_neg"": false}",0.2928042766141379,0.04112138400632559,5.8600316535121095,-0.009570826689482392,20,0.3531646476955057,2.980992268041237,-0.27175400000000005,0.018050000000000004,0.2696473551818266,4.979479518949007,2328,2017-08-17 04:00:00+00:00
carry_BTCUSDT_4h_n3_giris0.0001_cikis0.0_son_negTrue,carry,BTCUSDT,4h,"{""n"": 3, ""giris"": 0.0001, ""cikis"": 0.0, ""son_neg"": true}",0.2634341949855006,0.03737389034881966,5.851491360479191,-0.009570826689482503,26,0.2520966238979285,3.9223582474226797,-0.251979005,0.02375,0.23374107090188057,4.710492700692094,2328,2017-08-17 04:00:00+00:00
carry_BTCUSDT_4h_n3_giris0.0001_cikis5e-05_son_negFalse,carry,BTCUSDT,4h,"{""n"": 3, ""giris"": 0.0001, ""cikis"": 5e-05, ""son_neg"": false}",0.2713773155390413,0.03839458354283232,5.488127494898087,-0.009570826689482503,22,0.27030320407139274,3.2947809278350513,-0.25569363500000003,0.019950000000000002,0.24623101686868987,4.576590700952352,2328,2017-08-17 04:00:00+00:00
carry_BTCUSDT_4h_n3_giris0.0001_cikis5e-05_son_negTrue,carry,BTCUSDT,4h,"{""n"": 3, ""giris"": 0.0001, ""cikis"": 5e-05, ""son_neg"": true}",0.2633806344344707,0.03736698946174233,5.850620885540919,-0.009570826689482503,26,0.25152318830191384,3.9223582474226797,-0.25198846,0.02375,0.2336887691264129,4.709595895344131,2328,2017-08-17 04:00:00+00:00
carry_BTCUSDT_4h_n3_giris0.0002_cikis0.0_son_negFalse,carry,BTCUSDT,4h,"{""n"": 3, ""giris"": 0.0002, ""cikis"": 0.0, ""son_neg"": false}",0.24882778218788748,0.03548275712768412,5.12910452944085,-0.009570826689482614,14,0.21826392373306572,2.0396262886597936,-0.23271815499999998,0.012350000000000002,0.2334792582990366,4.504752248816908,2328,2017-08-17 04:00:00+00:00
carry_BTCUSDT_4h_n3_giris0.0002_cikis0.0_son_negTrue,carry,BTCUSDT,4h,"{""n"": 3, ""giris"": 0.0002, ""cikis"": 0.0, ""son_neg"": true}",0.2344442043300603,0.03360216276826122,5.340869603891858,-0.009570826689482503,20,0.18543473586122858,2.980992268041237,-0.224772925,0.018050000000000004,0.21233292211522325,4.454925386388824,2328,2017-08-17 04:00:00+00:00
carry_BTCUSDT_4h_n3_giris0.0002_cikis0.0001_son_negFalse,carry,BTCUSDT,4h,"{""n"": 3, ""giris"": 0.0002, ""cikis"": 0.0001, ""son_neg"": false}",0.23029382100044682,0.033056083174827444,5.282778959687959,-0.009570826689482614,20,0.17496953623396172,2.980992268041237,-0.221122085,0.018050000000000004,0.20825698739896437,4.411106802179973,2328,2017-08-17 04:00:00+00:00
carry_BTCUSDT_4h_n3_giris0.0002_cikis0.0001_son_negTrue,carry,BTCUSDT,4h,"{""n"": 3, ""giris"": 0.0002, ""cikis"": 0.0001, ""son_neg"": true}",0.2278780904561033,0.03273752207576264,5.1996803931266555,-0.009570826689482614,22,0.17482617733495806,3.2947809278350513,-0.221072085,0.019950000000000002,0.2035924679270089,4.222779784905784,2328,2017-08-17 04:00:00+00:00
carry_BTCUSDT_4h_n3_giris0.0003_cikis0.0001_son_negFalse,carry,BTCUSDT,4h,"{""n"": 3, ""giris"": 0.0003, ""cikis"": 0.0001, ""son_neg"": false}",0.21621324076174075,0.03119180788941156,5.07840355080438,-0.009570826689482614,16,0.15360906028241703,2.353414948453608,-0.20623697000000002,0.01425,0.19898120259179475,4.3690821032133265,2328,2017-08-17 04:00:00+00:00
carry_BTCUSDT_4h_n3_giris0.0003_cikis0.0001_son_negTrue,carry,BTCUSDT,4h,"{""n"": 3, ""giris"": 0.0003, ""cikis"": 0.0001, ""son_neg"": true}",0.215609249470037,0.03111143292814167,5.058348080619519,-0.009570826689482614,16,0.15317898358540608,2.353414948453608,-0.20608697000000004,0.01425,0.19838576901073357,4.343260650969775,2328,2017-08-17 04:00:00+00:00
carry_BTCUSDT_4h_n7_giris0.0_cikis0.0_son_negFalse,carry,BTCUSDT,4h,"{""n"": 7, ""giris"": 0.0, ""cikis"": 0.0, ""son_neg"": false}",0.29188940519629725,0.04100573878942959,5.23442373128996,-0.014274355831022434,50,0.5722170453730915,7.687822164948453,-0.30449229499999997,0.04655000000000001,0.23304838069909328,3.519611792620323,2328,2017-08-17 04:00:00+00:00
carry_BTCUSDT_4h_n7_giris0.0_cikis0.0_son_negTrue,carry,BTCUSDT,4h,"{""n"": 7, ""giris"": 0.0, ""cikis"": 0.0, ""son_neg"": true}",-0.13458830926964305,-0.022427004373044457,-1.7629808805272125,-0.2664557909159283,480,0.5167371514586768,75.15238402061856,-0.30710747000000005,0.45505000000000007,-0.45132519368711044,-4.193570118571867,2328,2017-08-17 04:00:00+00:00
carry_BTCUSDT_4h_n7_giris0.0001_cikis0.0_son_negFalse,carry,BTCUSDT,4h,"{""n"": 7, ""giris"": 0.0001, ""cikis"": 0.0, ""son_neg"": false}",0.2967208096719771,0.041615678621918395,5.770949693924786,-0.009570826689482392,16,0.38570711776933553,2.353414948453608,-0.27550606,0.014250000000000002,0.2783475523139405,5.039762873764604,2328,2017-08-17 04:00:00+00:00
carry_BTCUSDT_4h_n7_giris0.0001_cikis0.0_son_negTrue,carry,BTCUSDT,4h,"{""n"": 7, ""giris"": 0.0001, ""cikis"": 0.0, ""son_neg"": true}",0.24420996204866996,0.0348809951589113,5.225642908810146,-0.012796965769635515,38,0.25496380187800155,5.805090206185567,-0.250865345,0.03515,0.20117661461770675,3.6665194334554814,2328,2017-08-17 04:00:00+00:00
carry_BTCUSDT_4h_n7_giris0.0001_cikis5e-05_son_negFalse,carry,BTCUSDT,4h,"{""n"": 7, ""giris"": 0.0001, ""cikis"": 5e-05, ""son_neg"": false}",0.26586540123630087,0.03768687418947825,5.3115634930584665,-0.011093042484927262,22,0.2846390939717583,3.2947809278350513,-0.25598794999999996,0.019950000000000002,0.24082659598787481,4.378786553081963,2328,2017-08-17 04:00:00+00:00
carry_BTCUSDT_4h_n7_giris0.0001_cikis5e-05_son_negTrue,carry,BTCUSDT,4h,"{""n"": 7, ""giris"": 0.0001, ""cikis"": 5e-05, ""son_neg"": true}",0.24420996204866996,0.0348809951589113,5.225642908810146,-0.012796965769635515,38,0.25496380187800155,5.805090206185567,-0.250865345,0.03515,0.20117661461770675,3.6665194334554814,2328,2017-08-17 04:00:00+00:00
carry_BTCUSDT_4h_n7_giris0.0002_cikis0.0_son_negFalse,carry,BTCUSDT,4h,"{""n"": 7, ""giris"": 0.0002, ""cikis"": 0.0, ""son_neg"": false}",0.2460913486953651,0.03512639121188044,5.012113672111773,-0.009570826689482392,10,0.2287291233603326,1.4120489690721651,-0.22799595500000003,0.008550000000000002,0.23546832056571754,4.5611944464467085,2328,2017-08-17 04:00:00+00:00
carry_BTCUSDT_4h_n7_giris0.0002_cikis0.0_son_negTrue,carry,BTCUSDT,4h,"{""n"": 7, ""giris"": 0.0002, ""cikis"": 0.0, ""son_neg"": true}",0.21740471075857815,0.03135026181282363,5.053412315552301,-0.009570826689482503,18,0.15963013404057058,2.6672036082474224,-0.20870241500000003,0.01615,0.1978747720187235,4.256380811276376,2328,2017-08-17 04:00:00+00:00
carry_BTCUSDT_4h_n7_giris0.0002_cikis0.0001_son_negFalse,carry,BTCUSDT,4h,"{""n"": 7, ""giris"": 0.0002, ""cikis"": 0.0001, ""son_neg"": false}",0.21595103659386616,0.03115691971640344,4.567679569321801,-0.009570826689482503,16,0.15776646835352304,2.353414948453608,-0.20641005500000004,0.01425,0.1987228648375572,3.9104422774313368,2328,2017-08-17 04:00:00+00:00
carry_BTCUSDT_4h_n7_giris0.0002_cikis0.0001_son_negTrue,carry,BTCUSDT,4h,"{""n"": 7, ""giris"": 0.0002, ""cikis"": 0.0001, ""son_neg"": true}",0.21666112314894304,0.03125138723656917,5.055111921320683,-0.009570826689482503,18,0.15618952046448284,2.6672036082474224,-0.20797447,0.01615,0.19714311324454403,4.264046340252113,2328,2017-08-17 04:00:00+00:00
carry_BTCUSDT_4h_n7_giris0.0003_cikis0.0001_son_negFalse,carry,BTCUSDT,4h,"{""n"": 7, ""giris"": 0.0003, ""cikis"": 0.0001, ""son_neg"": false}",0.1964555495097129,0.02854495919167932,4.33084568045127,-0.0104591583551491,12,0.13568919790696007,1.7258376288659794,-0.187876035,0.010450000000000001,0.18400039161857218,3.812675094558862,2328,2017-08-17 04:00:00+00:00
carry_BTCUSDT_4h_n7_giris0.0003_cikis0.0001_son_negTrue,carry,BTCUSDT,4h,"{""n"": 7, ""giris"": 0.0003, ""cikis"": 0.0001, ""son_neg"": true}",0.19875988437489278,0.028855550587514767,4.878943534786724,-0.010459158355149212,12,0.13353881442190524,1.7258376288659794,-0.189295455,0.010450000000000001,0.1862807382506788,4.327799542182612,2328,2017-08-17 04:00:00+00:00
carry_BTCUSDT_4h_n14_giris0.0_cikis0.0_son_negFalse,carry,BTCUSDT,4h,"{""n"": 14, ""giris"": 0.0, ""cikis"": 0.0, ""son_neg"": false}",0.32611547214454406,0.045285850689086526,6.279591236501984,-0.01031130782451184,20,0.5732205576661171,2.980992268041237,-0.30149596000000006,0.018050000000000004,0.30236064494675574,5.357991765563017,2328,2017-08-17 04:00:00+00:00
carry_BTCUSDT_4h_n14_giris0.0_cikis0.0_son_negTrue,carry,BTCUSDT,4h,"{""n"": 14, ""giris"": 0.0, ""cikis"": 0.0, ""son_neg"": true}",-0.1334682702450133,-0.02222858127969274,-1.7433685171034838,-0.2636960470468348,476,0.5122930255895635,74.52480670103093,-0.30546132000000004,0.45125000000000004,-0.44852037234638875,-4.155457526240526,2328,2017-08-17 04:00:00+00:00
carry_BTCUSDT_4h_n14_giris0.0001_cikis0.0_son_negFalse,carry,BTCUSDT,4h,"{""n"": 14, ""giris"": 0.0001, ""cikis"": 0.0, ""son_neg"": false}",0.3143206341133784,0.043821485731298404,6.293831185121492,-0.009570826689482392,8,0.4592502329582109,1.0982603092783505,-0.281228445,0.0066500000000000005,0.30559741643828287,5.927297597231873,2328,2017-08-17 04:00:00+00:00
carry_BTCUSDT_4h_n14_giris0.0001_cikis0.0_son_negTrue,carry,BTCUSDT,4h,"{""n"": 14, ""giris"": 0.0001, ""cikis"": 0.0, ""son_neg"": true}",0.22971555291299062,0.03297987531157598,4.82508831813831,-0.012431055197455576,42,0.23575370941151172,6.432667525773195,-0.24394593,0.038950000000000005,0.18267431835173675,3.1177361384356335,2328,2017-08-17 04:00:00+00:00
carry_BTCUSDT_4h_n14_giris0.0001_cikis5e-05_son_negFalse,carry,BTCUSDT,4h,"{""n"": 14, ""giris"": 0.0001, ""cikis"": 5e-05, ""son_neg"": false}",0.2596616375670502,0.03688721954828167,5.3427429910283815,-0.009570826689482614,18,0.26915633287936347,2.6672036082474224,-0.24701169,0.01615,0.23945371520194225,4.5904339983090425,2328,2017-08-17 04:00:00+00:00
carry_BTCUSDT_4h_n14_giris0.0001_cikis5e-05_son_negTrue,carry,BTCUSDT,4h,"{""n"": 14, ""giris"": 0.0001, ""cikis"": 5e-05, ""son_neg"": true}",0.22637189449771067,0.032538633287276575,4.74907041641566,-0.012431055197455576,44,0.23360332592645688,6.74645618556701,-0.24314310000000003,0.040850000000000004,0.17721654459698288,3.0099069533305407,2328,2017-08-17 04:00:00+00:00
carry_BTCUSDT_4h_n14_giris0.0002_cikis0.0_son_negFalse,carry,BTCUSDT,4h,"{""n"": 14, ""giris"": 0.0002, ""cikis"": 0.0, ""son_neg"": false}",0.24528555573269384,0.035021326995823276,5.22605610054849,-0.009570826689482503,8,0.2674360260913196,1.0982603092783505,-0.22478177000000005,0.0066500000000000005,0.23702066060160432,4.901073379248243,2328,2017-08-17 04:00:00+00:00
carry_BTCUSDT_4h_n14_giris0.0002_cikis0.0_son_negTrue,carry,BTCUSDT,4h,"{""n"": 14, ""giris"": 0.0002, ""cikis"": 0.0, ""son_neg"": true}",0.19954678199098752,0.028961497847243223,4.677641054494399,-0.01062210094690974,22,0.14945165221131101,3.2947809278350513,-0.19784117,0.019950000000000002,0.17581180736144564,3.6611403957879354,2328,2017-08-17 04:00:00+00:00
carry_BTCUSDT_4h_n14_giris0.0002_cikis0.0001_son_negFalse,carry,BTCUSDT,4h,"{""n"": 14, ""giris"": 0.0002, ""cikis"": 0.0001, ""son_neg"": false}",0.21139189795164115,0.030549276892847477,4.655247699383319,-0.009570826689482503,12,0.1579098272525267,1.7258376288659794,-0.20010512500000002,0.010450000000000001,0.19878201534685713,4.187246490690094,2328,2017-08-17 04:00:00+00:00
carry_BTCUSDT_4h_n14_giris0.0002_cikis0.0001_son_negTrue,carry,BTCUSDT,4h,"{""n"": 14, ""giris"": 0.0002, ""cikis"": 0.0001, ""son_neg"": true}",0.19958552388278683,0.028966712510672288,4.6847506185947125,-0.01062210094690974,22,0.14902157551430004,3.2947809278350513,-0.19779127500000004,0.019950000000000002,0.1758497826822063,3.668582989808588,2328,2017-08-17 04:00:00+00:00
carry_BTCUSDT_4h_n14_giris0.0003_cikis0.0001_son_negFalse,carry,BTCUSDT,4h,"{""n"": 14, ""giris"": 0.0003, ""cikis"": 0.0001, ""son_neg"": false}",0.192052369022764,0.027950068212979184,4.376919853945035,-0.009570826689482503,8,0.14020500322557522,1.2551546391752577,-0.182708965,0.007600000000000001,0.18301446432426638,4.010125165346281,2328,2017-08-17 04:00:00+00:00
carry_BTCUSDT_4h_n14_giris0.0003_cikis0.0001_son_negTrue,carry,BTCUSDT,4h,"{""n"": 14, ""giris"": 0.0003, ""cikis"": 0.0001, ""son_neg"": true}",0.18366334872961132,0.026811525281347226,4.609813938981165,-0.009570826689482392,12,0.12715934341624258,1.8827319587628861,-0.17735099000000001,0.0114,0.1702277280513229,4.009616280846689,2328,2017-08-17 04:00:00+00:00
carry_ETHUSDT_4h_n0_giris0.0_cikis0.0_son_negFalse,carry,ETHUSDT,4h,"{""n"": 0, ""giris"": 0.0, ""cikis"": 0.0, ""son_neg"": false}",0.43654823515291863,0.058488597725729674,6.401538473075388,-0.012534324396564545,2,0.6282703748835209,0.15689432989690721,-0.370319875,0.0009500000000000001,0.4351821113732104,6.364297862649741,2328,2017-08-17 04:00:00+00:00
carry_ETHUSDT_4h_n1_giris0.0_cikis0.0_son_negFalse,carry,ETHUSDT,4h,"{""n"": 1, ""giris"": 0.0, ""cikis"": 0.0, ""son_neg"": false}",0.17051252945106343,0.025012952758463713,2.1675487164112575,-0.13829064923984402,236,0.5575944376747186,36.87016752577319,-0.38162269,0.22325000000000003,-0.0639885484590369,-0.6123372056698653,2328,2017-08-17 04:00:00+00:00
carry_ETHUSDT_4h_n1_giris0.0_cikis0.0_son_negTrue,carry,ETHUSDT,4h,"{""n"": 1, ""giris"": 0.0, ""cikis"": 0.0, ""son_neg"": true}",-0.04694460866808903,-0.0075165219093425995,-0.5397643488005531,-0.26761919642759413,452,0.5299261701670132,70.75934278350515,-0.38002857999999995,0.42845000000000005,-0.37944665566747826,-3.3360352475120143,2328,2017-08-17 04:00:00+00:00
carry_ETHUSDT_4h_n1_giris0.0001_cikis0.0_son_negFalse,carry,ETHUSDT,4h,"{""n"": 1, ""giris"": 0.0001, ""cikis"": 0.0, ""son_neg"": false}",0.3711236239566287,0.05077473812707667,5.733720754754776,-0.014287178158521652,18,0.30026521396315675,2.6672036082474224,-0.33113346999999993,0.01615,0.3491278940631901,5.1406627214915535,2328,2017-08-17 04:00:00+00:00
carry_ETHUSDT_4h_n1_giris0.0001_cikis0.0_son_negTrue,carry,ETHUSDT,4h,"{""n"": 1, ""giris"": 0.0001, ""cikis"": 0.0, ""son_neg"": true}",0.36222417003788654,0.049701596132332604,5.623344442026993,-0.01434458875266631,22,0.28392229947674,3.2947809278350513,-0.32733455,0.019950000000000002,0.3352800035400745,4.922174106852476,2328,2017-08-17 04:00:00+00:00
carry_ETHUSDT_4h_n1_giris0.0001_cikis5e-05_son_negFalse,carry,ETHUSDT,4h,"{""n"": 1, ""giris"": 0.0001, ""cikis"": 5e-05, ""son_neg"": false}",0.3620446222976219,0.04967988458439021,5.613941196068073,-0.006145917425108616,22,0.2811984803956706,3.2947809278350513,-0.32680035999999996,0.019950000000000002,0.33510400717139643,4.910516301282046,2328,2017-08-17 04:00:00+00:00
carry_ETHUSDT_4h_n1_giris0.0001_cikis5e-05_son_negTrue,carry,ETHUSDT,4h,"{""n"": 1, ""giris"": 0.0001, ""cikis"": 5e-05, ""son_neg"": true}",0.36184862178245947,0.04965618075377365,5.619430024630994,-0.006145917425108616,22,0.27947817360762667,3.2947809278350513,-0.3264873,0.019950000000000002,0.33491188345611955,4.918809873141877,2328,2017-08-17 04:00:00+00:00
carry_ETHUSDT_4h_n1_giris0.0002_cikis0.0_son_negFalse,carry,ETHUSDT,4h,"{""n"": 1, ""giris"": 0.0002, ""cikis"": 0.0, ""son_neg"": false}",0.3599755941364702,0.04942951610718094,5.589284747303418,-0.014644842344478826,16,0.2776145079205792,2.353414948453608,-0.321891075,0.014250000000000002,0.34070550761856966,5.050912861937282,2328,2017-08-17 04:00:00+00:00
carry_ETHUSDT_4h_n1_giris0.0002_cikis0.0_son_negTrue,carry,ETHUSDT,4h,"{""n"": 1, ""giris"": 0.0002, ""cikis"": 0.0, ""son_neg"": true}",0.350882978021535,0.048325417728336095,5.48397067617355,-0.014702232107288604,18,0.25539387857501256,2.6672036082474224,-0.31629928,0.01615,0.3292109291528649,4.892220310128933,2328,2017-08-17 04:00:00+00:00
carry_ETHUSDT_4h_n1_giris0.0002_cikis0.0001_son_negFalse,carry,ETHUSDT,4h,"{""n"": 1, ""giris"": 0.0002, ""cikis"": 0.0001, ""son_neg"": false}",0.3462603850891135,0.04776170115840883,5.4245971503180614,-0.007513270522949034,18,0.24220485986667623,2.6672036082474224,-0.312616075,0.01615,0.32466249590826934,4.835374767422822,2328,2017-08-17 04:00:00+00:00
carry_ETHUSDT_4h_n1_giris0.0002_cikis0.0001_son_negTrue,carry,ETHUSDT,4h,"{""n"": 1, ""giris"": 0.0002, ""cikis"": 0.0001, ""son_neg"": true}",0.3462603850891135,0.04776170115840883,5.4245971503180614,-0.007513270522949034,18,0.24220485986667623,2.6672036082474224,-0.312616075,0.01615,0.32466249590826934,4.835374767422822,2328,2017-08-17 04:00:00+00:00
carry_ETHUSDT_4h_n1_giris0.0003_cikis0.0001_son_negFalse,carry,ETHUSDT,4h,"{""n"": 1, ""giris"": 0.0003, ""cikis"": 0.0001, ""son_neg"": false}",0.3299403657540836,0.045758365150854186,5.238360381254387,-0.00607506627921639,16,0.2125295677729195,2.353414948453608,-0.29870799,0.014250000000000002,0.3110963733266543,4.710204748557861,2328,2017-08-17 04:00:00+00:00
carry_ETHUSDT_4h_n1_giris0.0003_cikis0.0001_son_negTrue,carry,ETHUSDT,4h,"{""n"": 1, ""giris"": 0.0003, ""cikis"": 0.0001, ""son_neg"": true}",0.3299403657540836,0.045758365150854186,5.238360381254387,-0.00607506627921639,16,0.2125295677729195,2.353414948453608,-0.29870799,0.014250000000000002,0.3110963733266543,4.710204748557861,2328,2017-08-17 04:00:00+00:00
carry_ETHUSDT_4h_n3_giris0.0_cikis0.0_son_negFalse,carry,ETHUSDT,4h,"{""n"": 3, ""giris"": 0.0, ""cikis"": 0.0, ""son_neg"": false}",0.33824904321621396,0.04678085653633124,4.653878181661173,-0.045522422888177094,90,0.5651924593219124,13.963595360824742,-0.38011215,0.08455000000000001,0.2296022194796279,2.5980696133258308,2328,2017-08-17 04:00:00+00:00
carry_ETHUSDT_4h_n3_giris0.0_cikis0.0_son_negTrue,carry,ETHUSDT,4h,"{""n"": 3, ""giris"": 0.0, ""cikis"": 0.0, ""son_neg"": true}",-0.019971341815755883,-0.003160550395953421,-0.22425876299384956,-0.2466610169798772,420,0.5246218909038779,65.73872422680412,-0.379063265,0.39805000000000007,-0.34215880553614664,-2.9580852395400132,2328,2017-08-17 04:00:00+00:00
carry_ETHUSDT_4h_n3_giris0.0001_cikis0.0_son_negFalse,carry,ETHUSDT,4h,"{""n"": 3, ""giris"": 0.0001, ""cikis"": 0.0, ""son_neg"": false}",0.3876138345559277,0.052747785347896814,5.954199421492873,-0.012534324396564434,16,0.35918572145365923,2.353414948453608,-0.34227801999999996,0.014250000000000002,0.3679541766919687,5.406175743970192,2328,2017-08-17 04:00:00+00:00
carry_ETHUSDT_4h_n3_giris0.0001_cikis0.0_son_negTrue,carry,ETHUSDT,4h,"{""n"": 3, ""giris"": 0.0001, ""cikis"": 0.0, ""son_neg"": true}",0.36162603203710764,0.04962925779746774,5.6248059828803445,-0.014344588752666754,22,0.28220199268869617,3.2947809278350513,-0.32673454999999996,0.019950000000000002,0.3346945620146855,4.927871950009397,2328,2017-08-17 04:00:00+00:00
carry_ETHUSDT_4h_n3_giris0.0001_cikis5e-05_son_negFalse,carry,ETHUSDT,4h,"{""n"": 3, ""giris"": 0.0001, ""cikis"": 5e-05, ""son_neg"": false}",0.36605178104393077,0.050163871429708795,5.675138429594887,-0.014328814355281994,22,0.29696795928607267,3.2947809278350513,-0.33021654,0.019950000000000002,0.3390327745585655,4.972457336398902,2328,2017-08-17 04:00:00+00:00
carry_ETHUSDT_4h_n3_giris0.0001_cikis5e-05_son_negTrue,carry,ETHUSDT,4h,"{""n"": 3, ""giris"": 0.0001, ""cikis"": 5e-05, ""son_neg"": true}",0.3611714642222039,0.049574264808130986,5.617381626687881,-0.01434458875266631,22,0.28091176259766326,3.2947809278350513,-0.32643603499999996,0.019950000000000002,0.33424898505276923,4.920350756238226,2328,2017-08-17 04:00:00+00:00
carry_ETHUSDT_4h_n3_giris0.0002_cikis0.0_son_negFalse,carry,ETHUSDT,4h,"{""n"": 3, ""giris"": 0.0002, ""cikis"": 0.0, ""son_neg"": false}",0.3680849580015977,0.0504089820971263,5.7323351137487935,-0.008015469845118806,12,0.2946742169020142,1.7258376288659794,-0.324322615,0.010450000000000001,0.35384314127065597,5.312954775303423,2328,2017-08-17 04:00:00+00:00
carry_ETHUSDT_4h_n3_giris0.0002_cikis0.0_son_negTrue,carry,ETHUSDT,4h,"{""n"": 3, ""giris"": 0.0002, ""cikis"": 0.0, ""son_neg"": true}",0.33606840783096126,0.04651301999323887,5.33388900221747,-0.00801546984511825,16,0.22313812629919003,2.353414948453608,-0.302372485,0.014250000000000002,0.3171382369966351,4.811044777453585,2328,2017-08-17 04:00:00+00:00
carry_ETHUSDT_4h_n3_giris0.0002_cikis0.0001_son_negFalse,carry,ETHUSDT,4h,"{""n"": 3, ""giris"": 0.0002, ""cikis"": 0.0001, ""son_neg"": false}",0.3319701819325851,0.0460086566408735,5.279866232676904,-0.008015469845118584,16,0.21367643896494876,2.353414948453608,-0.29962645499999996,0.014250000000000002,0.31309807707446025,4.759349952294253,2328,2017-08-17 04:00:00+00:00
carry_ETHUSDT_4h_n3_giris0.0002_cikis0.0001_son_negTrue,carry,ETHUSDT,4h,"{""n"": 3, ""giris"": 0.0002, ""cikis"": 0.0001, ""son_neg"": true}",0.3319701819325851,0.0460086566408735,5.279866232676904,-0.008015469845118584,16,0.21367643896494876,2.353414948453608,-0.29962645499999996,0.014250000000000002,0.31309807707446025,4.759349952294253,2328,2017-08-17 04:00:00+00:00
carry_ETHUSDT_4h_n3_giris0.0003_cikis0.0001_son_negFalse,carry,ETHUSDT,4h,"{""n"": 3, ""giris"": 0.0003, ""cikis"": 0.0001, ""son_neg"": false}",0.3041129207327511,0.04254519642242549,4.961605494609053,-0.006075066279216168,12,0.1702386925668411,1.7258376288659794,-0.275963655,0.010450000000000001,0.29053611002510116,4.5706896302230255,2328,2017-08-17 04:00:00+00:00
carry_ETHUSDT_4h_n3_giris0.0003_cikis0.0001_son_negTrue,carry,ETHUSDT,4h,"{""n"": 3, ""giris"": 0.0003, ""cikis"": 0.0001, ""son_neg"": true}",0.3041129207327511,0.04254519642242549,4.961605494609053,-0.006075066279216168,12,0.1702386925668411,1.7258376288659794,-0.275963655,0.010450000000000001,0.29053611002510116,4.5706896302230255,2328,2017-08-17 04:00:00+00:00
carry_ETHUSDT_4h_n7_giris0.0_cikis0.0_son_negFalse,carry,ETHUSDT,4h,"{""n"": 7, ""giris"": 0.0, ""cikis"": 0.0, ""son_neg"": false}",0.40609631531156776,0.05493584903083981,5.922667610881619,-0.012534324396564434,36,0.5656225360189234,5.491301546391752,-0.378404875,0.03325,0.36004868802619594,4.853647558511481,2328,2017-08-17 04:00:00+00:00
carry_ETHUSDT_4h_n7_giris0.0_cikis0.0_son_negTrue,carry,ETHUSDT,4h,"{""n"": 7, ""giris"": 0.0, ""cikis"": 0.0, ""son_neg"": true}",-0.018355408217239022,-0.0029028128273312914,-0.204743492773662,-0.24016417021283165,418,0.5198910472367573,65.42493556701031,-0.37775795500000003,0.39615000000000006,-0.3398189504156517,-2.9148239941624894,2328,2017-08-17 04:00:00+00:00
carry_ETHUSDT_4h_n7_giris0.0001_cikis0.0_son_negFalse,carry,ETHUSDT,4h,"{""n"": 7, ""giris"": 0.0001, ""cikis"": 0.0, ""son_neg"": false}",0.4069665194994876,0.05503826986652216,6.151392559230262,-0.012534324396564656,12,0.4199698946312092,1.7258376288659794,-0.35587535499999995,0.010450000000000001,0.3923190467315867,5.775946810357162,2328,2017-08-17 04:00:00+00:00
carry_ETHUSDT_4h_n7_giris0.0001_cikis0.0_son_negTrue,carry,ETHUSDT,4h,"{""n"": 7, ""giris"": 0.0001, ""cikis"": 0.0, ""son_neg"": true}",0.35424242011698315,0.04873407587823708,5.447982856265521,-0.014287790229221109,26,0.2847824528707619,3.92235824742268,-0.327480635,0.023750000000000004,0.3224122315610576,4.6276609540677605,2328,2017-08-17 04:00:00+00:00
carry_ETHUSDT_4h_n7_giris0.0001_cikis5e-05_son_negFalse,carry,ETHUSDT,4h,"{""n"": 7, ""giris"": 0.0001, ""cikis"": 5e-05, ""son_neg"": false}",0.3771449086378069,0.051497489730228274,5.736449726911869,-0.014267954728491516,18,0.3310873772489427,2.6672036082474224,-0.33910316,0.01615,0.3550505532286985,5.195792591640194,2328,2017-08-17 04:00:00+00:00
carry_ETHUSDT_4h_n7_giris0.0001_cikis5e-05_son_negTrue,carry,ETHUSDT,4h,"{""n"": 7, ""giris"": 0.0001, ""cikis"": 5e-05, ""son_neg"": true}",0.35424242011698315,0.04873407587823708,5.447982856265521,-0.014287790229221109,26,0.2847824528707619,3.92235824742268,-0.327480635,0.023750000000000004,0.3224122315610576,4.6276609540677605,2328,2017-08-17 04:00:00+00:00
carry_ETHUSDT_4h_n7_giris0.0002_cikis0.0_son_negFalse,carry,ETHUSDT,4h,"{""n"": 7, ""giris"": 0.0002, ""cikis"": 0.0, ""son_neg"": false}",0.3611449570869263,0.04957105753360813,5.627657136413919,-0.0069797806661872075,8,0.28177191599168516,1.0982603092783505,-0.31759780499999996,0.0066500000000000005,0.3521111505436043,5.402122498633146,2328,2017-08-17 04:00:00+00:00
carry_ETHUSDT_4h_n7_giris0.0002_cikis0.0_son_negTrue,carry,ETHUSDT,4h,"{""n"": 7, ""giris"": 0.0002, ""cikis"": 0.0, ""son_neg"": true}",0.3226076843337995,0.044851499257577254,5.170180827333561,-0.006075066279216279,14,0.20435811052971115,2.0396262886597936,-0.291223255,0.012350000000000002,0.3063512677999487,4.706190130558013,2328,2017-08-17 04:00:00+00:00
carry_ETHUSDT_4h_n7_giris0.0002_cikis0.0001_son_negFalse,carry,ETHUSDT,4h,"{""n"": 7, ""giris"": 0.0002, ""cikis"": 0.0001, ""son_neg"": false}",0.3208836454413404,0.04463766425855553,5.158146636923595,-0.00607506627921639,14,0.19934054906458318,2.0396262886597936,-0.28971132999999993,0.012350000000000002,0.30464841938950915,4.717301473062151,2328,2017-08-17 04:00:00+00:00
carry_ETHUSDT_4h_n7_giris0.0002_cikis0.0001_son_negTrue,carry,ETHUSDT,4h,"{""n"": 7, ""giris"": 0.0002, ""cikis"": 0.0001, ""son_neg"": true}",0.3199619775281022,0.04452325193619133,5.131941932486363,-0.006075066279216168,14,0.19876711346856857,2.0396262886597936,-0.28957953999999997,0.012350000000000002,0.30373807986766543,4.668353596926813,2328,2017-08-17 04:00:00+00:00
carry_ETHUSDT_4h_n7_giris0.0003_cikis0.0001_son_negFalse,carry,ETHUSDT,4h,"{""n"": 7, ""giris"": 0.0003, ""cikis"": 0.0001, ""son_neg"": false}",0.2870263298288309,0.04038985550290919,4.787278931253973,-0.006075066279216168,12,0.15934341624256326,1.7258376288659794,-0.26207019500000006,0.010450000000000001,0.273627938013427,4.42975013534176,2328,2017-08-17 04:00:00+00:00
carry_ETHUSDT_4h_n7_giris0.0003_cikis0.0001_son_negTrue,carry,ETHUSDT,4h,"{""n"": 7, ""giris"": 0.0003, ""cikis"": 0.0001, ""son_neg"": true}",0.286313953889926,0.04029947209519813,4.766109446443401,-0.006075066279216168,12,0.1592000573435596,1.7258376288659794,-0.262011055,0.010450000000000001,0.27292297815586575,4.386429069505199,2328,2017-08-17 04:00:00+00:00
carry_ETHUSDT_4h_n14_giris0.0_cikis0.0_son_negFalse,carry,ETHUSDT,4h,"{""n"": 14, ""giris"": 0.0, ""cikis"": 0.0, ""son_neg"": false}",0.4219988153436347,0.056799157304140424,6.206951852004712,-0.012534324396564545,22,0.5737939932621318,3.2947809278350513,-0.3768857950000001,0.019950000000000002,0.39387161197587384,5.488180599077904,2328,2017-08-17 04:00:00+00:00
carry_ETHUSDT_4h_n14_giris0.0_cikis0.0_son_negTrue,carry,ETHUSDT,4h,"{""n"": 14, ""giris"": 0.0, ""cikis"": 0.0, ""son_neg"": true}",-0.04030788926280038,-0.006435195642980007,-0.45175013285473026,-0.2561245941329834,440,0.5208945595297828,68.87661082474227,-0.37719260499999996,0.4170500000000001,-0.36795100543239834,-3.1221353884123633,2328,2017-08-17 04:00:00+00:00
carry_ETHUSDT_4h_n14_giris0.0001_cikis0.0_son_negFalse,carry,ETHUSDT,4h,"{""n"": 14, ""giris"": 0.0001, ""cikis"": 0.0, ""son_neg"": false}",0.4109148460067127,0.05550230811126022,6.221061560520974,-0.012534324396564545,8,0.4269944806823884,1.0982603092783505,-0.35444690999999995,0.0066500000000000005,0.40154983107223585,5.971395691853705,2328,2017-08-17 04:00:00+00:00
carry_ETHUSDT_4h_n14_giris0.0001_cikis0.0_son_negTrue,carry,ETHUSDT,4h,"{""n"": 14, ""giris"": 0.0001, ""cikis"": 0.0, ""son_neg"": true}",0.3483959594572086,0.04802233293634961,5.328457540769408,-0.009109459538380604,28,0.27833130241559745,4.2361469072164954,-0.324525215,0.025650000000000006,0.31420160767431304,4.425864601300648,2328,2017-08-17 04:00:00+00:00
carry_ETHUSDT_4h_n14_giris0.0001_cikis5e-05_son_negFalse,carry,ETHUSDT,4h,"{""n"": 14, ""giris"": 0.0001, ""cikis"": 5e-05, ""son_neg"": false}",0.3752831333242168,0.05127430065247762,5.749669651450874,-0.006458487007995339,14,0.3170382051465845,2.0396262886597936,-0.33278953,0.012350000000000002,0.35837911734894523,5.3237134107844195,2328,2017-08-17 04:00:00+00:00
carry_ETHUSDT_4h_n14_giris0.0001_cikis5e-05_son_negTrue,carry,ETHUSDT,4h,"{""n"": 14, ""giris"": 0.0001, ""cikis"": 5e-05, ""son_neg"": true}",0.3440778184338975,0.047494973900509274,5.2635687204049315,-0.010156333410401008,30,0.27503404773851337,4.549935567010309,-0.32343879,0.027550000000000005,0.30750280362943916,4.318956844351146,2328,2017-08-17 04:00:00+00:00
carry_ETHUSDT_4h_n14_giris0.0002_cikis0.0_son_negFalse,carry,ETHUSDT,4h,"{""n"": 14, ""giris"": 0.0002, ""cikis"": 0.0, ""son_neg"": false}",0.3595292718731118,0.049375465542192076,5.603943518382055,-0.006075066279216279,6,0.29682460038706904,0.7844716494845361,-0.31493977,0.004750000000000001,0.35307718794988463,5.43937719322378,2328,2017-08-17 04:00:00+00:00
carry_ETHUSDT_4h_n14_giris0.0002_cikis0.0_son_negTrue,carry,ETHUSDT,4h,"{""n"": 14, ""giris"": 0.0002, ""cikis"": 0.0, ""son_neg"": true}",0.3024296075031623,0.0423339202614712,4.922143757023915,-0.006143333761965963,16,0.18772847824528707,2.353414948453608,-0.27712585,0.01425,0.2839752222120109,4.419559936313303,2328,2017-08-17 04:00:00+00:00
carry_ETHUSDT_4h_n14_giris0.0002_cikis0.0001_son_negFalse,carry,ETHUSDT,4h,"{""n"": 14, ""giris"": 0.0002, ""cikis"": 0.0001, ""son_neg"": false}",0.298585540202289,0.041850578847324016,4.83098373486668,-0.007139397137155501,14,0.18199412228514086,2.0396262886597936,-0.2748866,0.01235,0.2826235641396182,4.437143503238553,2328,2017-08-17 04:00:00+00:00
carry_ETHUSDT_4h_n14_giris0.0002_cikis0.0001_son_negTrue,carry,ETHUSDT,4h,"{""n"": 14, ""giris"": 0.0002, ""cikis"": 0.0001, ""son_neg"": true}",0.29574111413084614,0.04149215217379165,4.8189743155201725,-0.006143333761965963,16,0.17611640742599097,2.353414948453608,-0.273368525,0.01425,0.2773814994384234,4.315763209182369,2328,2017-08-17 04:00:00+00:00
carry_ETHUSDT_4h_n14_giris0.0003_cikis0.0001_son_negFalse,carry,ETHUSDT,4h,"{""n"": 14, ""giris"": 0.0003, ""cikis"": 0.0001, ""son_neg"": false}",0.26740605715226495,0.03788494988147839,4.5049202622770075,-0.006129986735249338,10,0.15468425202494446,1.5689432989690721,-0.24748104999999998,0.009500000000000001,0.25540640815812266,4.211510815477861,2328,2017-08-17 04:00:00+00:00
carry_ETHUSDT_4h_n14_giris0.0003_cikis0.0001_son_negTrue,carry,ETHUSDT,4h,"{""n"": 14, ""giris"": 0.0003, ""cikis"": 0.0001, ""son_neg"": true}",0.2669419321466746,0.03782530064455503,4.5477208060053265,-0.006075066279216279,10,0.14894989606479822,1.5689432989690721,-0.24583293,0.009500000000000001,0.2549466774325897,4.205408269250924,2328,2017-08-17 04:00:00+00:00
carry_SOLUSDT_4h_n0_giris0.0_cikis0.0_son_negFalse,carry,SOLUSDT,4h,"{""n"": 0, ""giris"": 0.0, ""cikis"": 0.0, ""son_neg"": false}",-0.06523194706457613,-0.019710468860875574,-0.10489398124250297,-0.2763907281642145,2,0.9728019388716844,0.295032310177706,0.059431100000000014,0.0009500000000000001,-0.06611135045561678,-0.10731376990497599,1238,2020-08-11 04:00:00+00:00
carry_SOLUSDT_4h_n1_giris0.0_cikis0.0_son_negFalse,carry,SOLUSDT,4h,"{""n"": 1, ""giris"": 0.0, ""cikis"": 0.0, ""son_neg"": false}",-0.024218808055810226,-0.0072091163477482345,-0.14287481078579917,-0.1874211910547846,253,0.7109196176114178,74.42578224640762,-0.23527344,0.23965000000000003,-0.23241454434764308,-1.65077861657505,1238,2020-08-11 04:00:00+00:00
carry_SOLUSDT_4h_n1_giris0.0_cikis0.0_son_negTrue,carry,SOLUSDT,4h,"{""n"": 1, ""giris"": 0.0, ""cikis"": 0.0, ""son_neg"": true}",-0.1112675638671694,-0.034212170475844794,-0.7660323520652617,-0.24909341206021318,373,0.6699878820519726,109.82965946773236,-0.23960923499999998,0.3536500000000001,-0.37631528413560333,-2.825096944146331,1238,2020-08-11 04:00:00+00:00
carry_SOLUSDT_4h_n1_giris0.0001_cikis0.0_son_negFalse,carry,SOLUSDT,4h,"{""n"": 1, ""giris"": 0.0001, ""cikis"": 0.0, ""son_neg"": false}",0.19881998071308193,0.05497270702633594,4.38084523035743,-0.009581376094252136,36,0.38252322606705264,10.32613085621971,-0.20279901000000003,0.03325,0.15955502811934785,3.19148106459521,1238,2020-08-11 04:00:00+00:00
carry_SOLUSDT_4h_n1_giris0.0001_cikis0.0_son_negTrue,carry,SOLUSDT,4h,"{""n"": 1, ""giris"": 0.0001, ""cikis"": 0.0, ""son_neg"": true}",0.18738884269033584,0.05199399679687344,4.115580107562561,-0.007650047742516097,40,0.320856334993941,11.506260096930532,-0.19656614999999997,0.03705,0.14413778262791488,2.8876412164774945,1238,2020-08-11 04:00:00+00:00
carry_SOLUSDT_4h_n1_giris0.0001_cikis5e-05_son_negFalse,carry,SOLUSDT,4h,"{""n"": 1, ""giris"": 0.0001, ""cikis"": 5e-05, ""son_neg"": false}",0.1846401809148026,0.05127474198053861,4.085839008238911,-0.009455638792236765,38,0.3248956510030968,10.91619547657512,-0.194164925,0.03515,0.14366183823201029,2.8782350750694983,1238,2020-08-11 04:00:00+00:00
carry_SOLUSDT_4h_n1_giris0.0001_cikis5e-05_son_negTrue,carry,SOLUSDT,4h,"{""n"": 1, ""giris"": 0.0001, ""cikis"": 5e-05, ""son_neg"": true}",0.18738884269033584,0.05199399679687344,4.115580107562561,-0.007650047742516097,40,0.320856334993941,11.506260096930532,-0.19656614999999997,0.03705,0.14413778262791488,2.8876412164774945,1238,2020-08-11 04:00:00+00:00
carry_SOLUSDT_4h_n1_giris0.0002_cikis0.0_son_negFalse,carry,SOLUSDT,4h,"{""n"": 1, ""giris"": 0.0002, ""cikis"": 0.0, ""son_neg"": false}",0.19074837911705744,0.052871509857432386,4.512489517864121,-0.008507317449097496,24,0.3141241416453481,6.785743134087237,-0.188772375,0.02185,0.1649701763415361,3.6129535406868456,1238,2020-08-11 04:00:00+00:00
carry_SOLUSDT_4h_n1_giris0.0002_cikis0.0_son_negTrue,carry,SOLUSDT,4h,"{""n"": 1, ""giris"": 0.0002, ""cikis"": 0.0, ""son_neg"": true}",0.18008679242231662,0.0500806432740617,4.239920442805219,-0.007718241352188682,28,0.2645751985997038,7.965872374798062,-0.18258544,0.025650000000000003,0.15015429877874364,3.2827751556670766,1238,2020-08-11 04:00:00+00:00
carry_SOLUSDT_4h_n1_giris0.0002_cikis0.0001_son_negFalse,carry,SOLUSDT,4h,"{""n"": 1, ""giris"": 0.0002, ""cikis"": 0.0001, ""son_neg"": false}",0.16462460198028506,0.04600137588129627,3.8680914513771754,-0.008507317449097607,34,0.2573044297832234,9.736066235864298,-0.178356745,0.03135,0.1286229493247648,2.7525282012278254,1238,2020-08-11 04:00:00+00:00
carry_SOLUSDT_4h_n1_giris0.0002_cikis0.0001_son_negTrue,carry,SOLUSDT,4h,"{""n"": 1, ""giris"": 0.0002, ""cikis"": 0.0001, ""son_neg"": true}",0.17109010128129065,0.047711733748288854,4.025156021707097,-0.007718241352189459,34,0.2562272788474485,9.736066235864298,-0.180584845,0.03135,0.13488858279803861,2.914031829123407,1238,2020-08-11 04:00:00+00:00
carry_SOLUSDT_4h_n1_giris0.0003_cikis0.0001_son_negFalse,carry,SOLUSDT,4h,"{""n"": 1, ""giris"": 0.0003, ""cikis"": 0.0001, ""son_neg"": false}",0.16455292227729346,0.045982376544391634,3.8947608374375178,-0.008993563836867113,28,0.23926215160899422,7.965872374798062,-0.172345065,0.025650000000000003,0.13501318102528304,2.9333572143562447,1238,2020-08-11 04:00:00+00:00
carry_SOLUSDT_4h_n1_giris0.0003_cikis0.0001_son_negTrue,carry,SOLUSDT,4h,"{""n"": 1, ""giris"": 0.0003, ""cikis"": 0.0001, ""son_neg"": true}",0.1710180236431409,0.04769270334482201,4.053216233156608,-0.007650047742515986,28,0.23818500067321932,7.965872374798062,-0.174573165,0.025650000000000003,0.1413142903407414,3.1010514118911496,1238,2020-08-11 04:00:00+00:00
carry_SOLUSDT_4h_n3_giris0.0_cikis0.0_son_negFalse,carry,SOLUSDT,4h,"{""n"": 3, ""giris"": 0.0, ""cikis"": 0.0, ""son_neg"": false}",0.0707774513910242,0.02038622837506332,0.46250028103449753,-0.10482979412509563,112,0.6977245186481755,32.748586429725364,-0.225812715,0.10545000000000002,-0.03656983337118935,-0.20914972720625635,1238,2020-08-11 04:00:00+00:00
carry_SOLUSDT_4h_n3_giris0.0_cikis0.0_son_negTrue,carry,SOLUSDT,4h,"{""n"": 3, ""giris"": 0.0, ""cikis"": 0.0, ""son_neg"": true}",-0.04497635374622899,-0.013488998123038387,-0.27094959163820886,-0.18528901115994512,321,0.63794264171267,94.64325950174305,-0.23221053000000003,0.30475,-0.29617556939068357,-2.044452444488307,1238,2020-08-11 04:00:00+00:00
carry_SOLUSDT_4h_n3_giris0.0001_cikis0.0_son_negFalse,carry,SOLUSDT,4h,"{""n"": 3, ""giris"": 0.0001, ""cikis"": 0.0, ""son_neg"": false}",0.1918277307809686,0.05315306675733922,4.403826582117127,-0.01275496675311516,32,0.42507068803016024,9.146001615508885,-0.19911460500000003,0.029450000000000004,0.15719270609532088,3.3410513293309387,1238,2020-08-11 04:00:00+00:00
carry_SOLUSDT_4h_n3_giris0.0001_cikis0.0_son_negTrue,carry,SOLUSDT,4h,"{""n"": 3, ""giris"": 0.0001, ""cikis"": 0.0, ""son_neg"": true}",0.16573534734204443,0.04629568343271839,3.6518580503232956,-0.011428743451354029,50,0.3130469907095732,14.456583198707593,-0.18925999,0.04655000000000001,0.1126424506654422,2.180880459251322,1238,2020-08-11 04:00:00+00:00
carry_SOLUSDT_4h_n3_giris0.0001_cikis5e-05_son_negFalse,carry,SOLUSDT,4h,"{""n"": 3, ""giris"": 0.0001, ""cikis"": 5e-05, ""son_neg"": false}",0.1885371452635074,0.05229413079667733,4.3938345123182225,-0.011959353669567241,34,0.3763296081863471,9.736066235864298,-0.19526838500000002,0.03135,0.15180380592220621,3.247902696816829,1238,2020-08-11 04:00:00+00:00
carry_SOLUSDT_4h_n3_giris0.0001_cikis5e-05_son_negTrue,carry,SOLUSDT,4h,"{""n"": 3, ""giris"": 0.0001, ""cikis"": 5e-05, ""son_neg"": true}",0.1650645676871889,0.04611797461589662,3.6441602244394273,-0.010829663078769092,50,0.31250841524168577,14.456583198707593,-0.18915999,0.04655000000000001,0.11200222137091731,2.1701628459005584,1238,2020-08-11 04:00:00+00:00
carry_SOLUSDT_4h_n3_giris0.0002_cikis0.0_son_negFalse,carry,SOLUSDT,4h,"{""n"": 3, ""giris"": 0.0002, ""cikis"": 0.0, ""son_neg"": false}",0.18986302485729456,0.05264042428734528,4.657408347047841,-0.007712289440737097,18,0.3114312643059109,5.015549273021003,-0.18395163,0.016150000000000005,0.17078138385043196,4.034174269548215,1238,2020-08-11 04:00:00+00:00
carry_SOLUSDT_4h_n3_giris0.0002_cikis0.0_son_negTrue,carry,SOLUSDT,4h,"{""n"": 3, ""giris"": 0.0002, ""cikis"": 0.0, ""son_neg"": true}",0.16915826287974078,0.04720139154718184,3.932395167721393,-0.009343218782400409,28,0.2594587316547731,7.96587237479806,-0.17667460999999998,0.02565,0.13951493921470437,2.9394343420019218,1238,2020-08-11 04:00:00+00:00
carry_SOLUSDT_4h_n3_giris0.0002_cikis0.0001_son_negFalse,carry,SOLUSDT,4h,"{""n"": 3, ""giris"": 0.0002, ""cikis"": 0.0001, ""son_neg"": false}",0.17550838783065847,0.04887670518515752,4.454301105055287,-0.0077122894407357645,22,0.2503029487006867,6.195678513731826,-0.17314110000000002,0.019950000000000002,0.15226343516779495,3.6641491116693587,1238,2020-08-11 04:00:00+00:00
carry_SOLUSDT_4h_n3_giris0.0002_cikis0.0001_son_negTrue,carry,SOLUSDT,4h,"{""n"": 3, ""giris"": 0.0002, ""cikis"": 0.0001, ""son_neg"": true}",0.1628722801468785,0.04553667110257553,3.8033328645298687,-0.009337467322043658,30,0.24680220815941833,8.555936995153475,-0.17342757,0.027550000000000005,0.13123425889547735,2.7644080154832515,1238,2020-08-11 04:00:00+00:00
carry_SOLUSDT_4h_n3_giris0.0003_cikis0.0001_son_negFalse,carry,SOLUSDT,4h,"{""n"": 3, ""giris"": 0.0003, ""cikis"": 0.0001, ""son_neg"": false}",0.1585413716935664,0.04438601993902047,4.165205733106539,-0.007254668278003584,18,0.19833041604954893,5.015549273021001,-0.155938375,0.01615,0.13996043018438176,3.5071090649805914,1238,2020-08-11 04:00:00+00:00
carry_SOLUSDT_4h_n3_giris0.0003_cikis0.0001_son_negTrue,carry,SOLUSDT,4h,"{""n"": 3, ""giris"": 0.0003, ""cikis"": 0.0001, ""son_neg"": true}",0.14713894849045261,0.04134201394089443,3.553571070246734,-0.009617225285506015,26,0.19429110004039316,7.37580775444265,-0.155336035,0.023750000000000004,0.12018205015193817,2.610468756503317,1238,2020-08-11 04:00:00+00:00
carry_SOLUSDT_4h_n7_giris0.0_cikis0.0_son_negFalse,carry,SOLUSDT,4h,"{""n"": 7, ""giris"": 0.0, ""cikis"": 0.0, ""son_neg"": false}",0.1922475965902366,0.053262543315678146,1.450012264361917,-0.0449908439509239,52,0.690588393698667,15.046647819063006,-0.222566685,0.04845000000000001,0.13577862028589793,1.034648881310415,1238,2020-08-11 04:00:00+00:00
carry_SOLUSDT_4h_n7_giris0.0_cikis0.0_son_negTrue,carry,SOLUSDT,4h,"{""n"": 7, ""giris"": 0.0, ""cikis"": 0.0, ""son_neg"": true}",-0.038947206099045784,-0.011655137475794275,-0.289591294045709,-0.18315924863374433,298,0.6200350074054127,87.62459612277868,-0.2303137,0.28215,-0.27550597137364563,-2.199151614301757,1238,2020-08-11 04:00:00+00:00
carry_SOLUSDT_4h_n7_giris0.0001_cikis0.0_son_negFalse,carry,SOLUSDT,4h,"{""n"": 7, ""giris"": 0.0001, ""cikis"": 0.0, ""son_neg"": false}",0.20241734993687732,0.055905961383531544,1.536026551148852,-0.043314315853027696,24,0.5012791167362327,6.785743134087238,-0.205286875,0.021850000000000005,0.17638821576460284,1.344540070926535,1238,2020-08-11 04:00:00+00:00
carry_SOLUSDT_4h_n7_giris0.0001_cikis0.0_son_negTrue,carry,SOLUSDT,4h,"{""n"": 7, ""giris"": 0.0001, ""cikis"": 0.0, ""son_neg"": true}",0.1671077634935727,0.04665905145041194,1.2835890982524631,-0.04285711078357657,56,0.3658273865625421,16.22677705977383,-0.19918538000000002,0.05225000000000001,0.10761100958893444,0.8346894022316363,1238,2020-08-11 04:00:00+00:00
carry_SOLUSDT_4h_n7_giris0.0001_cikis5e-05_son_negFalse,carry,SOLUSDT,4h,"{""n"": 7, ""giris"": 0.0001, ""cikis"": 5e-05, ""son_neg"": false}",0.1921679895761419,0.05324178852921535,1.4657174215880877,-0.043183035696298,26,0.43018715497509086,7.37580775444265,-0.20371357500000004,0.023750000000000004,0.1641436155766003,1.2573013395631019,1238,2020-08-11 04:00:00+00:00
carry_SOLUSDT_4h_n7_giris0.0001_cikis5e-05_son_negTrue,carry,SOLUSDT,4h,"{""n"": 7, ""giris"": 0.0001, ""cikis"": 5e-05, ""son_neg"": true}",0.16033145267023152,0.044861982015664825,1.23772788645345,-0.042857110783577124,56,0.36528881109465466,16.22677705977383,-0.19897573000000002,0.05225000000000001,0.10118014115749974,0.7888497035990574,1238,2020-08-11 04:00:00+00:00
carry_SOLUSDT_4h_n7_giris0.0002_cikis0.0_son_negFalse,carry,SOLUSDT,4h,"{""n"": 7, ""giris"": 0.0002, ""cikis"": 0.0, ""son_neg"": false}",0.18401366885077852,0.05111063513172387,4.311316789190607,-0.008088333763938027,10,0.2890803823885822,2.655290791599354,-0.17504675499999997,0.00855,0.17392316930047724,3.9593760574217445,1238,2020-08-11 04:00:00+00:00
carry_SOLUSDT_4h_n7_giris0.0002_cikis0.0_son_negTrue,carry,SOLUSDT,4h,"{""n"": 7, ""giris"": 0.0002, ""cikis"": 0.0, ""son_neg"": true}",0.1630702779181925,0.045589203597061756,3.7514530781236997,-0.00933746732204388,22,0.2362999865356133,6.195678513731826,-0.17048744500000002,0.019950000000000002,0.14006092828892913,2.918706198036299,1238,2020-08-11 04:00:00+00:00
carry_SOLUSDT_4h_n7_giris0.0002_cikis0.0001_son_negFalse,carry,SOLUSDT,4h,"{""n"": 7, ""giris"": 0.0002, ""cikis"": 0.0001, ""son_neg"": false}",0.17571139093030586,0.04893015687940894,4.2043952685569845,-0.008926142156122086,14,0.2389928638750505,3.8354200323101777,-0.16815203,0.012350000000000002,0.16126315274227498,3.750739347091313,1238,2020-08-11 04:00:00+00:00
carry_SOLUSDT_4h_n7_giris0.0002_cikis0.0001_son_negTrue,carry,SOLUSDT,4h,"{""n"": 7, ""giris"": 0.0002, ""cikis"": 0.0001, ""son_neg"": true}",0.15843490157215667,0.04435769442177251,3.6514003338313916,-0.009405334209029892,26,0.2319913827925138,7.375807754442649,-0.16796381,0.02375,0.13120339520865643,2.727669205101302,1238,2020-08-11 04:00:00+00:00
carry_SOLUSDT_4h_n7_giris0.0003_cikis0.0001_son_negFalse,carry,SOLUSDT,4h,"{""n"": 7, ""giris"": 0.0003, ""cikis"": 0.0001, ""son_neg"": false}",0.15497625214701838,0.043436548911800266,4.144349160738561,-0.007254668278003584,10,0.18405816615053183,2.655290791599354,-0.14972835499999998,0.00855,0.1451293135874714,3.739433684704014,1238,2020-08-11 04:00:00+00:00
carry_SOLUSDT_4h_n7_giris0.0003_cikis0.0001_son_negTrue,carry,SOLUSDT,4h,"{""n"": 7, ""giris"": 0.0003, ""cikis"": 0.0001, ""son_neg"": true}",0.13865128917359515,0.039062261677035526,3.3430900454947485,-0.009706187255221876,20,0.18190386427898209,5.605613893376413,-0.149730485,0.01805,0.1182502522653548,2.5602349202858607,1238,2020-08-11 04:00:00+00:00
carry_SOLUSDT_4h_n14_giris0.0_cikis0.0_son_negFalse,carry,SOLUSDT,4h,"{""n"": 14, ""giris"": 0.0, ""cikis"": 0.0, ""son_neg"": false}",0.22408165986927853,0.06148504500552332,1.6352923303735725,-0.04232582778902538,30,0.6792783088730309,8.555936995153473,-0.20688961,0.02755,0.19077305592243432,1.4056152275294227,1238,2020-08-11 04:00:00+00:00
carry_SOLUSDT_4h_n14_giris0.0_cikis0.0_son_negTrue,carry,SOLUSDT,4h,"{""n"": 14, ""giris"": 0.0, ""cikis"": 0.0, ""son_neg"": true}",-0.0466066726512101,-0.013986286574968365,-0.3537807904292629,-0.1866797420908054,288,0.5947219604147032,84.67427302100164,-0.21960442,0.27265000000000006,-0.27440780669011267,-2.2037822817353065,1238,2020-08-11 04:00:00+00:00
carry_SOLUSDT_4h_n14_giris0.0001_cikis0.0_son_negFalse,carry,SOLUSDT,4h,"{""n"": 14, ""giris"": 0.0001, ""cikis"": 0.0, ""son_neg"": false}",0.18634859440829077,0.05172192847489643,4.2512651365523535,-0.009533055271782498,14,0.3526322875992999,3.8354200323101777,-0.176170655,0.012350000000000002,0.17176798777941715,3.795806893838067,1238,2020-08-11 04:00:00+00:00
carry_SOLUSDT_4h_n14_giris0.0001_cikis0.0_son_negTrue,carry,SOLUSDT,4h,"{""n"": 14, ""giris"": 0.0001, ""cikis"": 0.0, ""son_neg"": true}",0.16829603737790988,0.046973421801294934,3.7343201106288104,-0.00933746732204388,36,0.3020061936178807,10.32613085621971,-0.18061700500000002,0.03325,0.1300396464009903,2.5653920735004454,1238,2020-08-11 04:00:00+00:00
carry_SOLUSDT_4h_n14_giris0.0001_cikis5e-05_son_negFalse,carry,SOLUSDT,4h,"{""n"": 14, ""giris"": 0.0001, ""cikis"": 5e-05, ""son_neg"": false}",0.18516668255354918,0.05141260507178891,4.109911099653038,-0.012339900332751563,14,0.3432072169112697,3.8354200323101777,-0.17930372,0.012350000000000002,0.17060060200234894,3.626420464008345,1238,2020-08-11 04:00:00+00:00
carry_SOLUSDT_4h_n14_giris0.0001_cikis5e-05_son_negTrue,carry,SOLUSDT,4h,"{""n"": 14, ""giris"": 0.0001, ""cikis"": 5e-05, ""son_neg"": true}",0.16881020270329783,0.04710937978541807,3.7553896699950355,-0.00933746732204388,36,0.3003904672142184,10.32613085621971,-0.180317005,0.03325,0.13053697514636364,2.58321732251101,1238,2020-08-11 04:00:00+00:00
carry_SOLUSDT_4h_n14_giris0.0002_cikis0.0_son_negFalse,carry,SOLUSDT,4h,"{""n"": 14, ""giris"": 0.0002, ""cikis"": 0.0, ""son_neg"": false}",0.16652750854016563,0.046505456910735044,4.573109966525956,-0.007254668278003473,6,0.2416857412144877,1.4751615508885298,-0.157135155,0.004750000000000001,0.16099175155373202,4.336758388982815,1238,2020-08-11 04:00:00+00:00
carry_SOLUSDT_4h_n14_giris0.0002_cikis0.0_son_negTrue,carry,SOLUSDT,4h,"{""n"": 14, ""giris"": 0.0002, ""cikis"": 0.0, ""son_neg"": true}",0.14161198928879482,0.039858850465677165,3.436394382410908,-0.009337467322043769,16,0.19456038777433687,4.425484652665589,-0.15112265000000003,0.01425,0.12543375353283004,2.741012532559246,1238,2020-08-11 04:00:00+00:00
carry_SOLUSDT_4h_n14_giris0.0002_cikis0.0001_son_negFalse,carry,SOLUSDT,4h,"{""n"": 14, ""giris"": 0.0002, ""cikis"": 0.0001, ""son_neg"": false}",0.15936126230254044,0.04460408377736824,4.423494005251872,-0.007254668278003473,6,0.19617611417799918,1.4751615508885298,-0.150962035,0.004750000000000001,0.1538595127418938,4.1924088357163365,1238,2020-08-11 04:00:00+00:00
carry_SOLUSDT_4h_n14_giris0.0002_cikis0.0001_son_negTrue,carry,SOLUSDT,4h,"{""n"": 14, ""giris"": 0.0002, ""cikis"": 0.0001, ""son_neg"": true}",0.14117417161706158,0.03974114560462727,3.4376352097706753,-0.009337467322043769,16,0.1891746330954625,4.425484652665589,-0.15012265000000002,0.01425,0.12500214034876378,2.739904520132957,1238,2020-08-11 04:00:00+00:00
carry_SOLUSDT_4h_n14_giris0.0003_cikis0.0001_son_negFalse,carry,SOLUSDT,4h,"{""n"": 14, ""giris"": 0.0003, ""cikis"": 0.0001, ""son_neg"": false}",0.15372031596944935,0.04310157297813477,4.3323819221760065,-0.007254668278003584,4,0.1868856873569409,1.180129240710824,-0.144923785,0.0038000000000000004,0.14933856810752588,4.168350050728353,1238,2020-08-11 04:00:00+00:00
carry_SOLUSDT_4h_n14_giris0.0003_cikis0.0001_son_negTrue,carry,SOLUSDT,4h,"{""n"": 14, ""giris"": 0.0003, ""cikis"": 0.0001, ""son_neg"": true}",0.13438057455859131,0.03791063198732436,3.3025296104744513,-0.009337467322043769,14,0.18015349400834793,4.130452342487883,-0.14406106000000002,0.013300000000000001,0.11936866361618415,2.64471177376783,1238,2020-08-11 04:00:00+00:00
carry_SEPET3_4h_n0_giris0.0_cikis0.0_son_negFalse,carry,SEPET3,4h,"{""n"": 0, ""giris"": 0.0, ""cikis"": 0.0, ""son_neg"": false}",0.2211781789072016,0.031851235119360055,1.0506683598937037,-0.10075407593448682,6,0.6282703748835209,0.1568943298969072,-0.203448155,0.0009500000000000001,0.22001911013108688,1.045917302420279,2328,2017-08-17 04:00:00+00:00
carry_SEPET3_4h_n1_giris0.0_cikis0.0_son_negFalse,carry,SEPET3,4h,"{""n"": 1, ""giris"": 0.0, ""cikis"": 0.0, ""son_neg"": false}",0.07874072895810702,0.011964417532525307,0.9092349173748708,-0.13755718581475473,721,0.6044011181994122,37.56380561584373,-0.30936509166666665,0.22745,-0.1408319556911507,-1.5214631717692826,2328,2017-08-17 04:00:00+00:00
carry_SEPET3_4h_n1_giris0.0_cikis0.0_son_negTrue,carry,SEPET3,4h,"{""n"": 1, ""giris"": 0.0, ""cikis"": 0.0, ""son_neg"": true}",-0.09515598850513773,-0.015568081194410333,-1.103769326372858,-0.2521368069843086,1299,0.5909253816930686,67.79211317598119,-0.3097457216666667,0.4104833333333334,-0.3999525139463235,-4.278017936676058,2328,2017-08-17 04:00:00+00:00
carry_SEPET3_4h_n1_giris0.0001_cikis0.0_son_negFalse,carry,SEPET3,4h,"{""n"": 1, ""giris"": 0.0001, ""cikis"": 0.0, ""son_neg"": false}",0.27970887951123924,0.03945943094504334,5.722490090403766,-0.011114400140989966,76,0.33868539889613647,3.8177620274914084,-0.26415648999999997,0.02311666666666667,0.25044945173927036,4.896131227030089,2328,2017-08-17 04:00:00+00:00
carry_SEPET3_4h_n1_giris0.0001_cikis0.0_son_negTrue,carry,SEPET3,4h,"{""n"": 1, ""giris"": 0.0001, ""cikis"": 0.0, ""son_neg"": true}",0.27005060672697256,0.03822447578193722,5.654379169688158,-0.007556399553783288,86,0.30284567414522257,4.340743127147766,-0.25884991,0.026283333333333336,0.2370872155288779,4.755486473860396,2328,2017-08-17 04:00:00+00:00
carry_SEPET3_4h_n1_giris0.0001_cikis5e-05_son_negFalse,carry,SEPET3,4h,"{""n"": 1, ""giris"": 0.0001, ""cikis"": 5e-05, ""son_neg"": false}",0.2697073562076422,0.038180440542644245,5.649063044956764,-0.0075563995537833994,86,0.31058705469141995,4.340743127147766,-0.2590275533333333,0.026283333333333336,0.2367518735328975,4.731783424717139,2328,2017-08-17 04:00:00+00:00
carry_SEPET3_4h_n1_giris0.0001_cikis5e-05_son_negTrue,carry,SEPET3,4h,"{""n"": 1, ""giris"": 0.0001, ""cikis"": 5e-05, ""son_neg"": true}",0.26897196833613735,0.03808606463011843,5.632399517954434,-0.0075563995537833994,88,0.29696795928607267,4.445339347079037,-0.258346295,0.02691666666666667,0.23525314691837784,4.716769966979908,2328,2017-08-17 04:00:00+00:00
carry_SEPET3_4h_n1_giris0.0002_cikis0.0_son_negFalse,carry,SEPET3,4h,"{""n"": 1, ""giris"": 0.0002, ""cikis"": 0.0, ""son_neg"": false}",0.26877874795910817,0.03806126006756405,5.5992562839370015,-0.00848888784249957,60,0.3085800301053688,2.980992268041237,-0.2525372616666667,0.018050000000000004,0.24606985970583417,4.921805235896936,2328,2017-08-17 04:00:00+00:00
carry_SEPET3_4h_n1_giris0.0002_cikis0.0_son_negTrue,carry,SEPET3,4h,"{""n"": 1, ""giris"": 0.0002, ""cikis"": 0.0, ""son_neg"": true}",0.2592853610160921,0.036838611419498735,5.535699355621526,-0.0075563995537835105,68,0.2767543545265572,3.3993771477663226,-0.24662362833333334,0.020583333333333335,0.23361600123822335,4.809667393025612,2328,2017-08-17 04:00:00+00:00
carry_SEPET3_4h_n1_giris0.0002_cikis0.0001_son_negFalse,carry,SEPET3,4h,"{""n"": 1, ""giris"": 0.0002, ""cikis"": 0.0001, ""son_neg"": false}",0.24699538859615955,0.03524419730567918,5.305923429261953,-0.0075563995537833994,78,0.2584044154540893,3.92235824742268,-0.24080492166666664,0.023750000000000004,0.21771206383357766,4.477390873450987,2328,2017-08-17 04:00:00+00:00
carry_SEPET3_4h_n1_giris0.0002_cikis0.0001_son_negTrue,carry,SEPET3,4h,"{""n"": 1, ""giris"": 0.0002, ""cikis"": 0.0001, ""son_neg"": true}",0.24929504859483553,0.03554354344424282,5.34624309727003,-0.0075563995537833994,78,0.2584044154540893,3.92235824742268,-0.24154762166666666,0.023750000000000004,0.21995753539353702,4.52466203046139,2328,2017-08-17 04:00:00+00:00
carry_SEPET3_4h_n1_giris0.0003_cikis0.0001_son_negFalse,carry,SEPET3,4h,"{""n"": 1, ""giris"": 0.0003, ""cikis"": 0.0001, ""son_neg"": false}",0.2392167594922605,0.03422819349629269,5.212269765177382,-0.0075563995537833994,64,0.23403340262346786,3.1901847079037795,-0.23010223333333332,0.01931666666666667,0.21549689414036388,4.549119761256846,2328,2017-08-17 04:00:00+00:00
carry_SEPET3_4h_n1_giris0.0003_cikis0.0001_son_negTrue,carry,SEPET3,4h,"{""n"": 1, ""giris"": 0.0003, ""cikis"": 0.0001, ""son_neg"": true}",0.24150207444815752,0.03452724585217415,5.2529618108546865,-0.007556399553783288,64,0.23403340262346786,3.1901847079037795,-0.2308449333333333,0.01931666666666667,0.21773828090827552,4.597809580256751,2328,2017-08-17 04:00:00+00:00
carry_SEPET3_4h_n3_giris0.0_cikis0.0_son_negFalse,carry,SEPET3,4h,"{""n"": 3, ""giris"": 0.0, ""cikis"": 0.0, ""son_neg"": false}",0.21397611747742862,0.03089393835917864,2.347191632272834,-0.04998764732346883,296,0.6083434879220128,15.323346219931269,-0.30446477499999997,0.09278333333333334,0.10634868309781598,1.1454404886350134,2328,2017-08-17 04:00:00+00:00
carry_SEPET3_4h_n3_giris0.0_cikis0.0_son_negTrue,carry,SEPET3,4h,"{""n"": 3, ""giris"": 0.0, ""cikis"": 0.0, ""son_neg"": true}",-0.060739310972044325,-0.009784570534024484,-0.6791534369052553,-0.22382534088473038,1203,0.58784316536449,62.7990199403147,-0.30657125999999996,0.3802500000000001,-0.3579966789157809,-3.743068257528443,2328,2017-08-17 04:00:00+00:00
carry_SEPET3_4h_n3_giris0.0001_cikis0.0_son_negFalse,carry,SEPET3,4h,"{""n"": 3, ""giris"": 0.0001, ""cikis"": 0.0, ""son_neg"": false}",0.2884925482277303,0.0405757507614819,5.9962830741453805,-0.01013586106230513,68,0.39789262418464627,3.3993771477663226,-0.271048875,0.020583333333333335,0.2622284679185012,5.245097499841548,2328,2017-08-17 04:00:00+00:00
carry_SEPET3_4h_n3_giris0.0001_cikis0.0_son_negTrue,carry,SEPET3,4h,"{""n"": 3, ""giris"": 0.0001, ""cikis"": 0.0, ""son_neg"": true}",0.2613061892585813,0.037099522336948354,5.602922481425183,-0.0075563995537835105,98,0.30169880295319335,4.968320446735395,-0.2559911816666666,0.03008333333333334,0.22390878057754193,4.574597174081248,2328,2017-08-17 04:00:00+00:00
carry_SEPET3_4h_n3_giris0.0001_cikis5e-05_son_negFalse,carry,SEPET3,4h,"{""n"": 3, ""giris"": 0.0001, ""cikis"": 5e-05, ""son_neg"": false}",0.27350924813861766,0.038667622163589765,5.733333044503603,-0.008132941277913308,78,0.32449286789477455,3.92235824742268,-0.2603928533333333,0.023750000000000004,0.24360434251357455,4.913106991568452,2328,2017-08-17 04:00:00+00:00
carry_SEPET3_4h_n3_giris0.0001_cikis5e-05_son_negTrue,carry,SEPET3,4h,"{""n"": 3, ""giris"": 0.0001, ""cikis"": 5e-05, ""son_neg"": true}",0.2609057720871486,0.03704785213435069,5.596672852956478,-0.007556399553783288,98,0.30026521396315675,4.968320446735395,-0.255861495,0.03008333333333334,0.22352028329576212,4.572964931801264,2328,2017-08-17 04:00:00+00:00
carry_SEPET3_4h_n3_giris0.0002_cikis0.0_son_negFalse,carry,SEPET3,4h,"{""n"": 3, ""giris"": 0.0002, ""cikis"": 0.0, ""son_neg"": false}",0.26697870133823254,0.037830026884310586,5.684411935217171,-0.0075563995537835105,44,0.3070030822163286,2.144222508591065,-0.24699746666666667,0.012983333333333336,0.2506288599672777,5.2182900977399465,2328,2017-08-17 04:00:00+00:00
carry_SEPET3_4h_n3_giris0.0002_cikis0.0_son_negTrue,carry,SEPET3,4h,"{""n"": 3, ""giris"": 0.0002, ""cikis"": 0.0, ""son_neg"": true}",0.24485371365348585,0.03496499719199009,5.380438249905017,-0.0075563995537833994,64,0.24507203784674933,3.1901847079037795,-0.23460667333333335,0.01931666666666667,0.22102845033830176,4.698906562483337,2328,2017-08-17 04:00:00+00:00
carry_SEPET3_4h_n3_giris0.0002_cikis0.0001_son_negFalse,carry,SEPET3,4h,"{""n"": 3, ""giris"": 0.0002, ""cikis"": 0.0001, ""son_neg"": false}",0.24443149582929702,0.034909906852961026,5.442427578095339,-0.0075563995537833994,58,0.2341767615224715,2.8763960481099655,-0.23129654666666666,0.01741666666666667,0.22293715032230654,4.861976204718638,2328,2017-08-17 04:00:00+00:00
carry_SEPET3_4h_n3_giris0.0002_cikis0.0001_son_negTrue,carry,SEPET3,4h,"{""n"": 3, ""giris"": 0.0002, ""cikis"": 0.0001, ""son_neg"": true}",0.23914002199233186,0.03421814369408138,5.271075266328394,-0.0075563995537835105,68,0.23403340262346786,3.3993771477663226,-0.23137536999999997,0.020583333333333335,0.21388449701478285,4.542229815346117,2328,2017-08-17 04:00:00+00:00
carry_SEPET3_4h_n3_giris0.0003_cikis0.0001_son_negFalse,carry,SEPET3,4h,"{""n"": 3, ""giris"": 0.0003, ""cikis"": 0.0001, ""son_neg"": false}",0.2249927151470521,0.03235633596793175,5.117378826593378,-0.0075563995537833994,46,0.19633001218550641,2.2488187285223367,-0.21271299999999999,0.01361666666666667,0.20841844211278593,4.657842948275736,2328,2017-08-17 04:00:00+00:00
carry_SEPET3_4h_n3_giris0.0003_cikis0.0001_son_negTrue,carry,SEPET3,4h,"{""n"": 3, ""giris"": 0.0003, ""cikis"": 0.0001, ""son_neg"": true}",0.2207521657831637,0.031794742157665645,4.975050727400135,-0.0075563995537833994,54,0.19589993548849544,2.6672036082474224,-0.21246222000000003,0.016150000000000005,0.2011866244522882,4.403304993600633,2328,2017-08-17 04:00:00+00:00
carry_SEPET3_4h_n7_giris0.0_cikis0.0_son_negFalse,carry,SEPET3,4h,"{""n"": 7, ""giris"": 0.0, ""cikis"": 0.0, ""son_neg"": false}",0.294632959851691,0.04135233386293957,3.7384974771119315,-0.01565567142089963,138,0.6084868468210164,7.060244845360824,-0.30182128499999994,0.04275000000000001,0.24042465624323794,2.991411279830737,2328,2017-08-17 04:00:00+00:00
carry_SEPET3_4h_n7_giris0.0_cikis0.0_son_negTrue,carry,SEPET3,4h,"{""n"": 7, ""giris"": 0.0, ""cikis"": 0.0, ""son_neg"": true}",-0.0647064843487627,-0.01044202962096652,-0.8034956671538905,-0.2229800072320285,1196,0.5855494229804316,62.39164518900343,-0.3050597083333333,0.37778333333333336,-0.3591323092972366,-3.9201506264166497,2328,2017-08-17 04:00:00+00:00
carry_SEPET3_4h_n7_giris0.0001_cikis0.0_son_negFalse,carry,SEPET3,4h,"{""n"": 7, ""giris"": 0.0001, ""cikis"": 0.0, ""son_neg"": false}",0.3001798158815894,0.042051184462367885,3.8818980989465555,-0.015109386811372971,52,0.4549494659881012,2.562607388316151,-0.27888943,0.015516666666666668,0.28015021167918364,3.5974648003507634,2328,2017-08-17 04:00:00+00:00
carry_SEPET3_4h_n7_giris0.0001_cikis0.0_son_negTrue,carry,SEPET3,4h,"{""n"": 7, ""giris"": 0.0001, ""cikis"": 0.0, ""son_neg"": true}",0.2536293759607171,0.0361064810007925,3.3675547038092413,-0.014559986132249847,120,0.33983227008816574,6.118878865979381,-0.2591771199999999,0.03705000000000001,0.208010679627449,2.722133155407884,2328,2017-08-17 04:00:00+00:00
carry_SEPET3_4h_n7_giris0.0001_cikis5e-05_son_negFalse,carry,SEPET3,4h,"{""n"": 7, ""giris"": 0.0001, ""cikis"": 5e-05, ""son_neg"": false}",0.276944710185844,0.03910679528818295,3.6217817701131483,-0.014569967302847653,66,0.3832700164862734,3.294780927835051,-0.2662682283333333,0.019950000000000002,0.2517092918091721,3.270443539652678,2328,2017-08-17 04:00:00+00:00
carry_SEPET3_4h_n7_giris0.0001_cikis5e-05_son_negTrue,carry,SEPET3,4h,"{""n"": 7, ""giris"": 0.0001, ""cikis"": 5e-05, ""son_neg"": true}",0.25119693547737576,0.035790760786496456,3.347192508787256,-0.014559986132250402,120,0.33983227008816574,6.118878865979381,-0.2591072366666667,0.03705000000000001,0.20566704769609268,2.700055774486821,2328,2017-08-17 04:00:00+00:00
carry_SEPET3_4h_n7_giris0.0002_cikis0.0_son_negFalse,carry,SEPET3,4h,"{""n"": 7, ""giris"": 0.0002, ""cikis"": 0.0, ""son_neg"": false}",0.26183381973582653,0.03716758714871893,5.478217804668777,-0.0075563995537833994,28,0.28635940075980215,1.3074527491408936,-0.24021350499999997,0.007916666666666669,0.25187907686413213,5.193162479989632,2328,2017-08-17 04:00:00+00:00
carry_SEPET3_4h_n7_giris0.0002_cikis0.0_son_negTrue,carry,SEPET3,4h,"{""n"": 7, ""giris"": 0.0002, ""cikis"": 0.0, ""son_neg"": true}",0.23276676490356452,0.033381643198818756,5.106944948555474,-0.0075563995537833994,54,0.21912407712708767,2.667203608247422,-0.22347103833333332,0.01615,0.21300662432451634,4.504600637150362,2328,2017-08-17 04:00:00+00:00
carry_SEPET3_4h_n7_giris0.0002_cikis0.0001_son_negFalse,carry,SEPET3,4h,"{""n"": 7, ""giris"": 0.0002, ""cikis"": 0.0001, ""son_neg"": false}",0.2361962194830851,0.033832216645597546,5.07548679457129,-0.007556399553783288,44,0.21496666905598166,2.144222508591065,-0.22142447166666665,0.012983333333333336,0.22024226658354906,4.638393825240036,2328,2017-08-17 04:00:00+00:00
carry_SEPET3_4h_n7_giris0.0002_cikis0.0001_son_negTrue,carry,SEPET3,4h,"{""n"": 7, ""giris"": 0.0002, ""cikis"": 0.0001, ""son_neg"": true}",0.23005356857525094,0.03302442484294521,5.066422744451509,-0.0075563995537833994,58,0.21367643896494876,2.8763960481099655,-0.2218392733333333,0.01741666666666667,0.20880401702270923,4.43979239102578,2328,2017-08-17 04:00:00+00:00
carry_SEPET3_4h_n7_giris0.0003_cikis0.0001_son_negFalse,carry,SEPET3,4h,"{""n"": 7, ""giris"": 0.0003, ""cikis"": 0.0001, ""son_neg"": false}",0.21172343787763181,0.03059352954182515,4.780545877301333,-0.0075563995537833994,34,0.18228084008314815,1.6212414089347076,-0.19989152833333332,0.009816666666666668,0.1998812116586084,4.428000051635235,2328,2017-08-17 04:00:00+00:00
carry_SEPET3_4h_n7_giris0.0003_cikis0.0001_son_negTrue,carry,SEPET3,4h,"{""n"": 7, ""giris"": 0.0003, ""cikis"": 0.0001, ""son_neg"": true}",0.20653585012014353,0.02989993778788813,4.751193315609555,-0.0075563995537833994,44,0.18041717439610064,2.144222508591065,-0.20034566499999995,0.012983333333333335,0.19096448946852518,4.257092007150901,2328,2017-08-17 04:00:00+00:00
carry_SEPET3_4h_n14_giris0.0_cikis0.0_son_negFalse,carry,SEPET3,4h,"{""n"": 14, ""giris"": 0.0, ""cikis"": 0.0, ""son_neg"": false}",0.3224692753250631,0.04483434086961213,4.048948465902428,-0.01409548683721118,72,0.6107805892050749,3.6085695876288653,-0.295090455,0.02185,0.2938729376871061,3.6756129596694227,2328,2017-08-17 04:00:00+00:00
carry_SEPET3_4h_n14_giris0.0_cikis0.0_son_negTrue,carry,SEPET3,4h,"{""n"": 14, ""giris"": 0.0, ""cikis"": 0.0, ""son_neg"": true}",-0.0738104146021138,-0.011959711363450198,-0.9242061223057287,-0.22864823405006984,1204,0.5848326284854133,62.810030068728516,-0.30075278166666664,0.38031666666666675,-0.3669764648536049,-4.027482063183332,2328,2017-08-17 04:00:00+00:00
carry_SEPET3_4h_n14_giris0.0001_cikis0.0_son_negFalse,carry,SEPET3,4h,"{""n"": 14, ""giris"": 0.0001, ""cikis"": 0.0, ""son_neg"": false}",0.30085452948875346,0.04213602033942632,6.226748258335085,-0.0075563995537835105,30,0.49365636871908825,1.412048969072165,-0.2706153366666667,0.008550000000000002,0.2897749217251082,5.927546620574701,2328,2017-08-17 04:00:00+00:00
carry_SEPET3_4h_n14_giris0.0001_cikis0.0_son_negTrue,carry,SEPET3,4h,"{""n"": 14, ""giris"": 0.0001, ""cikis"": 0.0, ""son_neg"": true}",0.2467879353477873,0.03521717029004723,5.257828798260757,-0.0075563995537833994,106,0.31617805175256253,5.38670532646048,-0.24969604999999997,0.03261666666666667,0.20675907226423385,4.113980296915846,2328,2017-08-17 04:00:00+00:00
carry_SEPET3_4h_n14_giris0.0001_cikis5e-05_son_negFalse,carry,SEPET3,4h,"{""n"": 14, ""giris"": 0.0001, ""cikis"": 5e-05, ""son_neg"": false}",0.27120700346245563,0.03837275486843161,5.655253297624341,-0.0075563995537835105,46,0.33008386495591713,2.2488187285223367,-0.25303498,0.01361666666666667,0.2540070296080643,5.174171587943939,2328,2017-08-17 04:00:00+00:00
carry_SEPET3_4h_n14_giris0.0001_cikis5e-05_son_negTrue,carry,SEPET3,4h,"{""n"": 14, ""giris"": 0.0001, ""cikis"": 5e-05, ""son_neg"": true}",0.244508172414718,0.03491991266803196,5.203958324085592,-0.008290678410943886,110,0.3135975915704967,5.595897766323023,-0.24896629833333336,0.033883333333333335,0.2030265116341481,4.020032860084948,2328,2017-08-17 04:00:00+00:00
carry_SEPET3_4h_n14_giris0.0002_cikis0.0_son_negFalse,carry,SEPET3,4h,"{""n"": 14, ""giris"": 0.0002, ""cikis"": 0.0, ""son_neg"": false}",0.25480200848434875,0.036258499143591916,5.6378556806016435,-0.007556399553783288,20,0.335961579815067,0.8890678694158074,-0.23228556499999997,0.005383333333333334,0.2480618773392913,5.461448232262379,2328,2017-08-17 04:00:00+00:00
carry_SEPET3_4h_n14_giris0.0002_cikis0.0_son_negTrue,carry,SEPET3,4h,"{""n"": 14, ""giris"": 0.0002, ""cikis"": 0.0, ""son_neg"": true}",0.21287389576751536,0.030747009021055094,4.861825134101408,-0.0075563995537833994,54,0.2034979571356892,2.6672036082474224,-0.20869655666666664,0.016150000000000005,0.19343137012538558,4.232169841371003,2328,2017-08-17 04:00:00+00:00
carry_SEPET3_4h_n14_giris0.0002_cikis0.0001_son_negFalse,carry,SEPET3,4h,"{""n"": 14, ""giris"": 0.0002, ""cikis"": 0.0001, ""son_neg"": false}",0.22192201096191821,0.031949833752833445,5.022879331578231,-0.0075563995537833994,32,0.19948390796358684,1.5166451890034363,-0.2086512533333333,0.009183333333333335,0.2107465531436068,4.7249249009834475,2328,2017-08-17 04:00:00+00:00
carry_SEPET3_4h_n14_giris0.0002_cikis0.0001_son_negTrue,carry,SEPET3,4h,"{""n"": 14, ""giris"": 0.0002, ""cikis"": 0.0001, ""son_neg"": true}",0.21065070356498206,0.03045030823088335,4.820761716907663,-0.0075563995537833994,54,0.1921726041144004,2.6672036082474224,-0.20709414999999998,0.016150000000000005,0.19124387030736423,4.193677708481285,2328,2017-08-17 04:00:00+00:00
carry_SEPET3_4h_n14_giris0.0003_cikis0.0001_son_negFalse,carry,SEPET3,4h,"{""n"": 14, ""giris"": 0.0003, ""cikis"": 0.0001, ""son_neg"": false}",0.20361514287730365,0.029508325895478027,4.735050692075438,-0.0075563995537833994,22,0.17633144577449644,1.1505584192439862,-0.19170459999999998,0.006966666666666668,0.19525508510086764,4.502232427743945,2328,2017-08-17 04:00:00+00:00
carry_SEPET3_4h_n14_giris0.0003_cikis0.0001_son_negTrue,carry,SEPET3,4h,"{""n"": 14, ""giris"": 0.0003, ""cikis"": 0.0001, ""son_neg"": true}",0.19387629453908328,0.02819671375974564,4.58031531186256,-0.0075563995537833994,36,0.17102716651136118,1.8827319587628866,-0.18908165999999998,0.011400000000000002,0.18033622021814666,4.114044528957612,2328,2017-08-17 04:00:00+00:00
