ad,aralik,parametreler,kat,total_return,sharpe,max_drawdown,trades,alfa,beta,alfa_t,exposure,total_costs,total_funding,volatility,p_value
t2_genis_evren_1d_fon_3Pmom_28_r1_k02,1d,"{""beta_gun"": 60, ""boyut"": ""esit"", ""delist_cik"": true, ""k_min"": 2, ""k_oran"": 0.2, ""min_uye"": 10, ""notr"": ""dolar"", ""oyn_gun"": 30, ""reb"": 1, ""skor"": ""fon_3+mom_28"", ""tampon"": 0.0, ""top_n"": 30, ""yan"": ""ls""}",1.0,0.05903365137804162,0.9444055692218788,-0.022088135259959008,4787,0.012013340288086828,-0.0011457240274323627,2.4142979676093326,0.9098867147270855,0.021248888888888887,-0.025893821174603177,0.011484801763529695,0.0142
t2_genis_evren_1d_fon_3Pmom_28_r1_k02,1d,"{""beta_gun"": 60, ""boyut"": ""esit"", ""delist_cik"": true, ""k_min"": 2, ""k_oran"": 0.2, ""min_uye"": 10, ""notr"": ""dolar"", ""oyn_gun"": 30, ""reb"": 1, ""skor"": ""fon_3+mom_28"", ""tampon"": 0.0, ""top_n"": 30, ""yan"": ""ls""}",2.0,0.036768630244105927,0.5969446755846154,-0.03593590334762364,4787,0.008020008752528921,-0.0011461257246415597,1.612531777012989,0.9098867147270855,0.04249777777777777,-0.025893821174603177,0.0114794055874224,0.086
t2_genis_evren_1d_fon_3Pmom_28_r1_k05,1d,"{""beta_gun"": 60, ""boyut"": ""esit"", ""delist_cik"": true, ""k_min"": 2, ""k_oran"": 0.5, ""min_uye"": 10, ""notr"": ""dolar"", ""oyn_gun"": 30, ""reb"": 1, ""skor"": ""fon_3+mom_28"", ""tampon"": 0.0, ""top_n"": 30, ""yan"": ""ls""}",1.0,0.09492244113190296,1.051947868914858,-0.03147434571292895,7215,0.019474605995710572,-0.0022550213591900703,2.7606212935428296,0.9098867147270855,0.032,-0.036140677587301585,0.01632937476812985,0.0082
t2_genis_evren_1d_fon_3Pmom_28_r1_k05,1d,"{""beta_gun"": 60, ""boyut"": ""esit"", ""delist_cik"": true, ""k_min"": 2, ""k_oran"": 0.5, ""min_uye"": 10, ""notr"": ""dolar"", ""oyn_gun"": 30, ""reb"": 1, ""skor"": ""fon_3+mom_28"", ""tampon"": 0.0, ""top_n"": 30, ""yan"": ""ls""}",2.0,0.060440201700951324,0.6833204001854896,-0.05108270313376506,7215,0.013475586235161263,-0.0022701386087956186,1.9095139818930258,0.9098867147270855,0.064,-0.036140677587301585,0.016336747533620594,0.0598
t2_genis_evren_1d_fon_3Pmom_28_r7_k02,1d,"{""beta_gun"": 60, ""boyut"": ""esit"", ""delist_cik"": true, ""k_min"": 2, ""k_oran"": 0.2, ""min_uye"": 10, ""notr"": ""dolar"", ""oyn_gun"": 30, ""reb"": 7, ""skor"": ""fon_3+mom_28"", ""tampon"": 0.0, ""top_n"": 30, ""yan"": ""ls""}",1.0,0.07805696307414678,1.3104418695870435,-0.012005550813486532,1570,0.01439830742604125,-0.00020917528287086676,3.0607669443257555,0.907826982492276,0.00695111111111111,-0.020803834857142857,0.010824778051144159,0.0018
t2_genis_evren_1d_fon_3Pmom_28_r7_k02,1d,"{""beta_gun"": 60, ""boyut"": ""esit"", ""delist_cik"": true, ""k_min"": 2, ""k_oran"": 0.2, ""min_uye"": 10, ""notr"": ""dolar"", ""oyn_gun"": 30, ""reb"": 7, ""skor"": ""fon_3+mom_28"", ""tampon"": 0.0, ""top_n"": 30, ""yan"": ""ls""}",2.0,0.07058910864361123,1.189004782975052,-0.013859989080157176,1570,0.01309083009267948,-0.00020818169654497075,2.7810796958503503,0.907826982492276,0.01390222222222222,-0.020803834857142857,0.010831560394867419,0.0036
t2_genis_evren_1d_fon_3Pmom_28_r7_k05,1d,"{""beta_gun"": 60, ""boyut"": ""esit"", ""delist_cik"": true, ""k_min"": 2, ""k_oran"": 0.5, ""min_uye"": 10, ""notr"": ""dolar"", ""oyn_gun"": 30, ""reb"": 7, ""skor"": ""fon_3+mom_28"", ""tampon"": 0.0, ""top_n"": 30, ""yan"": ""ls""}",1.0,0.08487036596640696,0.9607432937004841,-0.01919825486494997,2493,0.01638728811060042,-0.000930063148429143,2.348626447143399,0.907826982492276,0.011013333333333333,-0.029804882571428576,0.016070817157565337,0.011
t2_genis_evren_1d_fon_3Pmom_28_r7_k05,1d,"{""beta_gun"": 60, ""boyut"": ""esit"", ""delist_cik"": true, ""k_min"": 2, ""k_oran"": 0.5, ""min_uye"": 10, ""notr"": ""dolar"", ""oyn_gun"": 30, ""reb"": 7, ""skor"": ""fon_3+mom_28"", ""tampon"": 0.0, ""top_n"": 30, ""yan"": ""ls""}",2.0,0.07298704948200418,0.8312151999782534,-0.022580238415916276,2493,0.014316839555250316,-0.0009295857096194351,2.050094257250302,0.907826982492276,0.022026666666666667,-0.029804882571428576,0.01608484490000276,0.0234
t2_genis_evren_1d_fon_3Pmom_90_r1_k02,1d,"{""beta_gun"": 60, ""boyut"": ""esit"", ""delist_cik"": true, ""k_min"": 2, ""k_oran"": 0.2, ""min_uye"": 10, ""notr"": ""dolar"", ""oyn_gun"": 30, ""reb"": 1, ""skor"": ""fon_3+mom_90"", ""tampon"": 0.0, ""top_n"": 30, ""yan"": ""ls""}",1.0,0.0469732912561287,0.8810194014889249,-0.02133805845622816,3814,0.009230385128085238,-0.0005441370158562541,2.158656505826038,0.884140061791967,0.01692888888888889,-0.023081731047619045,0.009847830253749242,0.016
t2_genis_evren_1d_fon_3Pmom_90_r1_k02,1d,"{""beta_gun"": 60, ""boyut"": ""esit"", ""delist_cik"": true, ""k_min"": 2, ""k_oran"": 0.2, ""min_uye"": 10, ""notr"": ""dolar"", ""oyn_gun"": 30, ""reb"": 1, ""skor"": ""fon_3+mom_90"", ""tampon"": 0.0, ""top_n"": 30, ""yan"": ""ls""}",2.0,0.029398934084099215,0.5581580421783254,-0.028225412311457587,3814,0.006051374847071623,-0.0005468701657073022,1.4158098288230718,0.884140061791967,0.03385777777777778,-0.023081731047619045,0.009843690935713923,0.088
t2_genis_evren_1d_fon_3Pmom_90_r1_k05,1d,"{""beta_gun"": 60, ""boyut"": ""esit"", ""delist_cik"": true, ""k_min"": 2, ""k_oran"": 0.5, ""min_uye"": 10, ""notr"": ""dolar"", ""oyn_gun"": 30, ""reb"": 1, ""skor"": ""fon_3+mom_90"", ""tampon"": 0.0, ""top_n"": 30, ""yan"": ""ls""}",1.0,0.11634811038775217,1.4597369226670358,-0.017148481168241303,5722,0.021134736142845417,-0.0003401275166009804,3.4152109155686734,0.884140061791967,0.025373333333333335,-0.029782923365079365,0.014241116602625928,0.0004
t2_genis_evren_1d_fon_3Pmom_90_r1_k05,1d,"{""beta_gun"": 60, ""boyut"": ""esit"", ""delist_cik"": true, ""k_min"": 2, ""k_oran"": 0.5, ""min_uye"": 10, ""notr"": ""dolar"", ""oyn_gun"": 30, ""reb"": 1, ""skor"": ""fon_3+mom_90"", ""tampon"": 0.0, ""top_n"": 30, ""yan"": ""ls""}",2.0,0.08838077484977003,1.1252754309373343,-0.018650306811779704,5722,0.01636673248859876,-0.00034103927962795264,2.6457031310034727,0.884140061791967,0.05074666666666667,-0.029782923365079365,0.014235938075526576,0.0044
t2_genis_evren_1d_fon_3Pmom_90_r7_k02,1d,"{""beta_gun"": 60, ""boyut"": ""esit"", ""delist_cik"": true, ""k_min"": 2, ""k_oran"": 0.2, ""min_uye"": 10, ""notr"": ""dolar"", ""oyn_gun"": 30, ""reb"": 7, ""skor"": ""fon_3+mom_90"", ""tampon"": 0.0, ""top_n"": 30, ""yan"": ""ls""}",1.0,0.06205057180758855,1.2091123254319078,-0.009091365258099615,1208,0.010998334256690324,0.00035427168116369963,2.694804119150134,0.88259526261586,0.005346666666666666,-0.018885072539682538,0.009394655583793427,0.0022
t2_genis_evren_1d_fon_3Pmom_90_r7_k02,1d,"{""beta_gun"": 60, ""boyut"": ""esit"", ""delist_cik"": true, ""k_min"": 2, ""k_oran"": 0.2, ""min_uye"": 10, ""notr"": ""dolar"", ""oyn_gun"": 30, ""reb"": 7, ""skor"": ""fon_3+mom_90"", ""tampon"": 0.0, ""top_n"": 30, ""yan"": ""ls""}",2.0,0.05638707252806019,1.1012829904710808,-0.009553668631646195,1208,0.009992789947187193,0.00035489536436227227,2.446510664346787,0.88259526261586,0.010693333333333332,-0.018885072539682538,0.009402020117127086,0.006
t2_genis_evren_1d_fon_3Pmom_90_r7_k05,1d,"{""beta_gun"": 60, ""boyut"": ""esit"", ""delist_cik"": true, ""k_min"": 2, ""k_oran"": 0.5, ""min_uye"": 10, ""notr"": ""dolar"", ""oyn_gun"": 30, ""reb"": 7, ""skor"": ""fon_3+mom_90"", ""tampon"": 0.0, ""top_n"": 30, ""yan"": ""ls""}",1.0,0.10942947795368352,1.3599683028269776,-0.01258048089914321,1940,0.019144507380186918,0.0004692117827134545,3.0538745325696475,0.88259526261586,0.008564444444444444,-0.02471441126984127,0.01442860427908085,0.0006
t2_genis_evren_1d_fon_3Pmom_90_r7_k05,1d,"{""beta_gun"": 60, ""boyut"": ""esit"", ""delist_cik"": true, ""k_min"": 2, ""k_oran"": 0.5, ""min_uye"": 10, ""notr"": ""dolar"", ""oyn_gun"": 30, ""reb"": 7, ""skor"": ""fon_3+mom_90"", ""tampon"": 0.0, ""top_n"": 30, ""yan"": ""ls""}",2.0,0.09996870192674034,1.248219942708936,-0.01336360536076453,1940,0.017535656160573804,0.0004683861706806258,2.7968155622773594,0.88259526261586,0.017128888888888888,-0.02471441126984127,0.014430751883382952,0.0012
t2_genis_evren_1d_fon_7Pmom_28_r1_k02,1d,"{""beta_gun"": 60, ""boyut"": ""esit"", ""delist_cik"": true, ""k_min"": 2, ""k_oran"": 0.2, ""min_uye"": 10, ""notr"": ""dolar"", ""oyn_gun"": 30, ""reb"": 1, ""skor"": ""fon_7+mom_28"", ""tampon"": 0.0, ""top_n"": 30, ""yan"": ""ls""}",1.0,0.06577682739694657,1.0480996442719974,-0.019919754330852024,3888,0.013069207973403543,-0.0010110868413683075,2.6242046521300106,0.9098867147270855,0.017253333333333332,-0.025571821206349203,0.011486807913414812,0.0072
t2_genis_evren_1d_fon_7Pmom_28_r1_k02,1d,"{""beta_gun"": 60, ""boyut"": ""esit"", ""delist_cik"": true, ""k_min"": 2, ""k_oran"": 0.2, ""min_uye"": 10, ""notr"": ""dolar"", ""oyn_gun"": 30, ""reb"": 1, ""skor"": ""fon_7+mom_28"", ""tampon"": 0.0, ""top_n"": 30, ""yan"": ""ls""}",2.0,0.04754710455012057,0.7660565296676163,-0.02865257976490465,3888,0.009824564778508507,-0.0010092515477431105,1.9733614540258004,0.9098867147270855,0.034506666666666665,-0.025571821206349203,0.011482893460806201,0.039
t2_genis_evren_1d_fon_7Pmom_28_r1_k05,1d,"{""beta_gun"": 60, ""boyut"": ""esit"", ""delist_cik"": true, ""k_min"": 2, ""k_oran"": 0.5, ""min_uye"": 10, ""notr"": ""dolar"", ""oyn_gun"": 30, ""reb"": 1, ""skor"": ""fon_7+mom_28"", ""tampon"": 0.0, ""top_n"": 30, ""yan"": ""ls""}",1.0,0.112922188533086,1.2320989710052166,-0.03026761997296512,5829,0.021332876415567643,-0.0010688910281092406,2.991314437322132,0.9098867147270855,0.025840000000000002,-0.034601969999999996,0.01643058643154353,0.0012
t2_genis_evren_1d_fon_7Pmom_28_r1_k05,1d,"{""beta_gun"": 60, ""boyut"": ""esit"", ""delist_cik"": true, ""k_min"": 2, ""k_oran"": 0.5, ""min_uye"": 10, ""notr"": ""dolar"", ""oyn_gun"": 30, ""reb"": 1, ""skor"": ""fon_7+mom_28"", ""tampon"": 0.0, ""top_n"": 30, ""yan"": ""ls""}",2.0,0.08453392078128608,0.9364674434327512,-0.03875078332079174,5829,0.016483922063084203,-0.0010764389533051318,2.3113195980219783,0.9098867147270855,0.051680000000000004,-0.034601969999999996,0.016431394499369954,0.014
t2_genis_evren_1d_fon_7Pmom_28_r7_k02,1d,"{""beta_gun"": 60, ""boyut"": ""esit"", ""delist_cik"": true, ""k_min"": 2, ""k_oran"": 0.2, ""min_uye"": 10, ""notr"": ""dolar"", ""oyn_gun"": 30, ""reb"": 7, ""skor"": ""fon_7+mom_28"", ""tampon"": 0.0, ""top_n"": 30, ""yan"": ""ls""}",1.0,0.06118788570860345,1.0279274795098179,-0.011816956887721664,1467,0.01158347995625977,-0.00035496891322698166,2.4421144785143944,0.907826982492276,0.006493333333333333,-0.020844468285714284,0.010917025159385467,0.0092
t2_genis_evren_1d_fon_7Pmom_28_r7_k02,1d,"{""beta_gun"": 60, ""boyut"": ""esit"", ""delist_cik"": true, ""k_min"": 2, ""k_oran"": 0.2, ""min_uye"": 10, ""notr"": ""dolar"", ""oyn_gun"": 30, ""reb"": 7, ""skor"": ""fon_7+mom_28"", ""tampon"": 0.0, ""top_n"": 30, ""yan"": ""ls""}",2.0,0.054319312026532174,0.9155246517302515,-0.013792354814474939,1467,0.010361869151930396,-0.00035380542278507686,2.183100966073689,0.907826982492276,0.012986666666666665,-0.020844468285714284,0.010924320234234381,0.0168
t2_genis_evren_1d_fon_7Pmom_28_r7_k05,1d,"{""beta_gun"": 60, ""boyut"": ""esit"", ""delist_cik"": true, ""k_min"": 2, ""k_oran"": 0.5, ""min_uye"": 10, ""notr"": ""dolar"", ""oyn_gun"": 30, ""reb"": 7, ""skor"": ""fon_7+mom_28"", ""tampon"": 0.0, ""top_n"": 30, ""yan"": ""ls""}",1.0,0.10528998069949469,1.1787082470369883,-0.016243978245284896,2315,0.01892998980848379,1.461125437486713e-05,2.7098916522709424,0.907826982492276,0.010222222222222221,-0.02789672253968254,0.016072571661941412,0.0044
t2_genis_evren_1d_fon_7Pmom_28_r7_k05,1d,"{""beta_gun"": 60, ""boyut"": ""esit"", ""delist_cik"": true, ""k_min"": 2, ""k_oran"": 0.5, ""min_uye"": 10, ""notr"": ""dolar"", ""oyn_gun"": 30, ""reb"": 7, ""skor"": ""fon_7+mom_28"", ""tampon"": 0.0, ""top_n"": 30, ""yan"": ""ls""}",2.0,0.09404810044229617,1.0581473624258078,-0.01809870248725709,2315,0.01700505841635425,1.820339148104828e-05,2.4319791512446924,0.907826982492276,0.020444444444444442,-0.02789672253968254,0.016088118646531518,0.0084
t2_genis_evren_1d_fon_3Pmom_7_r1_k02,1d,"{""beta_gun"": 60, ""boyut"": ""esit"", ""delist_cik"": true, ""k_min"": 2, ""k_oran"": 0.2, ""min_uye"": 10, ""notr"": ""dolar"", ""oyn_gun"": 30, ""reb"": 1, ""skor"": ""fon_3+mom_7"", ""tampon"": 0.0, ""top_n"": 30, ""yan"": ""ls""}",1.0,0.0704923659241854,1.0819898386335607,-0.022430780642183068,6492,0.014670617674643196,-0.0017639125389843104,2.856744141688931,0.9098867147270855,0.028826666666666664,-0.025757498095238092,0.011898359419307785,0.0054
t2_genis_evren_1d_fon_3Pmom_7_r1_k02,1d,"{""beta_gun"": 60, ""boyut"": ""esit"", ""delist_cik"": true, ""k_min"": 2, ""k_oran"": 0.2, ""min_uye"": 10, ""notr"": ""dolar"", ""oyn_gun"": 30, ""reb"": 1, ""skor"": ""fon_3+mom_7"", ""tampon"": 0.0, ""top_n"": 30, ""yan"": ""ls""}",2.0,0.040074956538300954,0.6266024815906314,-0.04242334435367834,6492,0.009255280750913293,-0.0017665155388926794,1.8021852732534067,0.9098867147270855,0.05765333333333333,-0.025757498095238092,0.011898956481932035,0.0748
t2_genis_evren_1d_fon_3Pmom_7_r1_k05,1d,"{""beta_gun"": 60, ""boyut"": ""esit"", ""delist_cik"": true, ""k_min"": 2, ""k_oran"": 0.5, ""min_uye"": 10, ""notr"": ""dolar"", ""oyn_gun"": 30, ""reb"": 1, ""skor"": ""fon_3+mom_7"", ""tampon"": 0.0, ""top_n"": 30, ""yan"": ""ls""}",1.0,0.09721367874911291,1.0194393488089364,-0.041779489876280995,9478,0.020251469943774397,-0.0026167837608255854,2.7208424001087637,0.9098867147270855,0.04205777777777778,-0.033798475174603174,0.01725068326850999,0.0106
t2_genis_evren_1d_fon_3Pmom_7_r1_k05,1d,"{""beta_gun"": 60, ""boyut"": ""esit"", ""delist_cik"": true, ""k_min"": 2, ""k_oran"": 0.5, ""min_uye"": 10, ""notr"": ""dolar"", ""oyn_gun"": 30, ""reb"": 1, ""skor"": ""fon_3+mom_7"", ""tampon"": 0.0, ""top_n"": 30, ""yan"": ""ls""}",2.0,0.052025377844080234,0.5610439580889335,-0.06346825393878253,9478,0.012356276573588305,-0.0026261984736493447,1.6596926276096675,0.9098867147270855,0.08411555555555555,-0.033798475174603174,0.01725576404880792,0.1158
t2_genis_evren_1d_fon_3Pmom_7_r7_k02,1d,"{""beta_gun"": 60, ""boyut"": ""esit"", ""delist_cik"": true, ""k_min"": 2, ""k_oran"": 0.2, ""min_uye"": 10, ""notr"": ""dolar"", ""oyn_gun"": 30, ""reb"": 7, ""skor"": ""fon_3+mom_7"", ""tampon"": 0.0, ""top_n"": 30, ""yan"": ""ls""}",1.0,0.049678226257937164,0.8350108448893835,-0.019161075561425656,2075,0.010738019703121049,-0.0015364969463111111,2.2629921036048386,0.907826982492276,0.009195555555555558,-0.021511902920634922,0.010985426850759098,0.0306
t2_genis_evren_1d_fon_3Pmom_7_r7_k02,1d,"{""beta_gun"": 60, ""boyut"": ""esit"", ""delist_cik"": true, ""k_min"": 2, ""k_oran"": 0.2, ""min_uye"": 10, ""notr"": ""dolar"", ""oyn_gun"": 30, ""reb"": 7, ""skor"": ""fon_3+mom_7"", ""tampon"": 0.0, ""top_n"": 30, ""yan"": ""ls""}",2.0,0.04006961130019837,0.676975138525052,-0.02290092132075483,2075,0.009006260336111151,-0.001533110429151456,1.8959711015865628,0.907826982492276,0.018391111111111115,-0.021511902920634922,0.010996918878101265,0.065
t2_genis_evren_1d_fon_3Pmom_7_r7_k05,1d,"{""beta_gun"": 60, ""boyut"": ""esit"", ""delist_cik"": true, ""k_min"": 2, ""k_oran"": 0.5, ""min_uye"": 10, ""notr"": ""dolar"", ""oyn_gun"": 30, ""reb"": 7, ""skor"": ""fon_3+mom_7"", ""tampon"": 0.0, ""top_n"": 30, ""yan"": ""ls""}",1.0,0.10900954619938563,1.1485876107818085,-0.04121108435065313,3212,0.02175595645932487,-0.0021238028764172163,2.9489247304601247,0.907826982492276,0.014208888888888889,-0.02903334580952381,0.017058045765963845,0.005
t2_genis_evren_1d_fon_3Pmom_7_r7_k05,1d,"{""beta_gun"": 60, ""boyut"": ""esit"", ""delist_cik"": true, ""k_min"": 2, ""k_oran"": 0.5, ""min_uye"": 10, ""notr"": ""dolar"", ""oyn_gun"": 30, ""reb"": 7, ""skor"": ""fon_3+mom_7"", ""tampon"": 0.0, ""top_n"": 30, ""yan"": ""ls""}",2.0,0.0933619229817726,0.9908500464985747,-0.04516916710976493,3212,0.019078982932558906,-0.0021175149920726268,2.582891747637015,0.907826982492276,0.028417777777777778,-0.02903334580952381,0.017078357492920013,0.0174
t2_genis_evren_1d_fon_3Pmom_28Pmom_90_r1_k02,1d,"{""beta_gun"": 60, ""boyut"": ""esit"", ""delist_cik"": true, ""k_min"": 2, ""k_oran"": 0.2, ""min_uye"": 10, ""notr"": ""dolar"", ""oyn_gun"": 30, ""reb"": 1, ""skor"": ""fon_3+mom_28+mom_90"", ""tampon"": 0.0, ""top_n"": 30, ""yan"": ""ls""}",1.0,0.07001837609163064,1.1909632482220112,-0.009395208292707902,3689,0.013789485958623816,-0.0009935704880539805,2.965269562179736,0.884140061791967,0.016373333333333333,-0.0182480446984127,0.010728659657572649,0.001
t2_genis_evren_1d_fon_3Pmom_28Pmom_90_r1_k02,1d,"{""beta_gun"": 60, ""boyut"": ""esit"", ""delist_cik"": true, ""k_min"": 2, ""k_oran"": 0.2, ""min_uye"": 10, ""notr"": ""dolar"", ""oyn_gun"": 30, ""reb"": 1, ""skor"": ""fon_3+mom_28+mom_90"", ""tampon"": 0.0, ""top_n"": 30, ""yan"": ""ls""}",2.0,0.05264197789278624,0.9044012191490146,-0.011905172908527217,3689,0.010710670242970571,-0.0009921583071484746,2.3038925150530996,0.884140061791967,0.03274666666666667,-0.0182480446984127,0.010725396953456515,0.0112
t2_genis_evren_1d_fon_3Pmom_28Pmom_90_r1_k05,1d,"{""beta_gun"": 60, ""boyut"": ""esit"", ""delist_cik"": true, ""k_min"": 2, ""k_oran"": 0.5, ""min_uye"": 10, ""notr"": ""dolar"", ""oyn_gun"": 30, ""reb"": 1, ""skor"": ""fon_3+mom_28+mom_90"", ""tampon"": 0.0, ""top_n"": 30, ""yan"": ""ls""}",1.0,0.11923511987923985,1.386015936542533,-0.02011052987621864,5163,0.021912165448376774,-0.0006105128044168307,3.283782994900995,0.884140061791967,0.02288888888888889,-0.021270126476190473,0.015360790005235188,0.0
t2_genis_evren_1d_fon_3Pmom_28Pmom_90_r1_k05,1d,"{""beta_gun"": 60, ""boyut"": ""esit"", ""delist_cik"": true, ""k_min"": 2, ""k_oran"": 0.5, ""min_uye"": 10, ""notr"": ""dolar"", ""oyn_gun"": 30, ""reb"": 1, ""skor"": ""fon_3+mom_28+mom_90"", ""tampon"": 0.0, ""top_n"": 30, ""yan"": ""ls""}",2.0,0.0939104152488277,1.1068318825586443,-0.02640942068781249,5163,0.017610642992656703,-0.0006109616339445619,2.6412517778341296,0.884140061791967,0.04577777777777778,-0.021270126476190473,0.0153486002538443,0.003
t2_genis_evren_1d_fon_3Pmom_28Pmom_90_r7_k02,1d,"{""beta_gun"": 60, ""boyut"": ""esit"", ""delist_cik"": true, ""k_min"": 2, ""k_oran"": 0.2, ""min_uye"": 10, ""notr"": ""dolar"", ""oyn_gun"": 30, ""reb"": 7, ""skor"": ""fon_3+mom_28+mom_90"", ""tampon"": 0.0, ""top_n"": 30, ""yan"": ""ls""}",1.0,0.06577721668709202,1.1920636599986407,-0.01111190184785471,1165,0.012042482009513576,-1.784909987348161e-05,2.7468999947451884,0.88259526261586,0.005155555555555556,-0.015110032507936508,0.010086962128818345,0.001
t2_genis_evren_1d_fon_3Pmom_28Pmom_90_r7_k02,1d,"{""beta_gun"": 60, ""boyut"": ""esit"", ""delist_cik"": true, ""k_min"": 2, ""k_oran"": 0.2, ""min_uye"": 10, ""notr"": ""dolar"", ""oyn_gun"": 30, ""reb"": 7, ""skor"": ""fon_3+mom_28+mom_90"", ""tampon"": 0.0, ""top_n"": 30, ""yan"": ""ls""}",2.0,0.06029651173832118,1.0953477635024438,-0.01210920425505757,1165,0.011073353215035754,-1.771243370458578e-05,2.524337530922119,0.88259526261586,0.010311111111111111,-0.015110032507936508,0.010092969351841105,0.0028
t2_genis_evren_1d_fon_3Pmom_28Pmom_90_r7_k05,1d,"{""beta_gun"": 60, ""boyut"": ""esit"", ""delist_cik"": true, ""k_min"": 2, ""k_oran"": 0.5, ""min_uye"": 10, ""notr"": ""dolar"", ""oyn_gun"": 30, ""reb"": 7, ""skor"": ""fon_3+mom_28+mom_90"", ""tampon"": 0.0, ""top_n"": 30, ""yan"": ""ls""}",1.0,0.11551702115705398,1.3853246093683833,-0.013397340815224479,1795,0.02016319792982021,0.0004858375589975151,3.1120966406545367,0.88259526261586,0.00792,-0.017360601746031747,0.014912078965003569,0.0002
t2_genis_evren_1d_fon_3Pmom_28Pmom_90_r7_k05,1d,"{""beta_gun"": 60, ""boyut"": ""esit"", ""delist_cik"": true, ""k_min"": 2, ""k_oran"": 0.5, ""min_uye"": 10, ""notr"": ""dolar"", ""oyn_gun"": 30, ""reb"": 7, ""skor"": ""fon_3+mom_28+mom_90"", ""tampon"": 0.0, ""top_n"": 30, ""yan"": ""ls""}",2.0,0.10671706575030626,1.28508272391072,-0.013926215401144248,1795,0.018675188399025884,0.0004852888080899818,2.881487184333317,0.88259526261586,0.01584,-0.017360601746031747,0.014916939683565028,0.0008
t2_genis_evren_1d_fon_3Pmom_28Poyn_60_r1_k02,1d,"{""beta_gun"": 60, ""boyut"": ""esit"", ""delist_cik"": true, ""k_min"": 2, ""k_oran"": 0.2, ""min_uye"": 10, ""notr"": ""dolar"", ""oyn_gun"": 30, ""reb"": 1, ""skor"": ""fon_3+mom_28+oyn_60"", ""tampon"": 0.0, ""top_n"": 30, ""yan"": ""ls""}",1.0,0.06628778163941274,1.0502227910810458,-0.01365664561429547,4052,0.015823320551314798,-0.003625755883617316,3.254595664805499,0.9057672502574665,0.01798222222222222,-0.02038280285714286,0.011550064791948015,0.007
t2_genis_evren_1d_fon_3Pmom_28Poyn_60_r1_k02,1d,"{""beta_gun"": 60, ""boyut"": ""esit"", ""delist_cik"": true, ""k_min"": 2, ""k_oran"": 0.2, ""min_uye"": 10, ""notr"": ""dolar"", ""oyn_gun"": 30, ""reb"": 1, ""skor"": ""fon_3+mom_28+oyn_60"", ""tampon"": 0.0, ""top_n"": 30, ""yan"": ""ls""}",2.0,0.04728534246785854,0.7574866183860622,-0.01766430504570371,4052,0.012444904880925664,-0.003627084361553243,2.5593514238240243,0.9057672502574665,0.03596444444444444,-0.02038280285714286,0.011551850842380666,0.0372
t2_genis_evren_1d_fon_3Pmom_28Poyn_60_r1_k05,1d,"{""beta_gun"": 60, ""boyut"": ""esit"", ""delist_cik"": true, ""k_min"": 2, ""k_oran"": 0.5, ""min_uye"": 10, ""notr"": ""dolar"", ""oyn_gun"": 30, ""reb"": 1, ""skor"": ""fon_3+mom_28+oyn_60"", ""tampon"": 0.0, ""top_n"": 30, ""yan"": ""ls""}",1.0,0.11886996180056042,1.2133404633963816,-0.019769563723022743,5638,0.026594508118047023,-0.005232671998633454,3.593671042909814,0.9057672502574665,0.02499111111111111,-0.028354996634920637,0.017525609409223042,0.0008
t2_genis_evren_1d_fon_3Pmom_28Poyn_60_r1_k05,1d,"{""beta_gun"": 60, ""boyut"": ""esit"", ""delist_cik"": true, ""k_min"": 2, ""k_oran"": 0.5, ""min_uye"": 10, ""notr"": ""dolar"", ""oyn_gun"": 30, ""reb"": 1, ""skor"": ""fon_3+mom_28+oyn_60"", ""tampon"": 0.0, ""top_n"": 30, ""yan"": ""ls""}",2.0,0.09125638273500769,0.9455027242697591,-0.029450000681505162,5638,0.021900555544989583,-0.005235755573373979,2.9600705664262112,0.9057672502574665,0.04998222222222222,-0.028354996634920637,0.01752235834722617,0.0136
t2_genis_evren_1d_fon_3Pmom_28Poyn_60_r7_k02,1d,"{""beta_gun"": 60, ""boyut"": ""esit"", ""delist_cik"": true, ""k_min"": 2, ""k_oran"": 0.2, ""min_uye"": 10, ""notr"": ""dolar"", ""oyn_gun"": 30, ""reb"": 7, ""skor"": ""fon_3+mom_28+oyn_60"", ""tampon"": 0.0, ""top_n"": 30, ""yan"": ""ls""}",1.0,0.05455130853801804,0.9087918825998804,-0.02069026505144811,1302,0.012270933706093556,-0.0021860427090421297,2.5865616496552293,0.9042224510813595,0.0057599999999999995,-0.016393392253968256,0.011052299481956062,0.0154
t2_genis_evren_1d_fon_3Pmom_28Poyn_60_r7_k02,1d,"{""beta_gun"": 60, ""boyut"": ""esit"", ""delist_cik"": true, ""k_min"": 2, ""k_oran"": 0.2, ""min_uye"": 10, ""notr"": ""dolar"", ""oyn_gun"": 30, ""reb"": 7, ""skor"": ""fon_3+mom_28+oyn_60"", ""tampon"": 0.0, ""top_n"": 30, ""yan"": ""ls""}",2.0,0.048494579238914426,0.8106864456845165,-0.02232993612925427,1302,0.011186037435962812,-0.0021837837091592456,2.3573601452265507,0.9042224510813595,0.011519999999999999,-0.016393392253968256,0.011054390804673655,0.0288
t2_genis_evren_1d_fon_3Pmom_28Poyn_60_r7_k05,1d,"{""beta_gun"": 60, ""boyut"": ""esit"", ""delist_cik"": true, ""k_min"": 2, ""k_oran"": 0.5, ""min_uye"": 10, ""notr"": ""dolar"", ""oyn_gun"": 30, ""reb"": 7, ""skor"": ""fon_3+mom_28+oyn_60"", ""tampon"": 0.0, ""top_n"": 30, ""yan"": ""ls""}",1.0,0.13434983346482543,1.420096069592368,-0.020320085810153987,1971,0.027724847327232252,-0.0038193127376353153,3.864196536211449,0.9042224510813595,0.008697777777777776,-0.022537876,0.01678373202666433,0.0002
t2_genis_evren_1d_fon_3Pmom_28Poyn_60_r7_k05,1d,"{""beta_gun"": 60, ""boyut"": ""esit"", ""delist_cik"": true, ""k_min"": 2, ""k_oran"": 0.5, ""min_uye"": 10, ""notr"": ""dolar"", ""oyn_gun"": 30, ""reb"": 7, ""skor"": ""fon_3+mom_28+oyn_60"", ""tampon"": 0.0, ""top_n"": 30, ""yan"": ""ls""}",2.0,0.12452643798341612,1.3223298545238866,-0.02360666145059298,1971,0.026088272526334548,-0.0038175234693762113,3.6350011385153063,0.9042224510813595,0.017395555555555553,-0.022537876,0.016788367553091713,0.0008
t2_genis_evren_1d_fon_3_r3_k02,1d,"{""beta_gun"": 60, ""boyut"": ""esit"", ""delist_cik"": true, ""k_min"": 2, ""k_oran"": 0.2, ""min_uye"": 10, ""notr"": ""dolar"", ""oyn_gun"": 30, ""reb"": 3, ""skor"": ""fon_3"", ""tampon"": 0.0, ""top_n"": 30, ""yan"": ""ls""}",1.0,0.050453031294480644,0.8362104562127356,-0.03240794564550553,3071,0.009828650213862724,-0.0005059207317971526,2.0317662399956733,0.9088568486096807,0.013622222222222221,-0.03495494726984127,0.011137532991166633,0.0368
t2_genis_evren_1d_fon_3_r3_k02,1d,"{""beta_gun"": 60, ""boyut"": ""esit"", ""delist_cik"": true, ""k_min"": 2, ""k_oran"": 0.2, ""min_uye"": 10, ""notr"": ""dolar"", ""oyn_gun"": 30, ""reb"": 3, ""skor"": ""fon_3"", ""tampon"": 0.0, ""top_n"": 30, ""yan"": ""ls""}",2.0,0.03624116758556695,0.606607635765951,-0.03948758979320488,3071,0.007275647702920408,-0.000513089299145502,1.5047309932545974,0.9088568486096807,0.027244444444444443,-0.03495494726984127,0.011132430195093792,0.1014
t2_genis_evren_1d_fon_3_r3_k05,1d,"{""beta_gun"": 60, ""boyut"": ""esit"", ""delist_cik"": true, ""k_min"": 2, ""k_oran"": 0.5, ""min_uye"": 10, ""notr"": ""dolar"", ""oyn_gun"": 30, ""reb"": 3, ""skor"": ""fon_3"", ""tampon"": 0.0, ""top_n"": 30, ""yan"": ""ls""}",1.0,0.04030655550620321,0.4779865594568315,-0.05353620811392279,4879,0.008236012979129442,-0.00067175038345735,1.2001010077576313,0.9088568486096807,0.021617777777777777,-0.04311275444444444,0.015799128224865476,0.151
t2_genis_evren_1d_fon_3_r3_k05,1d,"{""beta_gun"": 60, ""boyut"": ""esit"", ""delist_cik"": true, ""k_min"": 2, ""k_oran"": 0.5, ""min_uye"": 10, ""notr"": ""dolar"", ""oyn_gun"": 30, ""reb"": 3, ""skor"": ""fon_3"", ""tampon"": 0.0, ""top_n"": 30, ""yan"": ""ls""}",2.0,0.018059623253133372,0.22090206840154364,-0.066342764403444,4879,0.004180805130692282,-0.0006794725149706612,0.6094473979442963,0.9088568486096807,0.043235555555555555,-0.04311275444444444,0.015792959249555507,0.3258
t2_genis_evren_1d_fon_3_r14_k02,1d,"{""beta_gun"": 60, ""boyut"": ""esit"", ""delist_cik"": true, ""k_min"": 2, ""k_oran"": 0.2, ""min_uye"": 10, ""notr"": ""dolar"", ""oyn_gun"": 30, ""reb"": 14, ""skor"": ""fon_3"", ""tampon"": 0.0, ""top_n"": 30, ""yan"": ""ls""}",1.0,0.020438143546673615,0.37950191197086897,-0.043596778294213934,944,0.003621049621899135,0.00022889218674364254,0.8204849212526059,0.907826982492276,0.004168888888888889,-0.024116068190476188,0.01015593885618075,0.226
t2_genis_evren_1d_fon_3_r14_k02,1d,"{""beta_gun"": 60, ""boyut"": ""esit"", ""delist_cik"": true, ""k_min"": 2, ""k_oran"": 0.2, ""min_uye"": 10, ""notr"": ""dolar"", ""oyn_gun"": 30, ""reb"": 14, ""skor"": ""fon_3"", ""tampon"": 0.0, ""top_n"": 30, ""yan"": ""ls""}",2.0,0.016192549433618808,0.3021367277371149,-0.0465171051193739,944,0.002838423987641826,0.00022798957759385946,0.6426959799252738,0.907826982492276,0.008337777777777777,-0.024116068190476188,0.010163124518964166,0.274
t2_genis_evren_1d_fon_3_r14_k05,1d,"{""beta_gun"": 60, ""boyut"": ""esit"", ""delist_cik"": true, ""k_min"": 2, ""k_oran"": 0.5, ""min_uye"": 10, ""notr"": ""dolar"", ""oyn_gun"": 30, ""reb"": 14, ""skor"": ""fon_3"", ""tampon"": 0.0, ""top_n"": 30, ""yan"": ""ls""}",1.0,0.07056960994832706,0.840644807798416,-0.029668749800059624,1584,0.012420804839241127,0.0005048453612019495,1.857926238618837,0.907826982492276,0.006973333333333333,-0.029517718952380954,0.015387043400068834,0.0348
t2_genis_evren_1d_fon_3_r14_k05,1d,"{""beta_gun"": 60, ""boyut"": ""esit"", ""delist_cik"": true, ""k_min"": 2, ""k_oran"": 0.5, ""min_uye"": 10, ""notr"": ""dolar"", ""oyn_gun"": 30, ""reb"": 14, ""skor"": ""fon_3"", ""tampon"": 0.0, ""top_n"": 30, ""yan"": ""ls""}",2.0,0.0631298071035915,0.7551405783730544,-0.0341072239590825,1584,0.01111026908833713,0.0005047411010150499,1.6611762122337557,0.907826982492276,0.013946666666666666,-0.029517718952380954,0.015393684996774754,0.0516
t2_genis_evren_1d_fon_3_r7_k05_beta,1d,"{""beta_gun"": 60, ""boyut"": ""esit"", ""delist_cik"": true, ""k_min"": 2, ""k_oran"": 0.5, ""min_uye"": 10, ""notr"": ""beta"", ""oyn_gun"": 30, ""reb"": 7, ""skor"": ""fon_3"", ""tampon"": 0.0, ""top_n"": 30, ""yan"": ""ls""}",1.0,0.09909871937443437,1.2559828129492112,-0.0229139168133361,2607,0.01644249767959425,0.0013926229085630818,2.668370503159748,0.9042224510813595,0.01140859397250275,-0.03235847530982382,0.014220749814077513,0.0054
t2_genis_evren_1d_fon_3_r7_k05_beta,1d,"{""beta_gun"": 60, ""boyut"": ""esit"", ""delist_cik"": true, ""k_min"": 2, ""k_oran"": 0.5, ""min_uye"": 10, ""notr"": ""beta"", ""oyn_gun"": 30, ""reb"": 7, ""skor"": ""fon_3"", ""tampon"": 0.0, ""top_n"": 30, ""yan"": ""ls""}",2.0,0.08663068473624014,1.1045535995977314,-0.028695833340686816,2607,0.0142989012952275,0.0013919795572230962,2.319126121738344,0.9042224510813595,0.0228171879450055,-0.03235847530982382,0.014229065624516183,0.011
t2_genis_evren_1d_fon_3_r7_k05_ters_oyn,1d,"{""beta_gun"": 60, ""boyut"": ""ters_oyn"", ""delist_cik"": true, ""k_min"": 2, ""k_oran"": 0.5, ""min_uye"": 10, ""notr"": ""dolar"", ""oyn_gun"": 30, ""reb"": 7, ""skor"": ""fon_3"", ""tampon"": 0.0, ""top_n"": 30, ""yan"": ""ls""}",1.0,0.0544379909851227,1.3031039972530671,-0.010703382420563456,2657,0.010313591564179913,-0.0003153405809579326,3.096262034380374,0.907826982492276,0.0070508455343385006,-0.01741295045988366,0.007668142399030491,0.0022
t2_genis_evren_1d_fon_3_r7_k05_ters_oyn,1d,"{""beta_gun"": 60, ""boyut"": ""ters_oyn"", ""delist_cik"": true, ""k_min"": 2, ""k_oran"": 0.5, ""min_uye"": 10, ""notr"": ""dolar"", ""oyn_gun"": 30, ""reb"": 7, ""skor"": ""fon_3"", ""tampon"": 0.0, ""top_n"": 30, ""yan"": ""ls""}",2.0,0.04702929263863265,1.1290581625654665,-0.010791048818788118,2657,0.008988596348946321,-0.0003155518490155039,2.695555656793559,0.907826982492276,0.014101691068677001,-0.01741295045988366,0.007676466002446632,0.0082
t2_genis_evren_1d_fon_3_r7_k05_sira,1d,"{""beta_gun"": 60, ""boyut"": ""sira"", ""delist_cik"": true, ""k_min"": 2, ""k_oran"": 0.5, ""min_uye"": 10, ""notr"": ""dolar"", ""oyn_gun"": 30, ""reb"": 7, ""skor"": ""fon_3"", ""tampon"": 0.0, ""top_n"": 30, ""yan"": ""ls""}",1.0,0.0646754297510379,1.172743481664321,-0.019238167227500935,2655,0.01235630485915298,-0.0005167941733588785,2.8206954652229883,0.907826982492276,0.007906493494875138,-0.03062146367085297,0.010087372672122868,0.005
t2_genis_evren_1d_fon_3_r7_k05_sira,1d,"{""beta_gun"": 60, ""boyut"": ""sira"", ""delist_cik"": true, ""k_min"": 2, ""k_oran"": 0.5, ""min_uye"": 10, ""notr"": ""dolar"", ""oyn_gun"": 30, ""reb"": 7, ""skor"": ""fon_3"", ""tampon"": 0.0, ""top_n"": 30, ""yan"": ""ls""}",2.0,0.05629065419905799,1.0247681073979384,-0.022247613680259626,2655,0.01086921970029189,-0.0005157582097506496,2.479617207355787,0.907826982492276,0.015812986989750276,-0.03062146367085297,0.010093864692771687,0.0144
t2_genis_evren_1d_fon_3_r7_k05_n20,1d,"{""beta_gun"": 60, ""boyut"": ""esit"", ""delist_cik"": true, ""k_min"": 2, ""k_oran"": 0.5, ""min_uye"": 10, ""notr"": ""dolar"", ""oyn_gun"": 30, ""reb"": 7, ""skor"": ""fon_3"", ""tampon"": 0.0, ""top_n"": 20, ""yan"": ""ls""}",1.0,0.07101973404738704,1.088511856648517,-0.014828478894211794,1878,0.013083031287487314,-0.00011424902925227985,2.527044373339116,0.907826982492276,0.008302222222222221,-0.023620233333333334,0.011912279724844703,0.003
t2_genis_evren_1d_fon_3_r7_k05_n20,1d,"{""beta_gun"": 60, ""boyut"": ""esit"", ""delist_cik"": true, ""k_min"": 2, ""k_oran"": 0.5, ""min_uye"": 10, ""notr"": ""dolar"", ""oyn_gun"": 30, ""reb"": 7, ""skor"": ""fon_3"", ""tampon"": 0.0, ""top_n"": 20, ""yan"": ""ls""}",2.0,0.06216428884188119,0.9566844221809849,-0.015985138346602534,1878,0.011522036972056072,-0.00011367279848661296,2.2235878385430734,0.907826982492276,0.016604444444444443,-0.023620233333333334,0.011922688492135708,0.0072
t2_genis_evren_1d_fon_3_r7_k033,1d,"{""beta_gun"": 60, ""boyut"": ""esit"", ""delist_cik"": true, ""k_min"": 2, ""k_oran"": 0.33, ""min_uye"": 10, ""notr"": ""dolar"", ""oyn_gun"": 30, ""reb"": 7, ""skor"": ""fon_3"", ""tampon"": 0.0, ""top_n"": 30, ""yan"": ""ls""}",1.0,0.0657617657538947,0.9043553949829786,-0.025010247066065583,2321,0.012951353895375037,-0.0008754808625065884,2.23768048907419,0.907826982492276,0.010271111111111111,-0.03520746434920635,0.013335015128529429,0.0252
t2_genis_evren_1d_fon_3_r7_k033,1d,"{""beta_gun"": 60, ""boyut"": ""esit"", ""delist_cik"": true, ""k_min"": 2, ""k_oran"": 0.33, ""min_uye"": 10, ""notr"": ""dolar"", ""oyn_gun"": 30, ""reb"": 7, ""skor"": ""fon_3"", ""tampon"": 0.0, ""top_n"": 30, ""yan"": ""ls""}",2.0,0.05487100099982656,0.7591660202848763,-0.03119634539333349,2321,0.011019151657888915,-0.0008737715617854949,1.9027694142019818,0.907826982492276,0.020542222222222222,-0.03520746434920635,0.0133424461209461,0.0564
t2_genis_evren_1d_mom_28_r3_k02,1d,"{""beta_gun"": 60, ""boyut"": ""esit"", ""delist_cik"": true, ""k_min"": 2, ""k_oran"": 0.2, ""min_uye"": 10, ""notr"": ""dolar"", ""oyn_gun"": 30, ""reb"": 3, ""skor"": ""mom_28"", ""tampon"": 0.0, ""top_n"": 30, ""yan"": ""ls""}",1.0,0.05955126965708568,0.8167393286527072,-0.017254611437566125,2030,0.011627842177618876,-0.0006534248015337906,1.9947710273826418,0.9088568486096807,0.008995555555555555,-0.00572888073015873,0.013421989262738892,0.0248
t2_genis_evren_1d_mom_28_r3_k02,1d,"{""beta_gun"": 60, ""boyut"": ""esit"", ""delist_cik"": true, ""k_min"": 2, ""k_oran"": 0.2, ""min_uye"": 10, ""notr"": ""dolar"", ""oyn_gun"": 30, ""reb"": 3, ""skor"": ""mom_28"", ""tampon"": 0.0, ""top_n"": 30, ""yan"": ""ls""}",2.0,0.05006311100207905,0.6908385317910183,-0.01781362982821466,2030,0.00994171926677933,-0.0006579377316902509,1.7056943981237105,0.9088568486096807,0.01799111111111111,-0.00572888073015873,0.013420714553384326,0.049
t2_genis_evren_1d_mom_28_r3_k05,1d,"{""beta_gun"": 60, ""boyut"": ""esit"", ""delist_cik"": true, ""k_min"": 2, ""k_oran"": 0.5, ""min_uye"": 10, ""notr"": ""dolar"", ""oyn_gun"": 30, ""reb"": 3, ""skor"": ""mom_28"", ""tampon"": 0.0, ""top_n"": 30, ""yan"": ""ls""}",1.0,0.09356521844251553,0.8905654411453635,-0.02071503651131945,3173,0.01766128078617462,-0.0006558979875935742,2.1304016856040486,0.9088568486096807,0.014035555555555555,-0.004619869714285714,0.019081344443037607,0.0158
t2_genis_evren_1d_mom_28_r3_k05,1d,"{""beta_gun"": 60, ""boyut"": ""esit"", ""delist_cik"": true, ""k_min"": 2, ""k_oran"": 0.5, ""min_uye"": 10, ""notr"": ""dolar"", ""oyn_gun"": 30, ""reb"": 3, ""skor"": ""mom_28"", ""tampon"": 0.0, ""top_n"": 30, ""yan"": ""ls""}",2.0,0.07832445167391966,0.7523810206607607,-0.025038819126790846,3173,0.015038568549646589,-0.000670897442818725,1.8142243868387602,0.9088568486096807,0.02807111111111111,-0.004619869714285714,0.0190796882438341,0.0376
t2_genis_evren_1d_mom_28_r14_k02,1d,"{""beta_gun"": 60, ""boyut"": ""esit"", ""delist_cik"": true, ""k_min"": 2, ""k_oran"": 0.2, ""min_uye"": 10, ""notr"": ""dolar"", ""oyn_gun"": 30, ""reb"": 14, ""skor"": ""mom_28"", ""tampon"": 0.0, ""top_n"": 30, ""yan"": ""ls""}",1.0,0.02245827390311561,0.34977023758247117,-0.019865908406300647,958,0.003774108650567668,0.0004653213724931618,0.7153056827246476,0.907826982492276,0.004231111111111111,-0.001967126603174603,0.012145352955970655,0.192
t2_genis_evren_1d_mom_28_r14_k02,1d,"{""beta_gun"": 60, ""boyut"": ""esit"", ""delist_cik"": true, ""k_min"": 2, ""k_oran"": 0.2, ""min_uye"": 10, ""notr"": ""dolar"", ""oyn_gun"": 30, ""reb"": 14, ""skor"": ""mom_28"", ""tampon"": 0.0, ""top_n"": 30, ""yan"": ""ls""}",2.0,0.01814149114195973,0.28435412729768195,-0.020660246911712976,958,0.0029808437572536586,0.00046338258885492606,0.5650771135118201,0.907826982492276,0.008462222222222222,-0.001967126603174603,0.01214275766559172,0.2456
t2_genis_evren_1d_mom_28_r14_k05,1d,"{""beta_gun"": 60, ""boyut"": ""esit"", ""delist_cik"": true, ""k_min"": 2, ""k_oran"": 0.5, ""min_uye"": 10, ""notr"": ""dolar"", ""oyn_gun"": 30, ""reb"": 14, ""skor"": ""mom_28"", ""tampon"": 0.0, ""top_n"": 30, ""yan"": ""ls""}",1.0,0.05460560808446968,0.5888615971152759,-0.02470997022623589,1593,0.008663871660523669,0.0014502272192503814,1.160110342579922,0.907826982492276,0.007013333333333333,-0.002714861238095238,0.017221477654807832,0.071
t2_genis_evren_1d_mom_28_r14_k05,1d,"{""beta_gun"": 60, ""boyut"": ""esit"", ""delist_cik"": true, ""k_min"": 2, ""k_oran"": 0.5, ""min_uye"": 10, ""notr"": ""dolar"", ""oyn_gun"": 30, ""reb"": 14, ""skor"": ""mom_28"", ""tampon"": 0.0, ""top_n"": 30, ""yan"": ""ls""}",2.0,0.047235789988557375,0.5124518289357364,-0.026420522391318868,1593,0.007353691719477585,0.0014423928727354005,0.984905321015193,0.907826982492276,0.014026666666666666,-0.002714861238095238,0.017217046297369063,0.0986
t2_genis_evren_1d_mom_28_r7_k05_beta,1d,"{""beta_gun"": 60, ""boyut"": ""esit"", ""delist_cik"": true, ""k_min"": 2, ""k_oran"": 0.5, ""min_uye"": 10, ""notr"": ""beta"", ""oyn_gun"": 30, ""reb"": 7, ""skor"": ""mom_28"", ""tampon"": 0.0, ""top_n"": 30, ""yan"": ""ls""}",1.0,0.056003700942807155,0.6473399571523398,-0.0179146833889271,2076,0.009604110569841012,0.0007520292167809653,1.3803641377643905,0.9042224510813595,0.009110320152880123,-0.00717381728622437,0.01601959552216377,0.0546
t2_genis_evren_1d_mom_28_r7_k05_beta,1d,"{""beta_gun"": 60, ""boyut"": ""esit"", ""delist_cik"": true, ""k_min"": 2, ""k_oran"": 0.5, ""min_uye"": 10, ""notr"": ""beta"", ""oyn_gun"": 30, ""reb"": 7, ""skor"": ""mom_28"", ""tampon"": 0.0, ""top_n"": 30, ""yan"": ""ls""}",2.0,0.04642629851369984,0.5401498062679361,-0.02053057335166686,2076,0.007892876088245585,0.0007509931320145193,1.133775656992206,0.9042224510813595,0.018220640305760247,-0.00717381728622437,0.016028580118681565,0.0912
t2_genis_evren_1d_mom_28_r7_k05_ters_oyn,1d,"{""beta_gun"": 60, ""boyut"": ""ters_oyn"", ""delist_cik"": true, ""k_min"": 2, ""k_oran"": 0.5, ""min_uye"": 10, ""notr"": ""dolar"", ""oyn_gun"": 30, ""reb"": 7, ""skor"": ""mom_28"", ""tampon"": 0.0, ""top_n"": 30, ""yan"": ""ls""}",1.0,0.050027624931096915,0.9706748700546274,-0.009998295894250608,2135,0.009323394472799758,-0.00010122555549915024,2.2584253813781747,0.907826982492276,0.005951148585953245,-0.0008726099463269406,0.009498841315489283,0.0128
t2_genis_evren_1d_mom_28_r7_k05_ters_oyn,1d,"{""beta_gun"": 60, ""boyut"": ""ters_oyn"", ""delist_cik"": true, ""k_min"": 2, ""k_oran"": 0.5, ""min_uye"": 10, ""notr"": ""dolar"", ""oyn_gun"": 30, ""reb"": 7, ""skor"": ""mom_28"", ""tampon"": 0.0, ""top_n"": 30, ""yan"": ""ls""}",2.0,0.043797217056408044,0.8525128092404923,-0.011620511770655817,2135,0.008207079066784759,-0.00010339161770856695,1.9870686578714025,0.907826982492276,0.01190229717190649,-0.0008726099463269406,0.009503393643061738,0.0252
t2_genis_evren_1d_mom_28_r7_k05_sira,1d,"{""beta_gun"": 60, ""boyut"": ""sira"", ""delist_cik"": true, ""k_min"": 2, ""k_oran"": 0.5, ""min_uye"": 10, ""notr"": ""dolar"", ""oyn_gun"": 30, ""reb"": 7, ""skor"": ""mom_28"", ""tampon"": 0.0, ""top_n"": 30, ""yan"": ""ls""}",1.0,0.05487658140366802,0.8040761677492406,-0.013768183363909059,2135,0.010264115468502002,-0.00014116117611084886,1.876411404541715,0.907826982492276,0.006443923108653243,-0.0045739841761699915,0.0125862818855903,0.0236
t2_genis_evren_1d_mom_28_r7_k05_sira,1d,"{""beta_gun"": 60, ""boyut"": ""sira"", ""delist_cik"": true, ""k_min"": 2, ""k_oran"": 0.5, ""min_uye"": 10, ""notr"": ""dolar"", ""oyn_gun"": 30, ""reb"": 7, ""skor"": ""mom_28"", ""tampon"": 0.0, ""top_n"": 30, ""yan"": ""ls""}",2.0,0.0481006670618791,0.7075306486296301,-0.014938384852194009,2135,0.00905342659711119,-0.0001416030853968468,1.6543373969138313,0.907826982492276,0.012887846217306487,-0.0045739841761699915,0.012591949654412385,0.039
t2_genis_evren_1d_mom_28_r7_k05_n20,1d,"{""beta_gun"": 60, ""boyut"": ""esit"", ""delist_cik"": true, ""k_min"": 2, ""k_oran"": 0.5, ""min_uye"": 10, ""notr"": ""dolar"", ""oyn_gun"": 30, ""reb"": 7, ""skor"": ""mom_28"", ""tampon"": 0.0, ""top_n"": 20, ""yan"": ""ls""}",1.0,0.05198507493956894,0.7238523973190987,-0.015251340127432456,1457,0.00987610059447603,-0.0002579144628907365,1.71118627859105,0.907826982492276,0.0064311111111111105,-0.0037073877460317467,0.01328087062111614,0.039
t2_genis_evren_1d_mom_28_r7_k05_n20,1d,"{""beta_gun"": 60, ""boyut"": ""esit"", ""delist_cik"": true, ""k_min"": 2, ""k_oran"": 0.5, ""min_uye"": 10, ""notr"": ""dolar"", ""oyn_gun"": 30, ""reb"": 7, ""skor"": ""mom_28"", ""tampon"": 0.0, ""top_n"": 20, ""yan"": ""ls""}",2.0,0.0452411138163209,0.6325825044428953,-0.016001308582708318,1457,0.008667560417383879,-0.00025810177861993833,1.5011784326118056,0.907826982492276,0.012862222222222221,-0.0037073877460317467,0.013286265431728023,0.0676
t2_genis_evren_1d_mom_28_r7_k033,1d,"{""beta_gun"": 60, ""boyut"": ""esit"", ""delist_cik"": true, ""k_min"": 2, ""k_oran"": 0.33, ""min_uye"": 10, ""notr"": ""dolar"", ""oyn_gun"": 30, ""reb"": 7, ""skor"": ""mom_28"", ""tampon"": 0.0, ""top_n"": 30, ""yan"": ""ls""}",1.0,0.08365250754035536,0.9411996058757601,-0.017296192449673953,1842,0.015638641568182832,-0.0004005851693102158,2.2239963843600634,0.907826982492276,0.00814222222222222,-0.004368494095238096,0.016182122422738927,0.0074
t2_genis_evren_1d_mom_28_r7_k033,1d,"{""beta_gun"": 60, ""boyut"": ""esit"", ""delist_cik"": true, ""k_min"": 2, ""k_oran"": 0.33, ""min_uye"": 10, ""notr"": ""dolar"", ""oyn_gun"": 30, ""reb"": 7, ""skor"": ""mom_28"", ""tampon"": 0.0, ""top_n"": 30, ""yan"": ""ls""}",2.0,0.07486452273877808,0.8461733887316124,-0.018802106506120797,1842,0.014109940803091523,-0.0004021898428641556,2.005517615141644,0.907826982492276,0.01628444444444444,-0.004368494095238096,0.016190856567133798,0.014
t2_genis_evren_1d_mom_90_r3_k02,1d,"{""beta_gun"": 60, ""boyut"": ""esit"", ""delist_cik"": true, ""k_min"": 2, ""k_oran"": 0.2, ""min_uye"": 10, ""notr"": ""dolar"", ""oyn_gun"": 30, ""reb"": 3, ""skor"": ""mom_90"", ""tampon"": 0.0, ""top_n"": 30, ""yan"": ""ls""}",1.0,0.05803516380311646,0.9972532024100571,-0.011703897120553086,1003,0.010128465824953617,0.0005220380394494379,2.181705551961467,0.884140061791967,0.004435555555555555,-0.005612222984126984,0.010689573610115286,0.0062
t2_genis_evren_1d_mom_90_r3_k02,1d,"{""beta_gun"": 60, ""boyut"": ""esit"", ""delist_cik"": true, ""k_min"": 2, ""k_oran"": 0.2, ""min_uye"": 10, ""notr"": ""dolar"", ""oyn_gun"": 30, ""reb"": 3, ""skor"": ""mom_90"", ""tampon"": 0.0, ""top_n"": 30, ""yan"": ""ls""}",2.0,0.05335263535934143,0.9191544410174856,-0.011888426912307182,1003,0.009298797741939561,0.0005181139151287252,2.0027293989792025,0.884140061791967,0.00887111111111111,-0.005612222984126984,0.010690854439135575,0.0106
t2_genis_evren_1d_mom_90_r3_k05,1d,"{""beta_gun"": 60, ""boyut"": ""esit"", ""delist_cik"": true, ""k_min"": 2, ""k_oran"": 0.5, ""min_uye"": 10, ""notr"": ""dolar"", ""oyn_gun"": 30, ""reb"": 3, ""skor"": ""mom_90"", ""tampon"": 0.0, ""top_n"": 30, ""yan"": ""ls""}",1.0,0.07698271437414173,0.8982741388654486,-0.01904044014149242,1545,0.013384746524551648,0.0006646641789262268,1.9683950085539716,0.884140061791967,0.006808888888888889,-0.005807478412698413,0.015654208415172913,0.0124
t2_genis_evren_1d_mom_90_r3_k05,1d,"{""beta_gun"": 60, ""boyut"": ""esit"", ""delist_cik"": true, ""k_min"": 2, ""k_oran"": 0.5, ""min_uye"": 10, ""notr"": ""dolar"", ""oyn_gun"": 30, ""reb"": 3, ""skor"": ""mom_90"", ""tampon"": 0.0, ""top_n"": 30, ""yan"": ""ls""}",2.0,0.06967467369472047,0.8164326921687189,-0.01925416443697836,1545,0.012110429783084334,0.0006593453050527417,1.7807753501275843,0.884140061791967,0.013617777777777777,-0.005807478412698413,0.015655958149355588,0.0192
t2_genis_evren_1d_mom_90_r14_k02,1d,"{""beta_gun"": 60, ""boyut"": ""esit"", ""delist_cik"": true, ""k_min"": 2, ""k_oran"": 0.2, ""min_uye"": 10, ""notr"": ""dolar"", ""oyn_gun"": 30, ""reb"": 14, ""skor"": ""mom_90"", ""tampon"": 0.0, ""top_n"": 30, ""yan"": ""ls""}",1.0,0.05463207244654811,0.9392238535671216,-0.013542477654434837,512,0.008590516223808424,0.0014376128825668393,1.8568488712890971,0.8789907312049433,0.002253333333333333,-0.002577067619047619,0.010705501625389932,0.0152
t2_genis_evren_1d_mom_90_r14_k02,1d,"{""beta_gun"": 60, ""boyut"": ""esit"", ""delist_cik"": true, ""k_min"": 2, ""k_oran"": 0.2, ""min_uye"": 10, ""notr"": ""dolar"", ""oyn_gun"": 30, ""reb"": 14, ""skor"": ""mom_90"", ""tampon"": 0.0, ""top_n"": 30, ""yan"": ""ls""}",2.0,0.05225846203390572,0.8997878429281378,-0.01371775772339201,512,0.008165456673987482,0.0014391289634893398,1.7652402729637071,0.8789907312049433,0.004506666666666666,-0.002577067619047619,0.010704020164661746,0.0192
t2_genis_evren_1d_mom_90_r14_k05,1d,"{""beta_gun"": 60, ""boyut"": ""esit"", ""delist_cik"": true, ""k_min"": 2, ""k_oran"": 0.5, ""min_uye"": 10, ""notr"": ""dolar"", ""oyn_gun"": 30, ""reb"": 14, ""skor"": ""mom_90"", ""tampon"": 0.0, ""top_n"": 30, ""yan"": ""ls""}",1.0,0.06541494752062738,0.781522034583364,-0.021377400516986556,852,0.010326337514490079,0.0016705401318448494,1.5495246008515826,0.8789907312049433,0.003728888888888889,-0.003424324571428572,0.015390407357094777,0.0318
t2_genis_evren_1d_mom_90_r14_k05,1d,"{""beta_gun"": 60, ""boyut"": ""esit"", ""delist_cik"": true, ""k_min"": 2, ""k_oran"": 0.5, ""min_uye"": 10, ""notr"": ""dolar"", ""oyn_gun"": 30, ""reb"": 14, ""skor"": ""mom_90"", ""tampon"": 0.0, ""top_n"": 30, ""yan"": ""ls""}",2.0,0.06144973543070509,0.7360281767003919,-0.021933901930812016,852,0.009625939310968425,0.0016700997458347795,1.4445101711014208,0.8789907312049433,0.007457777777777778,-0.003424324571428572,0.015389486504110636,0.0404
t2_genis_evren_1d_mom_90_r7_k05_beta,1d,"{""beta_gun"": 60, ""boyut"": ""esit"", ""delist_cik"": true, ""k_min"": 2, ""k_oran"": 0.5, ""min_uye"": 10, ""notr"": ""beta"", ""oyn_gun"": 30, ""reb"": 7, ""skor"": ""mom_90"", ""tampon"": 0.0, ""top_n"": 30, ""yan"": ""ls""}",1.0,0.07266363358917327,0.9219349137341316,-0.01813746321276999,1097,0.011560353977765373,0.0016959385724960216,1.8535479801577597,0.88259526261586,0.00488492566685649,-0.006689977919622114,0.01441298022013799,0.0174
t2_genis_evren_1d_mom_90_r7_k05_beta,1d,"{""beta_gun"": 60, ""boyut"": ""esit"", ""delist_cik"": true, ""k_min"": 2, ""k_oran"": 0.5, ""min_uye"": 10, ""notr"": ""beta"", ""oyn_gun"": 30, ""reb"": 7, ""skor"": ""mom_90"", ""tampon"": 0.0, ""top_n"": 30, ""yan"": ""ls""}",2.0,0.06743664742615874,0.8581886441682575,-0.018615217188707844,1097,0.010642355228647848,0.0016958150721496858,1.7062677415954304,0.88259526261586,0.00976985133371298,-0.006689977919622114,0.014413736669583638,0.0234
t2_genis_evren_1d_mom_90_r7_k05_ters_oyn,1d,"{""beta_gun"": 60, ""boyut"": ""ters_oyn"", ""delist_cik"": true, ""k_min"": 2, ""k_oran"": 0.5, ""min_uye"": 10, ""notr"": ""dolar"", ""oyn_gun"": 30, ""reb"": 7, ""skor"": ""mom_90"", ""tampon"": 0.0, ""top_n"": 30, ""yan"": ""ls""}",1.0,0.046302155347963225,1.006906614588753,-0.009510401365445231,1097,0.007803804879456728,0.0007258283422907237,2.1211305539970713,0.88259526261586,0.0036185558003305196,-0.0015804211858422897,0.008484531104738985,0.0102
t2_genis_evren_1d_mom_90_r7_k05_ters_oyn,1d,"{""beta_gun"": 60, ""boyut"": ""ters_oyn"", ""delist_cik"": true, ""k_min"": 2, ""k_oran"": 0.5, ""min_uye"": 10, ""notr"": ""dolar"", ""oyn_gun"": 30, ""reb"": 7, ""skor"": ""mom_90"", ""tampon"": 0.0, ""top_n"": 30, ""yan"": ""ls""}",2.0,0.04252289501321993,0.9265541634959275,-0.009865284942634833,1097,0.007124365102667826,0.0007251707354069696,1.9360392451659763,0.88259526261586,0.007237111600661039,-0.0015804211858422897,0.008486304620401723,0.0174
t2_genis_evren_1d_mom_90_r7_k05_sira,1d,"{""beta_gun"": 60, ""boyut"": ""sira"", ""delist_cik"": true, ""k_min"": 2, ""k_oran"": 0.5, ""min_uye"": 10, ""notr"": ""dolar"", ""oyn_gun"": 30, ""reb"": 7, ""skor"": ""mom_90"", ""tampon"": 0.0, ""top_n"": 30, ""yan"": ""ls""}",1.0,0.045549614884745404,0.7918298800417489,-0.015630747525492428,1097,0.007659156478875096,0.0007553341104003752,1.6581981433684843,0.88259526261586,0.0033190999121161125,-0.00443055820400373,0.010644377979090867,0.026
t2_genis_evren_1d_mom_90_r7_k05_sira,1d,"{""beta_gun"": 60, ""boyut"": ""sira"", ""delist_cik"": true, ""k_min"": 2, ""k_oran"": 0.5, ""min_uye"": 10, ""notr"": ""dolar"", ""oyn_gun"": 30, ""reb"": 7, ""skor"": ""mom_90"", ""tampon"": 0.0, ""top_n"": 30, ""yan"": ""ls""}",2.0,0.04208512763291239,0.7331860691209492,-0.015984076602197028,1097,0.007035072656940649,0.0007555865299151857,1.523008022591562,0.88259526261586,0.006638199824232225,-0.00443055820400373,0.01064492379015339,0.0354
t2_genis_evren_1d_mom_90_r7_k05_n20,1d,"{""beta_gun"": 60, ""boyut"": ""esit"", ""delist_cik"": true, ""k_min"": 2, ""k_oran"": 0.5, ""min_uye"": 10, ""notr"": ""dolar"", ""oyn_gun"": 30, ""reb"": 7, ""skor"": ""mom_90"", ""tampon"": 0.0, ""top_n"": 20, ""yan"": ""ls""}",1.0,0.017378582396267994,0.2781381160713128,-0.024505000513192488,743,0.002790417199476281,0.0005091122197048855,0.5399709900669337,0.88259526261586,0.0032666666666666664,-0.002773101746031746,0.011896955197065783,0.2562
t2_genis_evren_1d_mom_90_r7_k05_n20,1d,"{""beta_gun"": 60, ""boyut"": ""esit"", ""delist_cik"": true, ""k_min"": 2, ""k_oran"": 0.5, ""min_uye"": 10, ""notr"": ""dolar"", ""oyn_gun"": 30, ""reb"": 7, ""skor"": ""mom_90"", ""tampon"": 0.0, ""top_n"": 20, ""yan"": ""ls""}",2.0,0.014060564651515506,0.22652188967439044,-0.02479109085901343,743,0.0021775692791061317,0.0005080088084288728,0.4213620246677742,0.88259526261586,0.006533333333333333,-0.002773101746031746,0.011897414678311758,0.295
t2_genis_evren_1d_mom_90_r7_k033,1d,"{""beta_gun"": 60, ""boyut"": ""esit"", ""delist_cik"": true, ""k_min"": 2, ""k_oran"": 0.33, ""min_uye"": 10, ""notr"": ""dolar"", ""oyn_gun"": 30, ""reb"": 7, ""skor"": ""mom_90"", ""tampon"": 0.0, ""top_n"": 30, ""yan"": ""ls""}",1.0,0.05388350354095861,0.7197369574179416,-0.01955595780348951,919,0.008878743330108086,0.0010613533699719451,1.478989603711142,0.88259526261586,0.004044444444444444,-0.005707585238095237,0.013838157373629126,0.0372
t2_genis_evren_1d_mom_90_r7_k033,1d,"{""beta_gun"": 60, ""boyut"": ""esit"", ""delist_cik"": true, ""k_min"": 2, ""k_oran"": 0.33, ""min_uye"": 10, ""notr"": ""dolar"", ""oyn_gun"": 30, ""reb"": 7, ""skor"": ""mom_90"", ""tampon"": 0.0, ""top_n"": 30, ""yan"": ""ls""}",2.0,0.04962982029609364,0.6647882071773946,-0.019961224022484014,919,0.008117151981847051,0.0010627628831679787,1.352098594527189,0.88259526261586,0.008088888888888889,-0.005707585238095237,0.01383850910835803,0.053
t2_genis_evren_1d_fon_3_r1_k05_beta,1d,"{""beta_gun"": 60, ""boyut"": ""esit"", ""delist_cik"": true, ""k_min"": 2, ""k_oran"": 0.5, ""min_uye"": 10, ""notr"": ""beta"", ""oyn_gun"": 30, ""reb"": 1, ""skor"": ""fon_3"", ""tampon"": 0.0, ""top_n"": 30, ""yan"": ""ls""}",1.0,0.078957876416472,1.0117012252854385,-0.030237358133476055,6948,0.014164745833799813,0.0002159517856520368,2.2923354409130194,0.9057672502574665,0.03183064036321529,-0.0402035814287639,0.01421834137347565,0.0192
t2_genis_evren_1d_fon_3_r1_k05_beta,1d,"{""beta_gun"": 60, ""boyut"": ""esit"", ""delist_cik"": true, ""k_min"": 2, ""k_oran"": 0.5, ""min_uye"": 10, ""notr"": ""beta"", ""oyn_gun"": 30, ""reb"": 1, ""skor"": ""fon_3"", ""tampon"": 0.0, ""top_n"": 30, ""yan"": ""ls""}",2.0,0.04515583078011631,0.5909439403136626,-0.04448506000117003,6948,0.008193532897150834,0.00020478548130808133,1.3259996670593506,0.9057672502574665,0.06366128072643058,-0.0402035814287639,0.01421814478482036,0.1174
t2_genis_evren_1d_fon_3_r1_k02_t01,1d,"{""beta_gun"": 60, ""boyut"": ""esit"", ""delist_cik"": true, ""k_min"": 2, ""k_oran"": 0.2, ""min_uye"": 10, ""notr"": ""dolar"", ""oyn_gun"": 30, ""reb"": 1, ""skor"": ""fon_3"", ""tampon"": 0.1, ""top_n"": 30, ""yan"": ""ls""}",1.0,0.07634249713530106,1.26792838507899,-0.01615280871547342,2966,0.014459877077039461,-0.0005619317156706557,3.040059282743125,0.9098867147270855,0.013162222222222223,-0.03703883148412698,0.01095290240695261,0.0032
t2_genis_evren_1d_fon_3_r1_k02_t01,1d,"{""beta_gun"": 60, ""boyut"": ""esit"", ""delist_cik"": true, ""k_min"": 2, ""k_oran"": 0.2, ""min_uye"": 10, ""notr"": ""dolar"", ""oyn_gun"": 30, ""reb"": 1, ""skor"": ""fon_3"", ""tampon"": 0.1, ""top_n"": 30, ""yan"": ""ls""}",2.0,0.062268920752758694,1.0423366919216221,-0.01849816149081296,2966,0.01198928080275438,-0.0005651232153858254,2.52131795573713,0.9098867147270855,0.026324444444444445,-0.03703883148412698,0.010950059445413664,0.0122
t2_genis_evren_1d_fon_3_r1_k02_t02,1d,"{""beta_gun"": 60, ""boyut"": ""esit"", ""delist_cik"": true, ""k_min"": 2, ""k_oran"": 0.2, ""min_uye"": 10, ""notr"": ""dolar"", ""oyn_gun"": 30, ""reb"": 1, ""skor"": ""fon_3"", ""tampon"": 0.2, ""top_n"": 30, ""yan"": ""ls""}",1.0,0.050435108765828796,0.8629045483551474,-0.019930041408768306,2069,0.010220403750747243,-0.0008974625516666101,2.1851982061136797,0.9098867147270855,0.009172222222222222,-0.03543390234920635,0.010784799191554489,0.038
t2_genis_evren_1d_fon_3_r1_k02_t02,1d,"{""beta_gun"": 60, ""boyut"": ""esit"", ""delist_cik"": true, ""k_min"": 2, ""k_oran"": 0.2, ""min_uye"": 10, ""notr"": ""dolar"", ""oyn_gun"": 30, ""reb"": 1, ""skor"": ""fon_3"", ""tampon"": 0.2, ""top_n"": 30, ""yan"": ""ls""}",2.0,0.04084465735393583,0.7031704470632646,-0.024081492351454403,2069,0.008498688298603225,-0.0008996311352966793,1.8173965524296762,0.9098867147270855,0.018344444444444444,-0.03543390234920635,0.010783058282812912,0.0702
t2_genis_evren_1d_mom_28_r1_k02_t01,1d,"{""beta_gun"": 60, ""boyut"": ""esit"", ""delist_cik"": true, ""k_min"": 2, ""k_oran"": 0.2, ""min_uye"": 10, ""notr"": ""dolar"", ""oyn_gun"": 30, ""reb"": 1, ""skor"": ""mom_28"", ""tampon"": 0.1, ""top_n"": 30, ""yan"": ""ls""}",1.0,0.04068258406549452,0.581813926279639,-0.02224707030252915,1678,0.008733101617390064,-0.0011322808953822452,1.5460304172551182,0.9098867147270855,0.007434444444444445,-0.006354519587301588,0.013027816712548662,0.0758
t2_genis_evren_1d_mom_28_r1_k02_t01,1d,"{""beta_gun"": 60, ""boyut"": ""esit"", ""delist_cik"": true, ""k_min"": 2, ""k_oran"": 0.2, ""min_uye"": 10, ""notr"": ""dolar"", ""oyn_gun"": 30, ""reb"": 1, ""skor"": ""mom_28"", ""tampon"": 0.1, ""top_n"": 30, ""yan"": ""ls""}",2.0,0.03297478578836066,0.47469509324076675,-0.02426038969464106,1678,0.0073351682000017005,-0.0011316669393215235,1.298925786820705,0.9098867147270855,0.01486888888888889,-0.006354519587301588,0.013024059519495668,0.127
t2_genis_evren_1d_mom_28_r1_k02_t02,1d,"{""beta_gun"": 60, ""boyut"": ""esit"", ""delist_cik"": true, ""k_min"": 2, ""k_oran"": 0.2, ""min_uye"": 10, ""notr"": ""dolar"", ""oyn_gun"": 30, ""reb"": 1, ""skor"": ""mom_28"", ""tampon"": 0.2, ""top_n"": 30, ""yan"": ""ls""}",1.0,0.06189613995937626,0.8846849793559921,-0.011654945256862947,1177,0.012346223294654545,-0.0009581069850027462,2.2141047505602005,0.9098867147270855,0.005208888888888889,-0.006530979047619048,0.012852371100561357,0.0092
t2_genis_evren_1d_mom_28_r1_k02_t02,1d,"{""beta_gun"": 60, ""boyut"": ""esit"", ""delist_cik"": true, ""k_min"": 2, ""k_oran"": 0.2, ""min_uye"": 10, ""notr"": ""dolar"", ""oyn_gun"": 30, ""reb"": 1, ""skor"": ""mom_28"", ""tampon"": 0.2, ""top_n"": 30, ""yan"": ""ls""}",2.0,0.05637962902980864,0.8087254051745496,-0.012028284809127432,1177,0.01136645795203712,-0.0009573689831482822,2.038935366967882,0.9098867147270855,0.010417777777777778,-0.006530979047619048,0.012848967001863786,0.0192
t2_genis_evren_1d_mom_7_r1_k02_t01,1d,"{""beta_gun"": 60, ""boyut"": ""esit"", ""delist_cik"": true, ""k_min"": 2, ""k_oran"": 0.2, ""min_uye"": 10, ""notr"": ""dolar"", ""oyn_gun"": 30, ""reb"": 1, ""skor"": ""mom_7"", ""tampon"": 0.1, ""top_n"": 30, ""yan"": ""ls""}",1.0,0.07367036339695776,0.9772907405346782,-0.021662785735055534,4222,0.015207389536599395,-0.0017203570798174216,2.554016769730467,0.9098867147270855,0.018737777777777777,-0.0056501937777777775,0.013767695419999833,0.007
t2_genis_evren_1d_mom_7_r1_k02_t01,1d,"{""beta_gun"": 60, ""boyut"": ""esit"", ""delist_cik"": true, ""k_min"": 2, ""k_oran"": 0.2, ""min_uye"": 10, ""notr"": ""dolar"", ""oyn_gun"": 30, ""reb"": 1, ""skor"": ""mom_7"", ""tampon"": 0.1, ""top_n"": 30, ""yan"": ""ls""}",2.0,0.053739793616918385,0.7212812483781664,-0.02821114026061866,4222,0.011689119331715889,-0.0017237988203442735,1.9626013548696712,0.9098867147270855,0.037475555555555554,-0.0056501937777777775,0.013771694921915614,0.0322
t2_genis_evren_1d_mom_7_r1_k02_t02,1d,"{""beta_gun"": 60, ""boyut"": ""esit"", ""delist_cik"": true, ""k_min"": 2, ""k_oran"": 0.2, ""min_uye"": 10, ""notr"": ""dolar"", ""oyn_gun"": 30, ""reb"": 1, ""skor"": ""mom_7"", ""tampon"": 0.2, ""top_n"": 30, ""yan"": ""ls""}",1.0,0.05826968274747535,0.7914881105317169,-0.018918969101215155,3271,0.01243876386381091,-0.0016709705423723674,2.11992021360228,0.9098867147270855,0.01451111111111111,-0.005385294793650793,0.01356523281948236,0.0226
t2_genis_evren_1d_mom_7_r1_k02_t02,1d,"{""beta_gun"": 60, ""boyut"": ""esit"", ""delist_cik"": true, ""k_min"": 2, ""k_oran"": 0.2, ""min_uye"": 10, ""notr"": ""dolar"", ""oyn_gun"": 30, ""reb"": 1, ""skor"": ""mom_7"", ""tampon"": 0.2, ""top_n"": 30, ""yan"": ""ls""}",2.0,0.04302401886116103,0.5902819321627519,-0.024792268052529876,3271,0.009714498628365488,-0.0016740201502145923,1.6552316758821914,0.9098867147270855,0.02902222222222222,-0.005385294793650793,0.013568683884766123,0.0688
t2_genis_evren_1d_fon_3_r7_k05_dlFalse,1d,"{""beta_gun"": 60, ""boyut"": ""esit"", ""delist_cik"": false, ""k_min"": 2, ""k_oran"": 0.5, ""min_uye"": 10, ""notr"": ""dolar"", ""oyn_gun"": 30, ""reb"": 7, ""skor"": ""fon_3"", ""tampon"": 0.0, ""top_n"": 30, ""yan"": ""ls""}",1.0,0.10470033564694115,1.2143519039585786,-0.025269684069874176,2656,0.019294020750256952,-0.0004499391867607973,2.862773450526445,0.907826982492276,0.011733333333333332,-0.03760170577777778,0.015510919510545533,0.004
t2_genis_evren_1d_fon_3_r7_k05_dlFalse,1d,"{""beta_gun"": 60, ""boyut"": ""esit"", ""delist_cik"": false, ""k_min"": 2, ""k_oran"": 0.5, ""min_uye"": 10, ""notr"": ""dolar"", ""oyn_gun"": 30, ""reb"": 7, ""skor"": ""fon_3"", ""tampon"": 0.0, ""top_n"": 30, ""yan"": ""ls""}",2.0,0.0918140069876332,1.0715063309943744,-0.03121517185805789,2656,0.017087617178210824,-0.00044884265159743,2.533809161668758,0.907826982492276,0.023466666666666663,-0.03760170577777778,0.015520606376890666,0.0102
t2_genis_evren_1d_mom_28_r7_k05_dlFalse,1d,"{""beta_gun"": 60, ""boyut"": ""esit"", ""delist_cik"": false, ""k_min"": 2, ""k_oran"": 0.5, ""min_uye"": 10, ""notr"": ""dolar"", ""oyn_gun"": 30, ""reb"": 7, ""skor"": ""mom_28"", ""tampon"": 0.0, ""top_n"": 30, ""yan"": ""ls""}",1.0,0.08713197045661936,0.8668378529859452,-0.01729079941393563,2135,0.016211024363838998,-0.0003350374365070275,2.037560993882535,0.907826982492276,0.009417777777777778,-0.004173253111111112,0.018307641532688112,0.0188
t2_genis_evren_1d_mom_28_r7_k05_dlFalse,1d,"{""beta_gun"": 60, ""boyut"": ""esit"", ""delist_cik"": false, ""k_min"": 2, ""k_oran"": 0.5, ""min_uye"": 10, ""notr"": ""dolar"", ""oyn_gun"": 30, ""reb"": 7, ""skor"": ""mom_28"", ""tampon"": 0.0, ""top_n"": 30, ""yan"": ""ls""}",2.0,0.07694140739588207,0.7698877137646275,-0.01849274960695879,2135,0.014444043816090844,-0.00033807703321187086,1.814848143450793,0.907826982492276,0.018835555555555557,-0.004173253111111112,0.01831394339659669,0.0326
